{"type":"FeatureCollection","features":[{"type":"Feature","geometry":{"type":"Polygon","coordinates":[[[23.31,0.37],[23.13,0.37],[23.14,1.27],[23.32,1.27],[23.31,0.37]]]},"properties":{"Image":"M190444453RC","Orbit":13111,"Incidence":42.97,"Emission":1.17,"Phase":41.8,"Slew":0.01,"SubSol Lat":0.7,"SubSol Lon":66.2,"Sun Azi":181,"Resolution":0.78,"Url":"https://data.lroc.im-ldi.com/lroc/view_lroc/LRO-L-LROC-3-CDR-V1.0/M190444453RC","Start Time":"2012-04-30 16:59:45.871+00","label":"M190444453RC"}},{"type":"Feature","geometry":{"type":"Polygon","coordinates":[[[23.47,0.37],[23.3,0.38],[23.31,1.28],[23.49,1.27],[23.47,0.37]]]},"properties":{"Image":"M190444453LC","Orbit":13111,"Incidence":42.8,"Emission":1.75,"Phase":44.55,"Slew":0.01,"SubSol Lat":0.7,"SubSol Lon":66.2,"Sun Azi":181,"Resolution":0.79,"Url":"https://data.lroc.im-ldi.com/lroc/view_lroc/LRO-L-LROC-3-CDR-V1.0/M190444453LC","Start Time":"2012-04-30 16:59:45.871+00","label":"M190444453LC"}},{"type":"Feature","geometry":{"type":"Polygon","coordinates":[[[23.36,-0.1],[23.13,-0.09],[23.18,1.26],[23.42,1.26],[23.36,-0.1]]]},"properties":{"Image":"M188099822RC","Orbit":12782,"Incidence":14.01,"Emission":30.83,"Phase":44.81,"Slew":-29.99,"SubSol Lat":1.26,"SubSol Lon":37.26,"Sun Azi":185,"Resolution":1.09,"Url":"https://data.lroc.im-ldi.com/lroc/view_lroc/LRO-L-LROC-3-CDR-V1.0/M188099822RC","Start Time":"2012-04-03 13:42:34.616+00","label":"M188099822RC"}},{"type":"Feature","geometry":{"type":"Polygon","coordinates":[[[23.6,-0.09],[23.35,-0.09],[23.41,1.26],[23.66,1.26],[23.6,-0.09]]]},"properties":{"Image":"M188099822LC","Orbit":12782,"Incidence":13.78,"Emission":33.81,"Phase":47.56,"Slew":-29.99,"SubSol Lat":1.26,"SubSol Lon":37.26,"Sun Azi":185,"Resolution":1.11,"Url":"https://data.lroc.im-ldi.com/lroc/view_lroc/LRO-L-LROC-3-CDR-V1.0/M188099822LC","Start Time":"2012-04-03 13:42:34.616+00","label":"M188099822LC"}},{"type":"Feature","geometry":{"type":"Polygon","coordinates":[[[23.52,0.13],[23.35,0.13],[23.36,1.03],[23.54,1.03],[23.52,0.13]]]},"properties":{"Image":"M188085530RC","Orbit":12781,"Incidence":15.85,"Emission":1.17,"Phase":14.68,"Slew":0.01,"SubSol Lat":1.26,"SubSol Lon":39.28,"Sun Azi":183,"Resolution":0.78,"Url":"https://data.lroc.im-ldi.com/lroc/view_lroc/LRO-L-LROC-3-CDR-V1.0/M188085530RC","Start Time":"2012-04-03 09:44:22.897+00","label":"M188085530RC"}},{"type":"Feature","geometry":{"type":"Polygon","coordinates":[[[23.69,0.13],[23.52,0.13],[23.53,1.03],[23.7,1.03],[23.69,0.13]]]},"properties":{"Image":"M188085530LC","Orbit":12781,"Incidence":15.68,"Emission":1.75,"Phase":17.43,"Slew":0.01,"SubSol Lat":1.26,"SubSol Lon":39.28,"Sun Azi":184,"Resolution":0.78,"Url":"https://data.lroc.im-ldi.com/lroc/view_lroc/LRO-L-LROC-3-CDR-V1.0/M188085530LC","Start Time":"2012-04-03 09:44:22.897+00","label":"M188085530LC"}},{"type":"Feature","geometry":{"type":"Polygon","coordinates":[[[23.71,0.01],[23.47,0.01],[23.45,1.37],[23.69,1.37],[23.71,0.01]]]},"properties":{"Image":"M188071231RC","Orbit":12779,"Incidence":17.71,"Emission":33.2,"Phase":15.53,"Slew":30,"SubSol Lat":1.27,"SubSol Lon":41.29,"Sun Azi":183,"Resolution":1.1,"Url":"https://data.lroc.im-ldi.com/lroc/view_lroc/LRO-L-LROC-3-CDR-V1.0/M188071231RC","Start Time":"2012-04-03 05:46:04.312+00","label":"M188071231RC"}},{"type":"Feature","geometry":{"type":"Polygon","coordinates":[[[23.93,0.01],[23.7,0.02],[23.68,1.37],[23.92,1.37],[23.93,0.01]]]},"properties":{"Image":"M188071231LC","Orbit":12779,"Incidence":17.49,"Emission":30.22,"Phase":12.79,"Slew":30,"SubSol Lat":1.27,"SubSol Lon":41.29,"Sun Azi":183,"Resolution":1.08,"Url":"https://data.lroc.im-ldi.com/lroc/view_lroc/LRO-L-LROC-3-CDR-V1.0/M188071231LC","Start Time":"2012-04-03 05:46:04.312+00","label":"M188071231LC"}},{"type":"Feature","geometry":{"type":"Polygon","coordinates":[[[23.72,-1.41],[23.74,0.43],[23.92,0.43],[23.89,-1.41],[23.72,-1.41]]]},"properties":{"Image":"M183367718LC","Orbit":12120,"Incidence":39.59,"Emission":1.74,"Phase":41.33,"Slew":-0.01,"SubSol Lat":1.42,"SubSol Lon":344.27,"Sun Azi":178,"Resolution":1.05,"Url":"https://data.lroc.im-ldi.com/lroc/view_lroc/LRO-L-LROC-3-CDR-V1.0/M183367718LC","Start Time":"2012-02-08 19:14:11.438+00","label":"M183367718LC"}},{"type":"Feature","geometry":{"type":"Polygon","coordinates":[[[21.92,-1.03],[21.94,0.24],[22.11,0.24],[22.1,-1.04],[21.92,-1.03]]]},"properties":{"Image":"M181023150RC","Orbit":11792,"Incidence":67.7,"Emission":1.17,"Phase":66.53,"Slew":0,"SubSol Lat":0.97,"SubSol Lon":314.32,"Sun Azi":180,"Resolution":1.06,"Url":"https://data.lroc.im-ldi.com/lroc/view_lroc/LRO-L-LROC-3-CDR-V1.0/M181023150RC","Start Time":"2012-01-12 15:58:03.658+00","label":"M181023150RC"}},{"type":"Feature","geometry":{"type":"Polygon","coordinates":[[[21.76,-1.04],[21.77,0.24],[21.94,0.23],[21.93,-1.04],[21.76,-1.04]]]},"properties":{"Image":"M181023150LC","Orbit":11792,"Incidence":67.54,"Emission":1.74,"Phase":69.28,"Slew":0,"SubSol Lat":0.97,"SubSol Lon":314.32,"Sun Azi":180,"Resolution":1.06,"Url":"https://data.lroc.im-ldi.com/lroc/view_lroc/LRO-L-LROC-3-CDR-V1.0/M181023150LC","Start Time":"2012-01-12 15:58:03.658+00","label":"M181023150LC"}},{"type":"Feature","geometry":{"type":"Polygon","coordinates":[[[23.02,-0.17],[23.04,1.71],[23.22,1.71],[23.19,-0.17],[23.02,-0.17]]]},"properties":{"Image":"M181016020RC","Orbit":11791,"Incidence":67.78,"Emission":1.18,"Phase":66.61,"Slew":0,"SubSol Lat":0.97,"SubSol Lon":315.32,"Sun Azi":180,"Resolution":1.07,"Url":"https://data.lroc.im-ldi.com/lroc/view_lroc/LRO-L-LROC-3-CDR-V1.0/M181016020RC","Start Time":"2012-01-12 13:59:13.077+00","label":"M181016020RC"}},{"type":"Feature","geometry":{"type":"Polygon","coordinates":[[[22.85,-0.17],[22.87,1.71],[23.04,1.7],[23.02,-0.17],[22.85,-0.17]]]},"properties":{"Image":"M181016020LC","Orbit":11791,"Incidence":67.61,"Emission":1.75,"Phase":69.36,"Slew":0,"SubSol Lat":0.97,"SubSol Lon":315.32,"Sun Azi":180,"Resolution":1.08,"Url":"https://data.lroc.im-ldi.com/lroc/view_lroc/LRO-L-LROC-3-CDR-V1.0/M181016020LC","Start Time":"2012-01-12 13:59:13.077+00","label":"M181016020LC"}},{"type":"Feature","geometry":{"type":"Polygon","coordinates":[[[21.57,-0.67],[21.58,-1.62],[21.51,-1.62],[21.5,-0.67],[21.57,-0.67]]]},"properties":{"Image":"M177494781RC","Orbit":11293,"Incidence":69.1,"Emission":1.13,"Phase":67.97,"Slew":0.01,"SubSol Lat":-0.12,"SubSol Lon":90.64,"Sun Azi":180,"Resolution":0.47,"Url":"https://data.lroc.im-ldi.com/lroc/view_lroc/LRO-L-LROC-3-CDR-V1.0/M177494781RC","Start Time":"2011-12-02 19:51:53.56+00","label":"M177494781RC"}},{"type":"Feature","geometry":{"type":"Polygon","coordinates":[[[21.63,-0.66],[21.64,-1.61],[21.57,-1.61],[21.57,-0.66],[21.63,-0.66]]]},"properties":{"Image":"M177494781LC","Orbit":11293,"Incidence":69.04,"Emission":1.68,"Phase":70.72,"Slew":0.01,"SubSol Lat":-0.12,"SubSol Lon":90.64,"Sun Azi":180,"Resolution":0.47,"Url":"https://data.lroc.im-ldi.com/lroc/view_lroc/LRO-L-LROC-3-CDR-V1.0/M177494781LC","Start Time":"2011-12-02 19:51:53.56+00","label":"M177494781LC"}},{"type":"Feature","geometry":{"type":"Polygon","coordinates":[[[23.51,0.9],[23.52,-0.05],[23.45,-0.05],[23.45,0.9],[23.51,0.9]]]},"properties":{"Image":"M177481212RC","Orbit":11291,"Incidence":69.07,"Emission":6.22,"Phase":62.85,"Slew":-4.98,"SubSol Lat":-0.12,"SubSol Lon":92.55,"Sun Azi":179,"Resolution":0.47,"Url":"https://data.lroc.im-ldi.com/lroc/view_lroc/LRO-L-LROC-3-CDR-V1.0/M177481212RC","Start Time":"2011-12-02 16:05:44.874+00","label":"M177481212RC"}},{"type":"Feature","geometry":{"type":"Polygon","coordinates":[[[23.58,0.91],[23.58,-0.04],[23.52,-0.05],[23.51,0.91],[23.58,0.91]]]},"properties":{"Image":"M177481212LC","Orbit":11291,"Incidence":69,"Emission":3.41,"Phase":65.6,"Slew":-4.98,"SubSol Lat":-0.12,"SubSol Lon":92.55,"Sun Azi":179,"Resolution":0.47,"Url":"https://data.lroc.im-ldi.com/lroc/view_lroc/LRO-L-LROC-3-CDR-V1.0/M177481212LC","Start Time":"2011-12-02 16:05:44.874+00","label":"M177481212LC"}},{"type":"Feature","geometry":{"type":"Polygon","coordinates":[[[22.95,0.85],[22.95,0.88],[23.02,0.88],[23.02,0.85],[22.95,0.85]]]},"properties":{"Image":"M176302339RC","Orbit":11117,"Incidence":124.16,"Emission":1.13,"Phase":123.03,"Slew":-0.01,"SubSol Lat":-0.5,"SubSol Lon":258.83,"Sun Azi":181,"Resolution":0.74,"Url":"https://data.lroc.im-ldi.com/lroc/view_lroc/LRO-L-LROC-3-CDR-V1.0/M176302339RC","Start Time":"2011-11-19 00:37:52.084+00","label":"M176302339RC"}},{"type":"Feature","geometry":{"type":"Polygon","coordinates":[[[22.89,0.85],[22.89,0.88],[22.96,0.88],[22.96,0.84],[22.89,0.85]]]},"properties":{"Image":"M176302339LC","Orbit":11117,"Incidence":124.1,"Emission":1.68,"Phase":125.78,"Slew":-0.01,"SubSol Lat":-0.5,"SubSol Lon":258.83,"Sun Azi":181,"Resolution":0.74,"Url":"https://data.lroc.im-ldi.com/lroc/view_lroc/LRO-L-LROC-3-CDR-V1.0/M176302339LC","Start Time":"2011-11-19 00:37:52.084+00","label":"M176302339LC"}},{"type":"Feature","geometry":{"type":"Polygon","coordinates":[[[22.95,0.08],[22.95,0.11],[23.02,0.11],[23.02,0.08],[22.95,0.08]]]},"properties":{"Image":"M176302325RC","Orbit":11117,"Incidence":124.15,"Emission":1.13,"Phase":123.02,"Slew":-0.01,"SubSol Lat":-0.5,"SubSol Lon":258.83,"Sun Azi":181,"Resolution":0.73,"Url":"https://data.lroc.im-ldi.com/lroc/view_lroc/LRO-L-LROC-3-CDR-V1.0/M176302325RC","Start Time":"2011-11-19 00:37:37.71+00","label":"M176302325RC"}},{"type":"Feature","geometry":{"type":"Polygon","coordinates":[[[22.88,0.08],[22.88,0.11],[22.95,0.11],[22.95,0.08],[22.88,0.08]]]},"properties":{"Image":"M176302325LC","Orbit":11117,"Incidence":124.09,"Emission":1.68,"Phase":125.77,"Slew":-0.01,"SubSol Lat":-0.5,"SubSol Lon":258.83,"Sun Azi":181,"Resolution":0.73,"Url":"https://data.lroc.im-ldi.com/lroc/view_lroc/LRO-L-LROC-3-CDR-V1.0/M176302325LC","Start Time":"2011-11-19 00:37:37.71+00","label":"M176302325LC"}},{"type":"Feature","geometry":{"type":"Polygon","coordinates":[[[22.94,-0.68],[22.94,-0.65],[23.01,-0.65],[23.01,-0.68],[22.94,-0.68]]]},"properties":{"Image":"M176302310RC","Orbit":11116,"Incidence":124.14,"Emission":1.13,"Phase":123,"Slew":-0.01,"SubSol Lat":-0.5,"SubSol Lon":258.83,"Sun Azi":182,"Resolution":0.69,"Url":"https://data.lroc.im-ldi.com/lroc/view_lroc/LRO-L-LROC-3-CDR-V1.0/M176302310RC","Start Time":"2011-11-19 00:37:23.478+00","label":"M176302310RC"}},{"type":"Feature","geometry":{"type":"Polygon","coordinates":[[[22.88,-0.69],[22.88,-0.65],[22.95,-0.65],[22.95,-0.69],[22.88,-0.69]]]},"properties":{"Image":"M176302310LC","Orbit":11116,"Incidence":124.07,"Emission":1.68,"Phase":125.75,"Slew":-0.01,"SubSol Lat":-0.5,"SubSol Lon":258.83,"Sun Azi":182,"Resolution":0.69,"Url":"https://data.lroc.im-ldi.com/lroc/view_lroc/LRO-L-LROC-3-CDR-V1.0/M176302310LC","Start Time":"2011-11-19 00:37:23.478+00","label":"M176302310LC"}},{"type":"Feature","geometry":{"type":"Polygon","coordinates":[[[23.49,1.11],[23.5,0.15],[23.46,0.15],[23.45,1.11],[23.49,1.11]]]},"properties":{"Image":"M175124932RC","Orbit":10942,"Incidence":40.98,"Emission":1.12,"Phase":39.86,"Slew":-0.01,"SubSol Lat":-0.86,"SubSol Lon":64.43,"Sun Azi":177,"Resolution":0.4,"Url":"https://data.lroc.im-ldi.com/lroc/view_lroc/LRO-L-LROC-3-CDR-V1.0/M175124932RC","Start Time":"2011-11-05 09:34:24.703+00","label":"M175124932RC"}},{"type":"Feature","geometry":{"type":"Polygon","coordinates":[[[23.53,1.11],[23.54,0.15],[23.5,0.15],[23.49,1.11],[23.53,1.11]]]},"properties":{"Image":"M175124932LC","Orbit":10942,"Incidence":40.94,"Emission":1.67,"Phase":42.61,"Slew":-0.01,"SubSol Lat":-0.86,"SubSol Lon":64.43,"Sun Azi":178,"Resolution":0.4,"Url":"https://data.lroc.im-ldi.com/lroc/view_lroc/LRO-L-LROC-3-CDR-V1.0/M175124932LC","Start Time":"2011-11-05 09:34:24.703+00","label":"M175124932LC"}},{"type":"Feature","geometry":{"type":"Polygon","coordinates":[[[21.8,-0.48],[21.81,-1.43],[21.74,-1.43],[21.73,-0.48],[21.8,-0.48]]]},"properties":{"Image":"M172778760RC","Orbit":10596,"Incidence":13.5,"Emission":1.13,"Phase":12.37,"Slew":-0.01,"SubSol Lat":-1.39,"SubSol Lon":35.26,"Sun Azi":177,"Resolution":0.48,"Url":"https://data.lroc.im-ldi.com/lroc/view_lroc/LRO-L-LROC-3-CDR-V1.0/M172778760RC","Start Time":"2011-10-09 05:51:32.976+00","label":"M172778760RC"}},{"type":"Feature","geometry":{"type":"Polygon","coordinates":[[[21.87,-0.48],[21.87,-1.43],[21.8,-1.43],[21.8,-0.48],[21.87,-0.48]]]},"properties":{"Image":"M172778760LC","Orbit":10596,"Incidence":13.43,"Emission":1.69,"Phase":15.12,"Slew":-0.01,"SubSol Lat":-1.39,"SubSol Lon":35.26,"Sun Azi":178,"Resolution":0.48,"Url":"https://data.lroc.im-ldi.com/lroc/view_lroc/LRO-L-LROC-3-CDR-V1.0/M172778760LC","Start Time":"2011-10-09 05:51:32.976+00","label":"M172778760LC"}},{"type":"Feature","geometry":{"type":"Polygon","coordinates":[[[22.83,0.96],[22.84,0.01],[22.77,0.01],[22.76,0.96],[22.83,0.96]]]},"properties":{"Image":"M172771948RC","Orbit":10595,"Incidence":13.56,"Emission":1.13,"Phase":12.45,"Slew":-0.01,"SubSol Lat":-1.39,"SubSol Lon":36.22,"Sun Azi":171,"Resolution":0.48,"Url":"https://data.lroc.im-ldi.com/lroc/view_lroc/LRO-L-LROC-3-CDR-V1.0/M172771948RC","Start Time":"2011-10-09 03:58:00.62+00","label":"M172771948RC"}},{"type":"Feature","geometry":{"type":"Polygon","coordinates":[[[22.9,0.97],[22.9,0.02],[22.83,0.02],[22.83,0.97],[22.9,0.97]]]},"properties":{"Image":"M172771948LC","Orbit":10595,"Incidence":13.49,"Emission":1.69,"Phase":15.16,"Slew":-0.01,"SubSol Lat":-1.39,"SubSol Lon":36.22,"Sun Azi":172,"Resolution":0.48,"Url":"https://data.lroc.im-ldi.com/lroc/view_lroc/LRO-L-LROC-3-CDR-V1.0/M172771948LC","Start Time":"2011-10-09 03:58:00.62+00","label":"M172771948LC"}},{"type":"Feature","geometry":{"type":"Polygon","coordinates":[[[23.53,1.2],[23.61,1.2],[23.61,0.25],[23.54,0.25],[23.53,1.2]]]},"properties":{"Image":"M170409762RC","Orbit":10247,"Incidence":14.03,"Emission":1.14,"Phase":12.9,"Slew":0.01,"SubSol Lat":-1.58,"SubSol Lon":9.73,"Sun Azi":189,"Resolution":0.49,"Url":"https://data.lroc.im-ldi.com/lroc/view_lroc/LRO-L-LROC-3-CDR-V1.0/M170409762RC","Start Time":"2011-09-11 19:48:14.585+00","label":"M170409762RC"}},{"type":"Feature","geometry":{"type":"Polygon","coordinates":[[[23.47,1.2],[23.54,1.2],[23.54,0.25],[23.47,0.25],[23.47,1.2]]]},"properties":{"Image":"M170409762LC","Orbit":10247,"Incidence":13.96,"Emission":1.69,"Phase":15.63,"Slew":0.01,"SubSol Lat":-1.58,"SubSol Lon":9.73,"Sun Azi":189,"Resolution":0.49,"Url":"https://data.lroc.im-ldi.com/lroc/view_lroc/LRO-L-LROC-3-CDR-V1.0/M170409762LC","Start Time":"2011-09-11 19:48:14.585+00","label":"M170409762LC"}},{"type":"Feature","geometry":{"type":"Polygon","coordinates":[[[23.07,1.08],[23.11,1.08],[23.11,0.11],[23.07,0.11],[23.07,1.08]]]},"properties":{"Image":"M168055210RC","Orbit":9900,"Incidence":40.6,"Emission":1.11,"Phase":39.49,"Slew":-0.01,"SubSol Lat":-1.41,"SubSol Lon":342.53,"Sun Azi":182,"Resolution":0.4,"Url":"https://data.lroc.im-ldi.com/lroc/view_lroc/LRO-L-LROC-3-CDR-V1.0/M168055210RC","Start Time":"2011-08-15 13:45:42.944+00","label":"M168055210RC"}},{"type":"Feature","geometry":{"type":"Polygon","coordinates":[[[23.03,1.08],[23.07,1.08],[23.07,0.11],[23.03,0.11],[23.03,1.08]]]},"properties":{"Image":"M168055210LC","Orbit":9900,"Incidence":40.56,"Emission":1.68,"Phase":42.24,"Slew":-0.01,"SubSol Lat":-1.41,"SubSol Lon":342.53,"Sun Azi":183,"Resolution":0.4,"Url":"https://data.lroc.im-ldi.com/lroc/view_lroc/LRO-L-LROC-3-CDR-V1.0/M168055210LC","Start Time":"2011-08-15 13:45:42.944+00","label":"M168055210LC"}},{"type":"Feature","geometry":{"type":"Polygon","coordinates":[[[23.63,1.96],[23.7,1.96],[23.7,1.01],[23.63,1.01],[23.63,1.96]]]},"properties":{"Image":"M165693550LC","Orbit":9552,"Incidence":67.12,"Emission":1.69,"Phase":68.8,"Slew":0,"SubSol Lat":-0.92,"SubSol Lon":316.58,"Sun Azi":182,"Resolution":0.49,"Url":"https://data.lroc.im-ldi.com/lroc/view_lroc/LRO-L-LROC-3-CDR-V1.0/M165693550LC","Start Time":"2011-07-19 05:44:42.437+00","label":"M165693550LC"}},{"type":"Feature","geometry":{"type":"Polygon","coordinates":[[[22.2,-0.78],[22.27,-0.78],[22.27,-0.81],[22.2,-0.81],[22.2,-0.78]]]},"properties":{"Image":"M163345662RC","Orbit":9206,"Incidence":93.47,"Emission":1.13,"Phase":92.34,"Slew":-0.01,"SubSol Lat":-0.23,"SubSol Lon":288.77,"Sun Azi":180,"Resolution":0.74,"Url":"https://data.lroc.im-ldi.com/lroc/view_lroc/LRO-L-LROC-3-CDR-V1.0/M163345662RC","Start Time":"2011-06-22 01:33:14.857+00","label":"M163345662RC"}},{"type":"Feature","geometry":{"type":"Polygon","coordinates":[[[22.13,-0.78],[22.2,-0.78],[22.2,-0.81],[22.13,-0.81],[22.13,-0.78]]]},"properties":{"Image":"M163345662LC","Orbit":9206,"Incidence":93.4,"Emission":1.69,"Phase":95.09,"Slew":-0.01,"SubSol Lat":-0.23,"SubSol Lon":288.77,"Sun Azi":180,"Resolution":0.75,"Url":"https://data.lroc.im-ldi.com/lroc/view_lroc/LRO-L-LROC-3-CDR-V1.0/M163345662LC","Start Time":"2011-06-22 01:33:14.857+00","label":"M163345662LC"}},{"type":"Feature","geometry":{"type":"Polygon","coordinates":[[[22.2,-0.01],[22.27,-0.01],[22.27,-0.04],[22.2,-0.04],[22.2,-0.01]]]},"properties":{"Image":"M163345647RC","Orbit":9206,"Incidence":93.47,"Emission":1.13,"Phase":92.34,"Slew":-0.01,"SubSol Lat":-0.23,"SubSol Lon":288.77,"Sun Azi":180,"Resolution":0.74,"Url":"https://data.lroc.im-ldi.com/lroc/view_lroc/LRO-L-LROC-3-CDR-V1.0/M163345647RC","Start Time":"2011-06-22 01:33:00.468+00","label":"M163345647RC"}},{"type":"Feature","geometry":{"type":"Polygon","coordinates":[[[22.13,-0.01],[22.2,-0.01],[22.2,-0.04],[22.13,-0.04],[22.13,-0.01]]]},"properties":{"Image":"M163345647LC","Orbit":9206,"Incidence":93.4,"Emission":1.69,"Phase":95.09,"Slew":-0.01,"SubSol Lat":-0.23,"SubSol Lon":288.77,"Sun Azi":180,"Resolution":0.74,"Url":"https://data.lroc.im-ldi.com/lroc/view_lroc/LRO-L-LROC-3-CDR-V1.0/M163345647LC","Start Time":"2011-06-22 01:33:00.468+00","label":"M163345647LC"}},{"type":"Feature","geometry":{"type":"Polygon","coordinates":[[[22.2,0.76],[22.27,0.76],[22.27,0.72],[22.2,0.72],[22.2,0.76]]]},"properties":{"Image":"M163345633RC","Orbit":9206,"Incidence":93.47,"Emission":1.13,"Phase":92.34,"Slew":-0.01,"SubSol Lat":-0.23,"SubSol Lon":288.77,"Sun Azi":180,"Resolution":0.7,"Url":"https://data.lroc.im-ldi.com/lroc/view_lroc/LRO-L-LROC-3-CDR-V1.0/M163345633RC","Start Time":"2011-06-22 01:32:46.225+00","label":"M163345633RC"}},{"type":"Feature","geometry":{"type":"Polygon","coordinates":[[[22.13,0.75],[22.2,0.75],[22.2,0.72],[22.13,0.72],[22.13,0.75]]]},"properties":{"Image":"M163345633LC","Orbit":9206,"Incidence":93.4,"Emission":1.69,"Phase":95.08,"Slew":-0.01,"SubSol Lat":-0.23,"SubSol Lon":288.77,"Sun Azi":180,"Resolution":0.7,"Url":"https://data.lroc.im-ldi.com/lroc/view_lroc/LRO-L-LROC-3-CDR-V1.0/M163345633LC","Start Time":"2011-06-22 01:32:46.225+00","label":"M163345633LC"}},{"type":"Feature","geometry":{"type":"Polygon","coordinates":[[[22.28,-1.1],[22.22,-1.1],[22.22,0.38],[22.29,0.38],[22.28,-1.1]]]},"properties":{"Image":"M162161495RC","Orbit":9031,"Incidence":73.73,"Emission":1.13,"Phase":72.6,"Slew":0,"SubSol Lat":0.21,"SubSol Lon":95.98,"Sun Azi":180,"Resolution":0.82,"Url":"https://data.lroc.im-ldi.com/lroc/view_lroc/LRO-L-LROC-3-CDR-V1.0/M162161495RC","Start Time":"2011-06-08 08:37:08.09+00","label":"M162161495RC"}},{"type":"Feature","geometry":{"type":"Polygon","coordinates":[[[22.35,-1.1],[22.28,-1.1],[22.28,0.39],[22.35,0.39],[22.35,-1.1]]]},"properties":{"Image":"M162161495LC","Orbit":9031,"Incidence":73.67,"Emission":1.68,"Phase":75.35,"Slew":0,"SubSol Lat":0.21,"SubSol Lon":95.98,"Sun Azi":181,"Resolution":0.82,"Url":"https://data.lroc.im-ldi.com/lroc/view_lroc/LRO-L-LROC-3-CDR-V1.0/M162161495LC","Start Time":"2011-06-08 08:37:08.09+00","label":"M162161495LC"}},{"type":"Feature","geometry":{"type":"Polygon","coordinates":[[[23.5,0.14],[23.43,0.14],[23.43,1.09],[23.5,1.09],[23.5,0.14]]]},"properties":{"Image":"M162154734RC","Orbit":9031,"Incidence":73.47,"Emission":7.14,"Phase":80.6,"Slew":-8.08,"SubSol Lat":0.21,"SubSol Lon":96.94,"Sun Azi":180,"Resolution":0.47,"Url":"https://data.lroc.im-ldi.com/lroc/view_lroc/LRO-L-LROC-3-CDR-V1.0/M162154734RC","Start Time":"2011-06-08 06:44:26.366+00","label":"M162154734RC"}},{"type":"Feature","geometry":{"type":"Polygon","coordinates":[[[23.56,0.14],[23.5,0.14],[23.5,1.09],[23.56,1.09],[23.56,0.14]]]},"properties":{"Image":"M162154734LC","Orbit":9031,"Incidence":73.41,"Emission":9.95,"Phase":83.35,"Slew":-8.08,"SubSol Lat":0.21,"SubSol Lon":96.94,"Sun Azi":181,"Resolution":0.47,"Url":"https://data.lroc.im-ldi.com/lroc/view_lroc/LRO-L-LROC-3-CDR-V1.0/M162154734LC","Start Time":"2011-06-08 06:44:26.366+00","label":"M162154734LC"}},{"type":"Feature","geometry":{"type":"Polygon","coordinates":[[[21.8,-0.49],[21.73,-0.49],[21.73,0.05],[21.8,0.05],[21.8,-0.49]]]},"properties":{"Image":"M159806785RC","Orbit":8684,"Incidence":47.15,"Emission":1.13,"Phase":46.02,"Slew":0.01,"SubSol Lat":0.88,"SubSol Lon":68.9,"Sun Azi":181,"Resolution":0.47,"Url":"https://data.lroc.im-ldi.com/lroc/view_lroc/LRO-L-LROC-3-CDR-V1.0/M159806785RC","Start Time":"2011-05-12 02:31:57.933+00","label":"M159806785RC"}},{"type":"Feature","geometry":{"type":"Polygon","coordinates":[[[21.86,-0.49],[21.79,-0.49],[21.79,0.05],[21.86,0.05],[21.86,-0.49]]]},"properties":{"Image":"M159806785LC","Orbit":8684,"Incidence":47.08,"Emission":1.68,"Phase":48.77,"Slew":0.01,"SubSol Lat":0.88,"SubSol Lon":68.9,"Sun Azi":182,"Resolution":0.47,"Url":"https://data.lroc.im-ldi.com/lroc/view_lroc/LRO-L-LROC-3-CDR-V1.0/M159806785LC","Start Time":"2011-05-12 02:31:57.933+00","label":"M159806785LC"}},{"type":"Feature","geometry":{"type":"Polygon","coordinates":[[[22.82,-1],[22.76,-1],[22.76,-0.34],[22.82,-0.34],[22.82,-1]]]},"properties":{"Image":"M159799990RC","Orbit":8683,"Incidence":47.09,"Emission":1.13,"Phase":45.96,"Slew":0.01,"SubSol Lat":0.88,"SubSol Lon":69.86,"Sun Azi":182,"Resolution":0.47,"Url":"https://data.lroc.im-ldi.com/lroc/view_lroc/LRO-L-LROC-3-CDR-V1.0/M159799990RC","Start Time":"2011-05-12 00:38:42.372+00","label":"M159799990RC"}},{"type":"Feature","geometry":{"type":"Polygon","coordinates":[[[22.89,-0.99],[22.82,-0.99],[22.82,-0.34],[22.89,-0.34],[22.89,-0.99]]]},"properties":{"Image":"M159799990LC","Orbit":8683,"Incidence":47.03,"Emission":1.68,"Phase":48.71,"Slew":0.01,"SubSol Lat":0.88,"SubSol Lon":69.86,"Sun Azi":182,"Resolution":0.47,"Url":"https://data.lroc.im-ldi.com/lroc/view_lroc/LRO-L-LROC-3-CDR-V1.0/M159799990LC","Start Time":"2011-05-12 00:38:42.372+00","label":"M159799990LC"}},{"type":"Feature","geometry":{"type":"Polygon","coordinates":[[[23.31,0.21],[23.25,0.21],[23.25,1.16],[23.31,1.16],[23.31,0.21]]]},"properties":{"Image":"M157438732RC","Orbit":8336,"Incidence":20.13,"Emission":1.13,"Phase":19,"Slew":0.01,"SubSol Lat":1.36,"SubSol Lon":43.41,"Sun Azi":182,"Resolution":0.46,"Url":"https://data.lroc.im-ldi.com/lroc/view_lroc/LRO-L-LROC-3-CDR-V1.0/M157438732RC","Start Time":"2011-04-14 16:44:24.812+00","label":"M157438732RC"}},{"type":"Feature","geometry":{"type":"Polygon","coordinates":[[[23.37,0.21],[23.31,0.21],[23.31,1.16],[23.37,1.16],[23.37,0.21]]]},"properties":{"Image":"M157438732LC","Orbit":8336,"Incidence":20.07,"Emission":1.68,"Phase":21.76,"Slew":0.01,"SubSol Lat":1.36,"SubSol Lon":43.41,"Sun Azi":183,"Resolution":0.46,"Url":"https://data.lroc.im-ldi.com/lroc/view_lroc/LRO-L-LROC-3-CDR-V1.0/M157438732LC","Start Time":"2011-04-14 16:44:24.812+00","label":"M157438732LC"}},{"type":"Feature","geometry":{"type":"Polygon","coordinates":[[[21.68,-1.89],[21.67,-1.02],[21.74,-1.02],[21.74,-1.89],[21.68,-1.89]]]},"properties":{"Image":"M155091312RC","Orbit":7989,"Incidence":7.68,"Emission":1.14,"Phase":6.68,"Slew":-0.01,"SubSol Lat":1.52,"SubSol Lon":14.63,"Sun Azi":157,"Resolution":0.47,"Url":"https://data.lroc.im-ldi.com/lroc/view_lroc/LRO-L-LROC-3-CDR-V1.0/M155091312RC","Start Time":"2011-03-18 12:40:44.821+00","label":"M155091312RC"}},{"type":"Feature","geometry":{"type":"Polygon","coordinates":[[[21.61,-1.89],[21.61,-1.02],[21.68,-1.02],[21.68,-1.89],[21.61,-1.89]]]},"properties":{"Image":"M155091312LC","Orbit":7989,"Incidence":7.62,"Emission":1.68,"Phase":9.19,"Slew":-0.01,"SubSol Lat":1.52,"SubSol Lon":14.63,"Sun Azi":157,"Resolution":0.47,"Url":"https://data.lroc.im-ldi.com/lroc/view_lroc/LRO-L-LROC-3-CDR-V1.0/M155091312LC","Start Time":"2011-03-18 12:40:44.821+00","label":"M155091312LC"}},{"type":"Feature","geometry":{"type":"Polygon","coordinates":[[[22.7,-0.88],[22.7,-0.02],[22.77,-0.02],[22.77,-0.88],[22.7,-0.88]]]},"properties":{"Image":"M155084545RC","Orbit":7988,"Incidence":7.42,"Emission":1.13,"Phase":6.36,"Slew":-0.01,"SubSol Lat":1.52,"SubSol Lon":15.58,"Sun Azi":165,"Resolution":0.47,"Url":"https://data.lroc.im-ldi.com/lroc/view_lroc/LRO-L-LROC-3-CDR-V1.0/M155084545RC","Start Time":"2011-03-18 10:47:57.47+00","label":"M155084545RC"}},{"type":"Feature","geometry":{"type":"Polygon","coordinates":[[[22.64,-0.88],[22.64,-0.02],[22.71,-0.02],[22.71,-0.88],[22.64,-0.88]]]},"properties":{"Image":"M155084545LC","Orbit":7988,"Incidence":7.36,"Emission":1.68,"Phase":8.99,"Slew":-0.01,"SubSol Lat":1.52,"SubSol Lon":15.58,"Sun Azi":165,"Resolution":0.47,"Url":"https://data.lroc.im-ldi.com/lroc/view_lroc/LRO-L-LROC-3-CDR-V1.0/M155084545LC","Start Time":"2011-03-18 10:47:57.47+00","label":"M155084545LC"}},{"type":"Feature","geometry":{"type":"Polygon","coordinates":[[[23.73,-1.14],[23.73,-0.34],[23.8,-0.34],[23.8,-1.14],[23.73,-1.14]]]},"properties":{"Image":"M155077753RC","Orbit":7987,"Incidence":7.57,"Emission":1.13,"Phase":6.53,"Slew":-0.01,"SubSol Lat":1.52,"SubSol Lon":16.54,"Sun Azi":163,"Resolution":0.47,"Url":"https://data.lroc.im-ldi.com/lroc/view_lroc/LRO-L-LROC-3-CDR-V1.0/M155077753RC","Start Time":"2011-03-18 08:54:46.18+00","label":"M155077753RC"}},{"type":"Feature","geometry":{"type":"Polygon","coordinates":[[[23.67,-1.15],[23.67,-0.34],[23.74,-0.34],[23.74,-1.15],[23.67,-1.15]]]},"properties":{"Image":"M155077753LC","Orbit":7987,"Incidence":7.52,"Emission":1.68,"Phase":9.14,"Slew":-0.01,"SubSol Lat":1.52,"SubSol Lon":16.54,"Sun Azi":163,"Resolution":0.47,"Url":"https://data.lroc.im-ldi.com/lroc/view_lroc/LRO-L-LROC-3-CDR-V1.0/M155077753LC","Start Time":"2011-03-18 08:54:46.18+00","label":"M155077753LC"}},{"type":"Feature","geometry":{"type":"Polygon","coordinates":[[[21.67,-0.7],[21.7,-0.38],[21.81,-0.39],[21.78,-0.71],[21.67,-0.7]]]},"properties":{"Image":"M1532168912RC","Orbit":75810,"Incidence":2.35,"Emission":1.15,"Phase":1.93,"Slew":-0.01,"SubSol Lat":1.43,"SubSol Lon":20.46,"Sun Azi":129,"Resolution":0.7,"Url":"https://data.lroc.im-ldi.com/lroc/view_lroc/LRO-L-LROC-3-CDR-V1.0/M1532168912RC","Start Time":"2026-04-30 06:14:04.776+00","label":"M1532168912RC"}},{"type":"Feature","geometry":{"type":"Polygon","coordinates":[[[21.56,-0.69],[21.6,-0.37],[21.71,-0.38],[21.67,-0.7],[21.56,-0.69]]]},"properties":{"Image":"M1532168912LC","Orbit":75810,"Incidence":2.29,"Emission":1.71,"Phase":3.58,"Slew":-0.01,"SubSol Lat":1.43,"SubSol Lon":20.46,"Sun Azi":127,"Resolution":0.7,"Url":"https://data.lroc.im-ldi.com/lroc/view_lroc/LRO-L-LROC-3-CDR-V1.0/M1532168912LC","Start Time":"2026-04-30 06:14:04.776+00","label":"M1532168912LC"}},{"type":"Feature","geometry":{"type":"Polygon","coordinates":[[[21.31,-0.49],[21.45,-1.86],[21.32,-1.87],[21.19,-0.51],[21.31,-0.49]]]},"properties":{"Image":"M1521647205RC","Orbit":74310,"Incidence":41.76,"Emission":1.17,"Phase":40.61,"Slew":-0.02,"SubSol Lat":-1.39,"SubSol Lon":63.09,"Sun Azi":173,"Resolution":0.77,"Url":"https://data.lroc.im-ldi.com/lroc/view_lroc/LRO-L-LROC-3-CDR-V1.0/M1521647205RC","Start Time":"2025-12-29 11:32:18.446+00","label":"M1521647205RC"}},{"type":"Feature","geometry":{"type":"Polygon","coordinates":[[[21.43,-0.48],[21.57,-1.84],[21.44,-1.85],[21.31,-0.49],[21.43,-0.48]]]},"properties":{"Image":"M1521647205LC","Orbit":74310,"Incidence":41.64,"Emission":1.7,"Phase":43.33,"Slew":-0.02,"SubSol Lat":-1.39,"SubSol Lon":63.09,"Sun Azi":174,"Resolution":0.77,"Url":"https://data.lroc.im-ldi.com/lroc/view_lroc/LRO-L-LROC-3-CDR-V1.0/M1521647205LC","Start Time":"2025-12-29 11:32:18.446+00","label":"M1521647205LC"}},{"type":"Feature","geometry":{"type":"Polygon","coordinates":[[[22.54,-0.82],[22.68,-2.21],[22.55,-2.22],[22.42,-0.84],[22.54,-0.82]]]},"properties":{"Image":"M1521640200LC","Orbit":74309,"Incidence":41.51,"Emission":1.7,"Phase":43.21,"Slew":-0.02,"SubSol Lat":-1.39,"SubSol Lon":64.07,"Sun Azi":174,"Resolution":0.78,"Url":"https://data.lroc.im-ldi.com/lroc/view_lroc/LRO-L-LROC-3-CDR-V1.0/M1521640200LC","Start Time":"2025-12-29 09:35:33.149+00","label":"M1521640200LC"}},{"type":"Feature","geometry":{"type":"Polygon","coordinates":[[[23.42,1.23],[23.55,-0.11],[23.43,-0.13],[23.3,1.21],[23.42,1.23]]]},"properties":{"Image":"M1521633149RC","Orbit":74308,"Incidence":41.68,"Emission":1.96,"Phase":43.63,"Slew":2.98,"SubSol Lat":-1.39,"SubSol Lon":65.06,"Sun Azi":171,"Resolution":0.76,"Url":"https://data.lroc.im-ldi.com/lroc/view_lroc/LRO-L-LROC-3-CDR-V1.0/M1521633149RC","Start Time":"2025-12-29 07:38:01.626+00","label":"M1521633149RC"}},{"type":"Feature","geometry":{"type":"Polygon","coordinates":[[[23.53,1.24],[23.67,-0.1],[23.55,-0.11],[23.41,1.23],[23.53,1.24]]]},"properties":{"Image":"M1521633149LC","Orbit":74308,"Incidence":41.57,"Emission":4.83,"Phase":46.34,"Slew":2.98,"SubSol Lat":-1.39,"SubSol Lon":65.06,"Sun Azi":171,"Resolution":0.76,"Url":"https://data.lroc.im-ldi.com/lroc/view_lroc/LRO-L-LROC-3-CDR-V1.0/M1521633149LC","Start Time":"2025-12-29 07:38:01.626+00","label":"M1521633149LC"}},{"type":"Feature","geometry":{"type":"Polygon","coordinates":[[[22.63,-0.44],[22.77,-1.79],[22.65,-1.8],[22.52,-0.46],[22.63,-0.44]]]},"properties":{"Image":"M1519298532RC","Orbit":73975,"Incidence":11.04,"Emission":1.16,"Phase":9.91,"Slew":-0.02,"SubSol Lat":-1.52,"SubSol Lon":33.68,"Sun Azi":172,"Resolution":0.75,"Url":"https://data.lroc.im-ldi.com/lroc/view_lroc/LRO-L-LROC-3-CDR-V1.0/M1519298532RC","Start Time":"2025-12-02 07:07:44.813+00","label":"M1519298532RC"}},{"type":"Feature","geometry":{"type":"Polygon","coordinates":[[[22.75,-0.43],[22.88,-1.77],[22.76,-1.78],[22.63,-0.44],[22.75,-0.43]]]},"properties":{"Image":"M1519298532LC","Orbit":73975,"Incidence":10.93,"Emission":1.71,"Phase":12.62,"Slew":-0.02,"SubSol Lat":-1.52,"SubSol Lon":33.68,"Sun Azi":172,"Resolution":0.75,"Url":"https://data.lroc.im-ldi.com/lroc/view_lroc/LRO-L-LROC-3-CDR-V1.0/M1519298532LC","Start Time":"2025-12-02 07:07:44.813+00","label":"M1519298532LC"}},{"type":"Feature","geometry":{"type":"Polygon","coordinates":[[[23.55,1.21],[23.67,-0.08],[23.56,-0.1],[23.43,1.2],[23.55,1.21]]]},"properties":{"Image":"M1519291490RC","Orbit":73974,"Incidence":11.31,"Emission":1.15,"Phase":10.23,"Slew":-0.01,"SubSol Lat":-1.52,"SubSol Lon":34.66,"Sun Azi":163,"Resolution":0.73,"Url":"https://data.lroc.im-ldi.com/lroc/view_lroc/LRO-L-LROC-3-CDR-V1.0/M1519291490RC","Start Time":"2025-12-02 05:10:23.512+00","label":"M1519291490RC"}},{"type":"Feature","geometry":{"type":"Polygon","coordinates":[[[23.66,1.23],[23.79,-0.07],[23.67,-0.08],[23.54,1.22],[23.66,1.23]]]},"properties":{"Image":"M1519291490LC","Orbit":73974,"Incidence":11.2,"Emission":1.71,"Phase":12.85,"Slew":-0.01,"SubSol Lat":-1.52,"SubSol Lon":34.66,"Sun Azi":164,"Resolution":0.73,"Url":"https://data.lroc.im-ldi.com/lroc/view_lroc/LRO-L-LROC-3-CDR-V1.0/M1519291490LC","Start Time":"2025-12-02 05:10:23.512+00","label":"M1519291490LC"}},{"type":"Feature","geometry":{"type":"Polygon","coordinates":[[[22.68,0.62],[22.8,0.63],[22.93,-0.67],[22.81,-0.68],[22.68,0.62]]]},"properties":{"Image":"M1516957228RC","Orbit":73641,"Incidence":19.36,"Emission":1.15,"Phase":18.21,"Slew":0.01,"SubSol Lat":-1.29,"SubSol Lon":3.48,"Sun Azi":178,"Resolution":0.72,"Url":"https://data.lroc.im-ldi.com/lroc/view_lroc/LRO-L-LROC-3-CDR-V1.0/M1516957228RC","Start Time":"2025-11-05 04:46:00.976+00","label":"M1516957228RC"}},{"type":"Feature","geometry":{"type":"Polygon","coordinates":[[[22.57,0.6],[22.69,0.61],[22.82,-0.69],[22.7,-0.7],[22.57,0.6]]]},"properties":{"Image":"M1516957228LC","Orbit":73641,"Incidence":19.25,"Emission":1.71,"Phase":20.96,"Slew":0.01,"SubSol Lat":-1.29,"SubSol Lon":3.48,"Sun Azi":178,"Resolution":0.72,"Url":"https://data.lroc.im-ldi.com/lroc/view_lroc/LRO-L-LROC-3-CDR-V1.0/M1516957228LC","Start Time":"2025-11-05 04:46:00.976+00","label":"M1516957228LC"}},{"type":"Feature","geometry":{"type":"Polygon","coordinates":[[[23.74,0.83],[23.85,0.84],[23.99,-0.48],[23.87,-0.5],[23.74,0.83]]]},"properties":{"Image":"M1516950214RC","Orbit":73640,"Incidence":19.45,"Emission":1.16,"Phase":18.29,"Slew":0.01,"SubSol Lat":-1.28,"SubSol Lon":4.47,"Sun Azi":178,"Resolution":0.73,"Url":"https://data.lroc.im-ldi.com/lroc/view_lroc/LRO-L-LROC-3-CDR-V1.0/M1516950214RC","Start Time":"2025-11-05 02:49:07.444+00","label":"M1516950214RC"}},{"type":"Feature","geometry":{"type":"Polygon","coordinates":[[[23.63,0.81],[23.74,0.82],[23.87,-0.5],[23.76,-0.51],[23.63,0.81]]]},"properties":{"Image":"M1516950214LC","Orbit":73640,"Incidence":19.33,"Emission":1.71,"Phase":21.04,"Slew":0.01,"SubSol Lat":-1.28,"SubSol Lon":4.47,"Sun Azi":179,"Resolution":0.73,"Url":"https://data.lroc.im-ldi.com/lroc/view_lroc/LRO-L-LROC-3-CDR-V1.0/M1516950214LC","Start Time":"2025-11-05 02:49:07.444+00","label":"M1516950214LC"}},{"type":"Feature","geometry":{"type":"Polygon","coordinates":[[[23.55,0.9],[23.09,1.15],[23.1,1.18],[23.55,0.93],[23.55,0.9]]]},"properties":{"Image":"M1515748104RC","Orbit":73469,"Incidence":150.57,"Emission":65.76,"Phase":84.97,"Slew":60.11,"SubSol Lat":-1.08,"SubSol Lon":173.9,"Sun Azi":226,"Resolution":2.19,"Url":"https://data.lroc.im-ldi.com/lroc/view_lroc/LRO-L-LROC-3-CDR-V1.0/M1515748104RC","Start Time":"2025-10-22 04:53:57.123+00","label":"M1515748104RC"}},{"type":"Feature","geometry":{"type":"Polygon","coordinates":[[[23.93,0.69],[23.55,0.91],[23.55,0.95],[23.93,0.73],[23.93,0.69]]]},"properties":{"Image":"M1515748104LC","Orbit":73469,"Incidence":150.16,"Emission":63.33,"Phase":86.89,"Slew":60.11,"SubSol Lat":-1.08,"SubSol Lon":173.9,"Sun Azi":227,"Resolution":2.08,"Url":"https://data.lroc.im-ldi.com/lroc/view_lroc/LRO-L-LROC-3-CDR-V1.0/M1515748104LC","Start Time":"2025-10-22 04:53:57.123+00","label":"M1515748104LC"}},{"type":"Feature","geometry":{"type":"Polygon","coordinates":[[[23.47,0.23],[23.01,0.48],[23.01,0.52],[23.47,0.27],[23.47,0.23]]]},"properties":{"Image":"M1515748091RC","Orbit":73468,"Incidence":150.64,"Emission":65.78,"Phase":84.97,"Slew":60.11,"SubSol Lat":-1.08,"SubSol Lon":173.91,"Sun Azi":226,"Resolution":2.19,"Url":"https://data.lroc.im-ldi.com/lroc/view_lroc/LRO-L-LROC-3-CDR-V1.0/M1515748091RC","Start Time":"2025-10-22 04:53:44.212+00","label":"M1515748091RC"}},{"type":"Feature","geometry":{"type":"Polygon","coordinates":[[[23.85,0.03],[23.47,0.24],[23.47,0.28],[23.86,0.06],[23.85,0.03]]]},"properties":{"Image":"M1515748091LC","Orbit":73468,"Incidence":150.22,"Emission":63.34,"Phase":86.91,"Slew":60.11,"SubSol Lat":-1.08,"SubSol Lon":173.91,"Sun Azi":227,"Resolution":2.07,"Url":"https://data.lroc.im-ldi.com/lroc/view_lroc/LRO-L-LROC-3-CDR-V1.0/M1515748091LC","Start Time":"2025-10-22 04:53:44.212+00","label":"M1515748091LC"}},{"type":"Feature","geometry":{"type":"Polygon","coordinates":[[[23.39,-0.43],[22.93,-0.18],[22.94,-0.15],[23.39,-0.4],[23.39,-0.43]]]},"properties":{"Image":"M1515748078RC","Orbit":73468,"Incidence":150.7,"Emission":65.78,"Phase":84.98,"Slew":60.11,"SubSol Lat":-1.08,"SubSol Lon":173.91,"Sun Azi":226,"Resolution":2.19,"Url":"https://data.lroc.im-ldi.com/lroc/view_lroc/LRO-L-LROC-3-CDR-V1.0/M1515748078RC","Start Time":"2025-10-22 04:53:31.33+00","label":"M1515748078RC"}},{"type":"Feature","geometry":{"type":"Polygon","coordinates":[[[23.77,-0.64],[23.39,-0.42],[23.39,-0.39],[23.78,-0.61],[23.77,-0.64]]]},"properties":{"Image":"M1515748078LC","Orbit":73468,"Incidence":150.28,"Emission":63.35,"Phase":86.93,"Slew":60.11,"SubSol Lat":-1.08,"SubSol Lon":173.91,"Sun Azi":226,"Resolution":2.07,"Url":"https://data.lroc.im-ldi.com/lroc/view_lroc/LRO-L-LROC-3-CDR-V1.0/M1515748078LC","Start Time":"2025-10-22 04:53:31.33+00","label":"M1515748078LC"}},{"type":"Feature","geometry":{"type":"Polygon","coordinates":[[[23.31,-1.09],[22.85,-0.84],[22.85,-0.81],[23.31,-1.06],[23.31,-1.09]]]},"properties":{"Image":"M1515748065RC","Orbit":73468,"Incidence":150.74,"Emission":65.8,"Phase":84.98,"Slew":60.11,"SubSol Lat":-1.08,"SubSol Lon":173.91,"Sun Azi":225,"Resolution":2.15,"Url":"https://data.lroc.im-ldi.com/lroc/view_lroc/LRO-L-LROC-3-CDR-V1.0/M1515748065RC","Start Time":"2025-10-22 04:53:18.594+00","label":"M1515748065RC"}},{"type":"Feature","geometry":{"type":"Polygon","coordinates":[[[23.7,-1.3],[23.31,-1.08],[23.31,-1.05],[23.7,-1.27],[23.7,-1.3]]]},"properties":{"Image":"M1515748065LC","Orbit":73468,"Incidence":150.31,"Emission":63.37,"Phase":86.95,"Slew":60.11,"SubSol Lat":-1.08,"SubSol Lon":173.91,"Sun Azi":226,"Resolution":2.04,"Url":"https://data.lroc.im-ldi.com/lroc/view_lroc/LRO-L-LROC-3-CDR-V1.0/M1515748065LC","Start Time":"2025-10-22 04:53:18.594+00","label":"M1515748065LC"}},{"type":"Feature","geometry":{"type":"Polygon","coordinates":[[[23.13,2.1],[23.24,2.11],[23.37,0.88],[23.25,0.87],[23.13,2.1]]]},"properties":{"Image":"M1514615937RC","Orbit":73307,"Incidence":49.63,"Emission":12.42,"Phase":37.25,"Slew":10.84,"SubSol Lat":-0.75,"SubSol Lon":333.66,"Sun Azi":177,"Resolution":0.71,"Url":"https://data.lroc.im-ldi.com/lroc/view_lroc/LRO-L-LROC-3-CDR-V1.0/M1514615937RC","Start Time":"2025-10-09 02:24:29.776+00","label":"M1514615937RC"}},{"type":"Feature","geometry":{"type":"Polygon","coordinates":[[[23.02,2.09],[23.13,2.1],[23.25,0.87],[23.14,0.86],[23.02,2.09]]]},"properties":{"Image":"M1514615937LC","Orbit":73307,"Incidence":49.52,"Emission":9.55,"Phase":39.99,"Slew":10.84,"SubSol Lat":-0.75,"SubSol Lon":333.66,"Sun Azi":177,"Resolution":0.71,"Url":"https://data.lroc.im-ldi.com/lroc/view_lroc/LRO-L-LROC-3-CDR-V1.0/M1514615937LC","Start Time":"2025-10-09 02:24:29.776+00","label":"M1514615937LC"}},{"type":"Feature","geometry":{"type":"Polygon","coordinates":[[[23.17,2.1],[23.29,2.11],[23.41,0.88],[23.29,0.87],[23.17,2.1]]]},"properties":{"Image":"M1514608925RC","Orbit":73306,"Incidence":48.69,"Emission":14.46,"Phase":63.13,"Slew":-15.01,"SubSol Lat":-0.75,"SubSol Lon":334.65,"Sun Azi":176,"Resolution":0.72,"Url":"https://data.lroc.im-ldi.com/lroc/view_lroc/LRO-L-LROC-3-CDR-V1.0/M1514608925RC","Start Time":"2025-10-09 00:27:38.426+00","label":"M1514608925RC"}},{"type":"Feature","geometry":{"type":"Polygon","coordinates":[[[23.05,2.08],[23.18,2.1],[23.29,0.86],[23.17,0.85],[23.05,2.08]]]},"properties":{"Image":"M1514608925LC","Orbit":73306,"Incidence":48.57,"Emission":17.33,"Phase":65.88,"Slew":-15.01,"SubSol Lat":-0.75,"SubSol Lon":334.65,"Sun Azi":176,"Resolution":0.72,"Url":"https://data.lroc.im-ldi.com/lroc/view_lroc/LRO-L-LROC-3-CDR-V1.0/M1514608925LC","Start Time":"2025-10-09 00:27:38.426+00","label":"M1514608925LC"}},{"type":"Feature","geometry":{"type":"Polygon","coordinates":[[[23.51,-0.14],[23.68,-0.12],[23.61,-2.65],[23.46,-2.67],[23.51,-0.14]]]},"properties":{"Image":"M1512281754RC","Orbit":72974,"Incidence":80.36,"Emission":34.59,"Phase":46.04,"Slew":32.02,"SubSol Lat":-0.05,"SubSol Lon":303.22,"Sun Azi":175,"Resolution":1.69,"Url":"https://data.lroc.im-ldi.com/lroc/view_lroc/LRO-L-LROC-3-CDR-V1.0/M1512281754RC","Start Time":"2025-09-12 02:01:26.331+00","label":"M1512281754RC"}},{"type":"Feature","geometry":{"type":"Polygon","coordinates":[[[23.36,-0.16],[23.52,-0.14],[23.47,-2.67],[23.32,-2.68],[23.36,-0.16]]]},"properties":{"Image":"M1512281754LC","Orbit":72974,"Incidence":80.21,"Emission":31.69,"Phase":48.75,"Slew":32.02,"SubSol Lat":-0.05,"SubSol Lon":303.22,"Sun Azi":176,"Resolution":1.66,"Url":"https://data.lroc.im-ldi.com/lroc/view_lroc/LRO-L-LROC-3-CDR-V1.0/M1512281754LC","Start Time":"2025-09-12 02:01:26.331+00","label":"M1512281754LC"}},{"type":"Feature","geometry":{"type":"Polygon","coordinates":[[[23.55,-0.38],[23.67,-0.36],[23.67,-2.94],[23.55,-2.95],[23.55,-0.38]]]},"properties":{"Image":"M1512274747RC","Orbit":72973,"Incidence":79.41,"Emission":10.59,"Phase":68.9,"Slew":9.08,"SubSol Lat":-0.05,"SubSol Lon":304.2,"Sun Azi":175,"Resolution":1.44,"Url":"https://data.lroc.im-ldi.com/lroc/view_lroc/LRO-L-LROC-3-CDR-V1.0/M1512274747RC","Start Time":"2025-09-12 00:04:39.609+00","label":"M1512274747RC"}},{"type":"Feature","geometry":{"type":"Polygon","coordinates":[[[23.44,-0.39],[23.56,-0.38],[23.56,-2.95],[23.44,-2.96],[23.44,-0.39]]]},"properties":{"Image":"M1512274747LC","Orbit":72973,"Incidence":79.3,"Emission":7.73,"Phase":71.62,"Slew":9.08,"SubSol Lat":-0.05,"SubSol Lon":304.2,"Sun Azi":175,"Resolution":1.44,"Url":"https://data.lroc.im-ldi.com/lroc/view_lroc/LRO-L-LROC-3-CDR-V1.0/M1512274747LC","Start Time":"2025-09-12 00:04:39.609+00","label":"M1512274747LC"}},{"type":"Feature","geometry":{"type":"Polygon","coordinates":[[[21.53,-3.82],[21.39,-3.81],[21.68,-0.86],[21.82,-0.87],[21.53,-3.82]]]},"properties":{"Image":"M1511107606RC","Orbit":72806,"Incidence":87.26,"Emission":1.17,"Phase":86.09,"Slew":0.01,"SubSol Lat":0.35,"SubSol Lon":108.84,"Sun Azi":186,"Resolution":1.66,"Url":"https://data.lroc.im-ldi.com/lroc/view_lroc/LRO-L-LROC-3-CDR-V1.0/M1511107606RC","Start Time":"2025-08-29 11:52:18.663+00","label":"M1511107606RC"}},{"type":"Feature","geometry":{"type":"Polygon","coordinates":[[[21.66,-3.83],[21.52,-3.82],[21.81,-0.87],[21.94,-0.88],[21.66,-3.83]]]},"properties":{"Image":"M1511107606LC","Orbit":72806,"Incidence":87.13,"Emission":1.71,"Phase":88.83,"Slew":0.01,"SubSol Lat":0.35,"SubSol Lon":108.84,"Sun Azi":187,"Resolution":1.66,"Url":"https://data.lroc.im-ldi.com/lroc/view_lroc/LRO-L-LROC-3-CDR-V1.0/M1511107606LC","Start Time":"2025-08-29 11:52:18.663+00","label":"M1511107606LC"}},{"type":"Feature","geometry":{"type":"Polygon","coordinates":[[[23.06,0.94],[22.93,0.95],[23.03,1.92],[23.16,1.9],[23.06,0.94]]]},"properties":{"Image":"M1511100689RC","Orbit":72806,"Incidence":86.77,"Emission":1.16,"Phase":85.62,"Slew":-0.01,"SubSol Lat":0.35,"SubSol Lon":109.82,"Sun Azi":186,"Resolution":0.82,"Url":"https://data.lroc.im-ldi.com/lroc/view_lroc/LRO-L-LROC-3-CDR-V1.0/M1511100689RC","Start Time":"2025-08-29 09:57:01.896+00","label":"M1511100689RC"}},{"type":"Feature","geometry":{"type":"Polygon","coordinates":[[[23.19,0.93],[23.06,0.94],[23.15,1.91],[23.28,1.89],[23.19,0.93]]]},"properties":{"Image":"M1511100689LC","Orbit":72806,"Incidence":86.65,"Emission":1.72,"Phase":88.36,"Slew":-0.01,"SubSol Lat":0.35,"SubSol Lon":109.82,"Sun Azi":186,"Resolution":0.82,"Url":"https://data.lroc.im-ldi.com/lroc/view_lroc/LRO-L-LROC-3-CDR-V1.0/M1511100689LC","Start Time":"2025-08-29 09:57:01.896+00","label":"M1511100689LC"}},{"type":"Feature","geometry":{"type":"Polygon","coordinates":[[[22.98,0.78],[22.83,0.79],[22.97,2.24],[23.12,2.22],[22.98,0.78]]]},"properties":{"Image":"M1508766533RC","Orbit":72473,"Incidence":56.83,"Emission":18.97,"Phase":75.7,"Slew":-19.21,"SubSol Lat":1.02,"SubSol Lon":79.81,"Sun Azi":188,"Resolution":0.87,"Url":"https://data.lroc.im-ldi.com/lroc/view_lroc/LRO-L-LROC-3-CDR-V1.0/M1508766533RC","Start Time":"2025-08-02 09:34:25.774+00","label":"M1508766533RC"}},{"type":"Feature","geometry":{"type":"Polygon","coordinates":[[[23.13,0.76],[22.98,0.78],[23.11,2.23],[23.27,2.21],[23.13,0.76]]]},"properties":{"Image":"M1508766533LC","Orbit":72473,"Incidence":56.68,"Emission":21.87,"Phase":78.45,"Slew":-19.21,"SubSol Lat":1.02,"SubSol Lon":79.81,"Sun Azi":188,"Resolution":0.88,"Url":"https://data.lroc.im-ldi.com/lroc/view_lroc/LRO-L-LROC-3-CDR-V1.0/M1508766533LC","Start Time":"2025-08-02 09:34:25.774+00","label":"M1508766533LC"}},{"type":"Feature","geometry":{"type":"Polygon","coordinates":[[[23.1,0.69],[22.97,0.7],[23.04,1.46],[23.18,1.45],[23.1,0.69]]]},"properties":{"Image":"M1508759520RC","Orbit":72472,"Incidence":57.72,"Emission":1.16,"Phase":56.57,"Slew":0,"SubSol Lat":1.02,"SubSol Lon":80.81,"Sun Azi":186,"Resolution":0.84,"Url":"https://data.lroc.im-ldi.com/lroc/view_lroc/LRO-L-LROC-3-CDR-V1.0/M1508759520RC","Start Time":"2025-08-02 07:37:32.78+00","label":"M1508759520RC"}},{"type":"Feature","geometry":{"type":"Polygon","coordinates":[[[23.23,0.68],[23.1,0.69],[23.17,1.45],[23.3,1.44],[23.23,0.68]]]},"properties":{"Image":"M1508759520LC","Orbit":72472,"Incidence":57.6,"Emission":1.72,"Phase":59.31,"Slew":0,"SubSol Lat":1.02,"SubSol Lon":80.81,"Sun Azi":187,"Resolution":0.84,"Url":"https://data.lroc.im-ldi.com/lroc/view_lroc/LRO-L-LROC-3-CDR-V1.0/M1508759520LC","Start Time":"2025-08-02 07:37:32.78+00","label":"M1508759520LC"}},{"type":"Feature","geometry":{"type":"Polygon","coordinates":[[[23.29,0.75],[23.14,0.76],[23.29,2.21],[23.44,2.19],[23.29,0.75]]]},"properties":{"Image":"M1508752510RC","Orbit":72471,"Incidence":58.49,"Emission":20.39,"Phase":38.24,"Slew":18.35,"SubSol Lat":1.02,"SubSol Lon":81.8,"Sun Azi":185,"Resolution":0.87,"Url":"https://data.lroc.im-ldi.com/lroc/view_lroc/LRO-L-LROC-3-CDR-V1.0/M1508752510RC","Start Time":"2025-08-02 05:40:42.839+00","label":"M1508752510RC"}},{"type":"Feature","geometry":{"type":"Polygon","coordinates":[[[23.43,0.74],[23.29,0.75],[23.43,2.2],[23.58,2.18],[23.43,0.74]]]},"properties":{"Image":"M1508752510LC","Orbit":72471,"Incidence":58.35,"Emission":17.5,"Phase":40.98,"Slew":18.35,"SubSol Lat":1.02,"SubSol Lon":81.8,"Sun Azi":186,"Resolution":0.86,"Url":"https://data.lroc.im-ldi.com/lroc/view_lroc/LRO-L-LROC-3-CDR-V1.0/M1508752510LC","Start Time":"2025-08-02 05:40:42.839+00","label":"M1508752510LC"}},{"type":"Feature","geometry":{"type":"Polygon","coordinates":[[[23,-0.65],[22.86,-0.64],[22.9,-0.31],[23.03,-0.33],[23,-0.65]]]},"properties":{"Image":"M1506418355RC","Orbit":72137,"Incidence":29.1,"Emission":1.16,"Phase":27.95,"Slew":0.01,"SubSol Lat":1.46,"SubSol Lon":51.99,"Sun Azi":189,"Resolution":0.85,"Url":"https://data.lroc.im-ldi.com/lroc/view_lroc/LRO-L-LROC-3-CDR-V1.0/M1506418355RC","Start Time":"2025-07-06 05:18:08.595+00","label":"M1506418355RC"}},{"type":"Feature","geometry":{"type":"Polygon","coordinates":[[[23.13,-0.66],[22.99,-0.65],[23.03,-0.32],[23.16,-0.34],[23.13,-0.66]]]},"properties":{"Image":"M1506418355LC","Orbit":72137,"Incidence":28.98,"Emission":1.72,"Phase":30.67,"Slew":0.01,"SubSol Lat":1.46,"SubSol Lon":51.99,"Sun Azi":190,"Resolution":0.85,"Url":"https://data.lroc.im-ldi.com/lroc/view_lroc/LRO-L-LROC-3-CDR-V1.0/M1506418355LC","Start Time":"2025-07-06 05:18:08.595+00","label":"M1506418355LC"}},{"type":"Feature","geometry":{"type":"Polygon","coordinates":[[[23.4,0.28],[23.4,1.24],[23.49,1.24],[23.49,0.28],[23.4,0.28]]]},"properties":{"Image":"M150368601RC","Orbit":7294,"Incidence":63.51,"Emission":31.85,"Phase":31.66,"Slew":-29.97,"SubSol Lat":0.79,"SubSol Lon":319.92,"Sun Azi":179,"Resolution":0.54,"Url":"https://data.lroc.im-ldi.com/lroc/view_lroc/LRO-L-LROC-3-CDR-V1.0/M150368601RC","Start Time":"2011-01-22 20:48:53.596+00","label":"M150368601RC"}},{"type":"Feature","geometry":{"type":"Polygon","coordinates":[[[23.32,0.28],[23.32,1.23],[23.4,1.23],[23.4,0.28],[23.32,0.28]]]},"properties":{"Image":"M150368601LC","Orbit":7294,"Incidence":63.43,"Emission":29.02,"Phase":34.41,"Slew":-29.97,"SubSol Lat":0.79,"SubSol Lon":319.92,"Sun Azi":180,"Resolution":0.53,"Url":"https://data.lroc.im-ldi.com/lroc/view_lroc/LRO-L-LROC-3-CDR-V1.0/M150368601LC","Start Time":"2011-01-22 20:48:53.596+00","label":"M150368601LC"}},{"type":"Feature","geometry":{"type":"Polygon","coordinates":[[[23.45,0.32],[23.45,1.27],[23.52,1.27],[23.52,0.32],[23.45,0.32]]]},"properties":{"Image":"M150361817RC","Orbit":7293,"Incidence":62.61,"Emission":9.41,"Phase":72.02,"Slew":10.31,"SubSol Lat":0.79,"SubSol Lon":320.87,"Sun Azi":179,"Resolution":0.47,"Url":"https://data.lroc.im-ldi.com/lroc/view_lroc/LRO-L-LROC-3-CDR-V1.0/M150361817RC","Start Time":"2011-01-22 18:55:49.626+00","label":"M150361817RC"}},{"type":"Feature","geometry":{"type":"Polygon","coordinates":[[[23.39,0.31],[23.39,1.27],[23.46,1.27],[23.46,0.31],[23.39,0.31]]]},"properties":{"Image":"M150361817LC","Orbit":7293,"Incidence":62.54,"Emission":12.22,"Phase":74.77,"Slew":10.31,"SubSol Lat":0.79,"SubSol Lon":320.87,"Sun Azi":180,"Resolution":0.48,"Url":"https://data.lroc.im-ldi.com/lroc/view_lroc/LRO-L-LROC-3-CDR-V1.0/M150361817LC","Start Time":"2011-01-22 18:55:49.626+00","label":"M150361817LC"}},{"type":"Feature","geometry":{"type":"Polygon","coordinates":[[[22.02,0.19],[22.17,1.7],[22.3,1.69],[22.16,0.18],[22.02,0.19]]]},"properties":{"Image":"M1499401290RC","Orbit":71137,"Incidence":58.03,"Emission":1.16,"Phase":56.87,"Slew":-0.01,"SubSol Lat":0.8,"SubSol Lon":324.13,"Sun Azi":185,"Resolution":0.85,"Url":"https://data.lroc.im-ldi.com/lroc/view_lroc/LRO-L-LROC-3-CDR-V1.0/M1499401290RC","Start Time":"2025-04-16 00:07:03.345+00","label":"M1499401290RC"}},{"type":"Feature","geometry":{"type":"Polygon","coordinates":[[[21.89,0.2],[22.04,1.71],[22.17,1.7],[22.03,0.19],[21.89,0.2]]]},"properties":{"Image":"M1499401290LC","Orbit":71137,"Incidence":57.9,"Emission":1.72,"Phase":59.61,"Slew":-0.01,"SubSol Lat":0.8,"SubSol Lon":324.13,"Sun Azi":186,"Resolution":0.85,"Url":"https://data.lroc.im-ldi.com/lroc/view_lroc/LRO-L-LROC-3-CDR-V1.0/M1499401290LC","Start Time":"2025-04-16 00:07:03.345+00","label":"M1499401290LC"}},{"type":"Feature","geometry":{"type":"Polygon","coordinates":[[[21.67,-3.06],[21.96,-0.06],[22.09,-0.08],[21.81,-3.07],[21.67,-3.06]]]},"properties":{"Image":"M1497059967RC","Orbit":70802,"Incidence":87.36,"Emission":1.16,"Phase":86.2,"Slew":0.01,"SubSol Lat":0.07,"SubSol Lon":294.53,"Sun Azi":185,"Resolution":1.68,"Url":"https://data.lroc.im-ldi.com/lroc/view_lroc/LRO-L-LROC-3-CDR-V1.0/M1497059967RC","Start Time":"2025-03-19 21:45:00.985+00","label":"M1497059967RC"}},{"type":"Feature","geometry":{"type":"Polygon","coordinates":[[[21.54,-3.05],[21.83,-0.05],[21.96,-0.07],[21.68,-3.06],[21.54,-3.05]]]},"properties":{"Image":"M1497059967LC","Orbit":70802,"Incidence":87.23,"Emission":1.72,"Phase":88.94,"Slew":0.01,"SubSol Lat":0.07,"SubSol Lon":294.53,"Sun Azi":186,"Resolution":1.68,"Url":"https://data.lroc.im-ldi.com/lroc/view_lroc/LRO-L-LROC-3-CDR-V1.0/M1497059967LC","Start Time":"2025-03-19 21:45:00.985+00","label":"M1497059967LC"}},{"type":"Feature","geometry":{"type":"Polygon","coordinates":[[[21.99,-0.01],[22.11,-1.31],[22,-1.32],[21.88,-0.02],[21.99,-0.01]]]},"properties":{"Image":"M1491210217RC","Orbit":69968,"Incidence":16.15,"Emission":1.17,"Phase":15,"Slew":-0.03,"SubSol Lat":-1.45,"SubSol Lon":38.13,"Sun Azi":172,"Resolution":0.73,"Url":"https://data.lroc.im-ldi.com/lroc/view_lroc/LRO-L-LROC-3-CDR-V1.0/M1491210217RC","Start Time":"2025-01-11 04:49:09.981+00","label":"M1491210217RC"}},{"type":"Feature","geometry":{"type":"Polygon","coordinates":[[[22.1,0],[22.22,-1.3],[22.11,-1.31],[21.99,-0.01],[22.1,0]]]},"properties":{"Image":"M1491210217LC","Orbit":69968,"Incidence":16.04,"Emission":1.69,"Phase":17.71,"Slew":-0.03,"SubSol Lat":-1.45,"SubSol Lon":38.13,"Sun Azi":172,"Resolution":0.73,"Url":"https://data.lroc.im-ldi.com/lroc/view_lroc/LRO-L-LROC-3-CDR-V1.0/M1491210217LC","Start Time":"2025-01-11 04:49:09.981+00","label":"M1491210217LC"}},{"type":"Feature","geometry":{"type":"Polygon","coordinates":[[[22.95,1.24],[23.07,-0.08],[22.96,-0.09],[22.83,1.23],[22.95,1.24]]]},"properties":{"Image":"M1491203184RC","Orbit":69967,"Incidence":16.29,"Emission":1.18,"Phase":15.16,"Slew":-0.03,"SubSol Lat":-1.45,"SubSol Lon":39.12,"Sun Azi":167,"Resolution":0.73,"Url":"https://data.lroc.im-ldi.com/lroc/view_lroc/LRO-L-LROC-3-CDR-V1.0/M1491203184RC","Start Time":"2025-01-11 02:51:57.091+00","label":"M1491203184RC"}},{"type":"Feature","geometry":{"type":"Polygon","coordinates":[[[23.06,1.26],[23.18,-0.07],[23.07,-0.08],[22.94,1.25],[23.06,1.26]]]},"properties":{"Image":"M1491203184LC","Orbit":69967,"Incidence":16.18,"Emission":1.69,"Phase":17.83,"Slew":-0.03,"SubSol Lat":-1.45,"SubSol Lon":39.12,"Sun Azi":167,"Resolution":0.73,"Url":"https://data.lroc.im-ldi.com/lroc/view_lroc/LRO-L-LROC-3-CDR-V1.0/M1491203184LC","Start Time":"2025-01-11 02:51:57.091+00","label":"M1491203184LC"}},{"type":"Feature","geometry":{"type":"Polygon","coordinates":[[[23.34,1.85],[23.47,1.87],[23.57,0.87],[23.44,0.85],[23.34,1.85]]]},"properties":{"Image":"M1488861930RC","Orbit":69633,"Incidence":15.09,"Emission":15.83,"Phase":1.58,"Slew":14.09,"SubSol Lat":-1.53,"SubSol Lon":8.64,"Sun Azi":185,"Resolution":0.77,"Url":"https://data.lroc.im-ldi.com/lroc/view_lroc/LRO-L-LROC-3-CDR-V1.0/M1488861930RC","Start Time":"2024-12-15 00:31:02.881+00","label":"M1488861930RC"}},{"type":"Feature","geometry":{"type":"Polygon","coordinates":[[[23.22,1.84],[23.35,1.85],[23.44,0.85],[23.32,0.84],[23.22,1.84]]]},"properties":{"Image":"M1488861930LC","Orbit":69633,"Incidence":14.97,"Emission":12.96,"Phase":2.42,"Slew":14.09,"SubSol Lat":-1.53,"SubSol Lon":8.64,"Sun Azi":186,"Resolution":0.77,"Url":"https://data.lroc.im-ldi.com/lroc/view_lroc/LRO-L-LROC-3-CDR-V1.0/M1488861930LC","Start Time":"2024-12-15 00:31:02.881+00","label":"M1488861930LC"}},{"type":"Feature","geometry":{"type":"Polygon","coordinates":[[[22.8,2.3],[22.92,2.31],[23.04,0.95],[22.92,0.93],[22.8,2.3]]]},"properties":{"Image":"M1486519197RC","Orbit":69299,"Incidence":44.49,"Emission":1.15,"Phase":43.35,"Slew":0.01,"SubSol Lat":-1.24,"SubSol Lon":338.51,"Sun Azi":178,"Resolution":0.76,"Url":"https://data.lroc.im-ldi.com/lroc/view_lroc/LRO-L-LROC-3-CDR-V1.0/M1486519197RC","Start Time":"2024-11-17 21:45:30.018+00","label":"M1486519197RC"}},{"type":"Feature","geometry":{"type":"Polygon","coordinates":[[[22.68,2.29],[22.8,2.3],[22.93,0.93],[22.81,0.92],[22.68,2.29]]]},"properties":{"Image":"M1486519197LC","Orbit":69299,"Incidence":44.38,"Emission":1.72,"Phase":46.09,"Slew":0.01,"SubSol Lat":-1.24,"SubSol Lon":338.51,"Sun Azi":178,"Resolution":0.76,"Url":"https://data.lroc.im-ldi.com/lroc/view_lroc/LRO-L-LROC-3-CDR-V1.0/M1486519197LC","Start Time":"2024-11-17 21:45:30.018+00","label":"M1486519197LC"}},{"type":"Feature","geometry":{"type":"Polygon","coordinates":[[[23.87,-0.9],[23.75,-0.89],[23.75,-0.85],[23.88,-0.87],[23.87,-0.9]]]},"properties":{"Image":"M1485337339RC","Orbit":69130,"Incidence":121.02,"Emission":1.16,"Phase":119.86,"Slew":0,"SubSol Lat":-0.93,"SubSol Lon":144.86,"Sun Azi":184,"Resolution":0.88,"Url":"https://data.lroc.im-ldi.com/lroc/view_lroc/LRO-L-LROC-3-CDR-V1.0/M1485337339RC","Start Time":"2024-11-04 05:27:52.176+00","label":"M1485337339RC"}},{"type":"Feature","geometry":{"type":"Polygon","coordinates":[[[23.45,1.29],[23.58,1.3],[23.71,-0.08],[23.58,-0.09],[23.45,1.29]]]},"properties":{"Image":"M1484169495RC","Orbit":68964,"Incidence":73.92,"Emission":12.51,"Phase":86.4,"Slew":-13.09,"SubSol Lat":-0.65,"SubSol Lon":309.67,"Sun Azi":174,"Resolution":0.8,"Url":"https://data.lroc.im-ldi.com/lroc/view_lroc/LRO-L-LROC-3-CDR-V1.0/M1484169495RC","Start Time":"2024-10-21 17:03:48.236+00","label":"M1484169495RC"}},{"type":"Feature","geometry":{"type":"Polygon","coordinates":[[[23.32,1.28],[23.46,1.29],[23.58,-0.1],[23.45,-0.11],[23.32,1.28]]]},"properties":{"Image":"M1484169495LC","Orbit":68964,"Incidence":73.79,"Emission":15.39,"Phase":89.13,"Slew":-13.09,"SubSol Lat":-0.65,"SubSol Lon":309.67,"Sun Azi":174,"Resolution":0.8,"Url":"https://data.lroc.im-ldi.com/lroc/view_lroc/LRO-L-LROC-3-CDR-V1.0/M1484169495LC","Start Time":"2024-10-21 17:03:48.236+00","label":"M1484169495LC"}},{"type":"Feature","geometry":{"type":"Polygon","coordinates":[[[22,1.24],[21.88,1.25],[21.95,2.04],[22.07,2.03],[22,1.24]]]},"properties":{"Image":"M1478323503RC","Orbit":68131,"Incidence":32.91,"Emission":1.15,"Phase":31.76,"Slew":0.01,"SubSol Lat":1.15,"SubSol Lon":54.89,"Sun Azi":185,"Resolution":0.75,"Url":"https://data.lroc.im-ldi.com/lroc/view_lroc/LRO-L-LROC-3-CDR-V1.0/M1478323503RC","Start Time":"2024-08-15 01:10:35.974+00","label":"M1478323503RC"}},{"type":"Feature","geometry":{"type":"Polygon","coordinates":[[[22.11,1.23],[21.99,1.25],[22.07,2.04],[22.18,2.02],[22.11,1.23]]]},"properties":{"Image":"M1478323503LC","Orbit":68131,"Incidence":32.8,"Emission":1.71,"Phase":34.51,"Slew":0.01,"SubSol Lat":1.15,"SubSol Lon":54.89,"Sun Azi":185,"Resolution":0.75,"Url":"https://data.lroc.im-ldi.com/lroc/view_lroc/LRO-L-LROC-3-CDR-V1.0/M1478323503LC","Start Time":"2024-08-15 01:10:35.974+00","label":"M1478323503LC"}},{"type":"Feature","geometry":{"type":"Polygon","coordinates":[[[22.97,0.19],[22.85,0.2],[22.97,1.5],[23.09,1.49],[22.97,0.19]]]},"properties":{"Image":"M1478316469RC","Orbit":68130,"Incidence":32.91,"Emission":1.15,"Phase":31.76,"Slew":0.01,"SubSol Lat":1.15,"SubSol Lon":55.89,"Sun Azi":186,"Resolution":0.74,"Url":"https://data.lroc.im-ldi.com/lroc/view_lroc/LRO-L-LROC-3-CDR-V1.0/M1478316469RC","Start Time":"2024-08-14 23:13:22.178+00","label":"M1478316469RC"}},{"type":"Feature","geometry":{"type":"Polygon","coordinates":[[[23.08,0.18],[22.97,0.2],[23.08,1.49],[23.2,1.48],[23.08,0.18]]]},"properties":{"Image":"M1478316469LC","Orbit":68130,"Incidence":32.8,"Emission":1.71,"Phase":34.5,"Slew":0.01,"SubSol Lat":1.15,"SubSol Lon":55.89,"Sun Azi":186,"Resolution":0.75,"Url":"https://data.lroc.im-ldi.com/lroc/view_lroc/LRO-L-LROC-3-CDR-V1.0/M1478316469LC","Start Time":"2024-08-14 23:13:22.178+00","label":"M1478316469LC"}},{"type":"Feature","geometry":{"type":"Polygon","coordinates":[[[21.86,0.04],[21.74,0.05],[21.86,1.37],[21.98,1.36],[21.86,0.04]]]},"properties":{"Image":"M1475980894RC","Orbit":67797,"Incidence":4.45,"Emission":1.16,"Phase":3.32,"Slew":0.01,"SubSol Lat":1.5,"SubSol Lon":26.24,"Sun Azi":195,"Resolution":0.74,"Url":"https://data.lroc.im-ldi.com/lroc/view_lroc/LRO-L-LROC-3-CDR-V1.0/M1475980894RC","Start Time":"2024-07-18 22:27:06.857+00","label":"M1475980894RC"}},{"type":"Feature","geometry":{"type":"Polygon","coordinates":[[[21.97,0.03],[21.86,0.04],[21.97,1.37],[22.09,1.36],[21.97,0.03]]]},"properties":{"Image":"M1475980894LC","Orbit":67797,"Incidence":4.34,"Emission":1.71,"Phase":6,"Slew":0.01,"SubSol Lat":1.5,"SubSol Lon":26.24,"Sun Azi":196,"Resolution":0.74,"Url":"https://data.lroc.im-ldi.com/lroc/view_lroc/LRO-L-LROC-3-CDR-V1.0/M1475980894LC","Start Time":"2024-07-18 22:27:06.857+00","label":"M1475980894LC"}},{"type":"Feature","geometry":{"type":"Polygon","coordinates":[[[22.81,-1.28],[22.69,-1.27],[22.81,0.03],[22.92,0.02],[22.81,-1.28]]]},"properties":{"Image":"M1475973855RC","Orbit":67795,"Incidence":4.91,"Emission":1.15,"Phase":3.92,"Slew":0.01,"SubSol Lat":1.5,"SubSol Lon":27.23,"Sun Azi":211,"Resolution":0.73,"Url":"https://data.lroc.im-ldi.com/lroc/view_lroc/LRO-L-LROC-3-CDR-V1.0/M1475973855RC","Start Time":"2024-07-18 20:29:47.897+00","label":"M1475973855RC"}},{"type":"Feature","geometry":{"type":"Polygon","coordinates":[[[22.92,-1.29],[22.8,-1.28],[22.92,0.02],[23.04,0.01],[22.92,-1.29]]]},"properties":{"Image":"M1475973855LC","Orbit":67795,"Incidence":4.81,"Emission":1.71,"Phase":6.34,"Slew":0.01,"SubSol Lat":1.5,"SubSol Lon":27.23,"Sun Azi":212,"Resolution":0.74,"Url":"https://data.lroc.im-ldi.com/lroc/view_lroc/LRO-L-LROC-3-CDR-V1.0/M1475973855LC","Start Time":"2024-07-18 20:29:47.897+00","label":"M1475973855LC"}},{"type":"Feature","geometry":{"type":"Polygon","coordinates":[[[21.78,-0.41],[21.78,-0.44],[21.65,-0.46],[21.64,-0.42],[21.78,-0.41]]]},"properties":{"Image":"M1470128920RC","Orbit":66962,"Incidence":112.1,"Emission":1.16,"Phase":110.96,"Slew":0,"SubSol Lat":0.96,"SubSol Lon":133.81,"Sun Azi":176,"Resolution":0.92,"Url":"https://data.lroc.im-ldi.com/lroc/view_lroc/LRO-L-LROC-3-CDR-V1.0/M1470128920RC","Start Time":"2024-05-12 04:54:13.495+00","label":"M1470128920RC"}},{"type":"Feature","geometry":{"type":"Polygon","coordinates":[[[21.9,-0.39],[21.91,-0.43],[21.77,-0.44],[21.77,-0.41],[21.9,-0.39]]]},"properties":{"Image":"M1470128920LC","Orbit":66962,"Incidence":111.98,"Emission":1.72,"Phase":113.69,"Slew":0,"SubSol Lat":0.96,"SubSol Lon":133.81,"Sun Azi":176,"Resolution":0.92,"Url":"https://data.lroc.im-ldi.com/lroc/view_lroc/LRO-L-LROC-3-CDR-V1.0/M1470128920LC","Start Time":"2024-05-12 04:54:13.495+00","label":"M1470128920LC"}},{"type":"Feature","geometry":{"type":"Polygon","coordinates":[[[21.72,0.26],[21.72,0.22],[21.59,0.21],[21.58,0.25],[21.72,0.26]]]},"properties":{"Image":"M1470128907RC","Orbit":66962,"Incidence":112.15,"Emission":1.16,"Phase":111,"Slew":0,"SubSol Lat":0.96,"SubSol Lon":133.81,"Sun Azi":176,"Resolution":0.91,"Url":"https://data.lroc.im-ldi.com/lroc/view_lroc/LRO-L-LROC-3-CDR-V1.0/M1470128907RC","Start Time":"2024-05-12 04:54:00.584+00","label":"M1470128907RC"}},{"type":"Feature","geometry":{"type":"Polygon","coordinates":[[[21.84,0.27],[21.85,0.24],[21.71,0.23],[21.71,0.26],[21.84,0.27]]]},"properties":{"Image":"M1470128907LC","Orbit":66962,"Incidence":112.03,"Emission":1.72,"Phase":113.74,"Slew":0,"SubSol Lat":0.96,"SubSol Lon":133.81,"Sun Azi":176,"Resolution":0.91,"Url":"https://data.lroc.im-ldi.com/lroc/view_lroc/LRO-L-LROC-3-CDR-V1.0/M1470128907LC","Start Time":"2024-05-12 04:54:00.584+00","label":"M1470128907LC"}},{"type":"Feature","geometry":{"type":"Polygon","coordinates":[[[21.66,0.93],[21.66,0.89],[21.53,0.88],[21.53,0.91],[21.66,0.93]]]},"properties":{"Image":"M1470128895RC","Orbit":66962,"Incidence":112.2,"Emission":1.16,"Phase":111.05,"Slew":0,"SubSol Lat":0.96,"SubSol Lon":133.82,"Sun Azi":176,"Resolution":0.9,"Url":"https://data.lroc.im-ldi.com/lroc/view_lroc/LRO-L-LROC-3-CDR-V1.0/M1470128895RC","Start Time":"2024-05-12 04:53:47.703+00","label":"M1470128895RC"}},{"type":"Feature","geometry":{"type":"Polygon","coordinates":[[[21.78,0.94],[21.79,0.91],[21.66,0.89],[21.65,0.93],[21.78,0.94]]]},"properties":{"Image":"M1470128895LC","Orbit":66962,"Incidence":112.07,"Emission":1.72,"Phase":113.79,"Slew":0,"SubSol Lat":0.96,"SubSol Lon":133.82,"Sun Azi":176,"Resolution":0.91,"Url":"https://data.lroc.im-ldi.com/lroc/view_lroc/LRO-L-LROC-3-CDR-V1.0/M1470128895LC","Start Time":"2024-05-12 04:53:47.703+00","label":"M1470128895LC"}},{"type":"Feature","geometry":{"type":"Polygon","coordinates":[[[23.32,-0.45],[23.47,2.18],[23.66,2.16],[23.52,-0.47],[23.32,-0.45]]]},"properties":{"Image":"M1468954313RC","Orbit":66794,"Incidence":83.53,"Emission":41.68,"Phase":42.04,"Slew":-38.63,"SubSol Lat":0.63,"SubSol Lon":299.99,"Sun Azi":183,"Resolution":1.93,"Url":"https://data.lroc.im-ldi.com/lroc/view_lroc/LRO-L-LROC-3-CDR-V1.0/M1468954313RC","Start Time":"2024-04-28 14:37:26.303+00","label":"M1468954313RC"}},{"type":"Feature","geometry":{"type":"Polygon","coordinates":[[[23.14,-0.43],[23.29,2.19],[23.47,2.18],[23.32,-0.45],[23.14,-0.43]]]},"properties":{"Image":"M1468954313LC","Orbit":66794,"Incidence":83.34,"Emission":38.74,"Phase":44.77,"Slew":-38.63,"SubSol Lat":0.63,"SubSol Lon":299.99,"Sun Azi":184,"Resolution":1.89,"Url":"https://data.lroc.im-ldi.com/lroc/view_lroc/LRO-L-LROC-3-CDR-V1.0/M1468954313LC","Start Time":"2024-04-28 14:37:26.303+00","label":"M1468954313LC"}},{"type":"Feature","geometry":{"type":"Polygon","coordinates":[[[22.28,1.15],[22.28,0.45],[22.21,0.45],[22.21,1.15],[22.28,1.15]]]},"properties":{"Image":"M146838426RC","Orbit":6773,"Incidence":74.22,"Emission":1.13,"Phase":73.1,"Slew":0.01,"SubSol Lat":-0.35,"SubSol Lon":96.46,"Sun Azi":179,"Resolution":0.91,"Url":"https://data.lroc.im-ldi.com/lroc/view_lroc/LRO-L-LROC-3-CDR-V1.0/M146838426RC","Start Time":"2010-12-13 00:12:38.849+00","label":"M146838426RC"}},{"type":"Feature","geometry":{"type":"Polygon","coordinates":[[[22.35,1.16],[22.35,0.45],[22.28,0.45],[22.28,1.16],[22.35,1.16]]]},"properties":{"Image":"M146838426LC","Orbit":6773,"Incidence":74.16,"Emission":1.69,"Phase":75.85,"Slew":0.01,"SubSol Lat":-0.35,"SubSol Lon":96.46,"Sun Azi":180,"Resolution":0.91,"Url":"https://data.lroc.im-ldi.com/lroc/view_lroc/LRO-L-LROC-3-CDR-V1.0/M146838426LC","Start Time":"2010-12-13 00:12:38.849+00","label":"M146838426LC"}},{"type":"Feature","geometry":{"type":"Polygon","coordinates":[[[21.45,0.41],[21.58,-1.06],[21.45,-1.07],[21.32,0.4],[21.45,0.41]]]},"properties":{"Image":"M1465444452RC","Orbit":66294,"Incidence":53.64,"Emission":1.16,"Phase":52.5,"Slew":0,"SubSol Lat":-0.48,"SubSol Lon":75.1,"Sun Azi":174,"Resolution":0.82,"Url":"https://data.lroc.im-ldi.com/lroc/view_lroc/LRO-L-LROC-3-CDR-V1.0/M1465444452RC","Start Time":"2024-03-18 23:39:45.451+00","label":"M1465444452RC"}},{"type":"Feature","geometry":{"type":"Polygon","coordinates":[[[21.58,0.43],[21.71,-1.05],[21.58,-1.06],[21.45,0.41],[21.58,0.43]]]},"properties":{"Image":"M1465444452LC","Orbit":66294,"Incidence":53.52,"Emission":1.72,"Phase":55.23,"Slew":0,"SubSol Lat":-0.48,"SubSol Lon":75.1,"Sun Azi":175,"Resolution":0.82,"Url":"https://data.lroc.im-ldi.com/lroc/view_lroc/LRO-L-LROC-3-CDR-V1.0/M1465444452LC","Start Time":"2024-03-18 23:39:45.451+00","label":"M1465444452LC"}},{"type":"Feature","geometry":{"type":"Polygon","coordinates":[[[21.33,1.69],[21.46,0.26],[21.33,0.25],[21.2,1.68],[21.33,1.69]]]},"properties":{"Image":"M1463102146LC","Orbit":65960,"Incidence":23.98,"Emission":1.71,"Phase":25.66,"Slew":-0.02,"SubSol Lat":-1.14,"SubSol Lon":45.22,"Sun Azi":170,"Resolution":0.8,"Url":"https://data.lroc.im-ldi.com/lroc/view_lroc/LRO-L-LROC-3-CDR-V1.0/M1463102146LC","Start Time":"2024-02-20 21:01:19.318+00","label":"M1463102146LC"}},{"type":"Feature","geometry":{"type":"Polygon","coordinates":[[[23.5,-0.01],[23.63,-1.47],[23.5,-1.48],[23.37,-0.03],[23.5,-0.01]]]},"properties":{"Image":"M1463088154RC","Orbit":65958,"Incidence":23.68,"Emission":1.16,"Phase":22.54,"Slew":-0.01,"SubSol Lat":-1.14,"SubSol Lon":47.18,"Sun Azi":174,"Resolution":0.81,"Url":"https://data.lroc.im-ldi.com/lroc/view_lroc/LRO-L-LROC-3-CDR-V1.0/M1463088154RC","Start Time":"2024-02-20 17:08:07.09+00","label":"M1463088154RC"}},{"type":"Feature","geometry":{"type":"Polygon","coordinates":[[[23.63,0],[23.76,-1.45],[23.63,-1.46],[23.5,-0.01],[23.63,0]]]},"properties":{"Image":"M1463088154LC","Orbit":65958,"Incidence":23.56,"Emission":1.72,"Phase":25.26,"Slew":-0.01,"SubSol Lat":-1.14,"SubSol Lon":47.18,"Sun Azi":174,"Resolution":0.81,"Url":"https://data.lroc.im-ldi.com/lroc/view_lroc/LRO-L-LROC-3-CDR-V1.0/M1463088154LC","Start Time":"2024-02-20 17:08:07.09+00","label":"M1463088154LC"}},{"type":"Feature","geometry":{"type":"Polygon","coordinates":[[[22.16,0.85],[22.28,0.86],[22.36,-0.06],[22.24,-0.07],[22.16,0.85]]]},"properties":{"Image":"M1458409717RC","Orbit":65291,"Incidence":36.5,"Emission":1.16,"Phase":35.35,"Slew":0.03,"SubSol Lat":-1.54,"SubSol Lon":345.81,"Sun Azi":178,"Resolution":0.64,"Url":"https://data.lroc.im-ldi.com/lroc/view_lroc/LRO-L-LROC-3-CDR-V1.0/M1458409717RC","Start Time":"2023-12-28 13:34:09.936+00","label":"M1458409717RC"}},{"type":"Feature","geometry":{"type":"Polygon","coordinates":[[[22.04,0.84],[22.16,0.85],[22.24,-0.07],[22.12,-0.08],[22.04,0.84]]]},"properties":{"Image":"M1458409717LC","Orbit":65291,"Incidence":36.38,"Emission":1.71,"Phase":38.09,"Slew":0.03,"SubSol Lat":-1.54,"SubSol Lon":345.81,"Sun Azi":178,"Resolution":0.64,"Url":"https://data.lroc.im-ldi.com/lroc/view_lroc/LRO-L-LROC-3-CDR-V1.0/M1458409717LC","Start Time":"2023-12-28 13:34:09.936+00","label":"M1458409717LC"}},{"type":"Feature","geometry":{"type":"Polygon","coordinates":[[[23.3,-0.01],[23.43,0],[23.51,-0.92],[23.38,-0.93],[23.3,-0.01]]]},"properties":{"Image":"M1458402717RC","Orbit":65290,"Incidence":36.62,"Emission":1.16,"Phase":35.48,"Slew":0.02,"SubSol Lat":-1.54,"SubSol Lon":346.79,"Sun Azi":177,"Resolution":0.64,"Url":"https://data.lroc.im-ldi.com/lroc/view_lroc/LRO-L-LROC-3-CDR-V1.0/M1458402717RC","Start Time":"2023-12-28 11:37:29.68+00","label":"M1458402717RC"}},{"type":"Feature","geometry":{"type":"Polygon","coordinates":[[[23.18,-0.02],[23.31,-0.01],[23.39,-0.93],[23.26,-0.94],[23.18,-0.02]]]},"properties":{"Image":"M1458402717LC","Orbit":65290,"Incidence":36.5,"Emission":1.72,"Phase":38.22,"Slew":0.02,"SubSol Lat":-1.54,"SubSol Lon":346.79,"Sun Azi":177,"Resolution":0.65,"Url":"https://data.lroc.im-ldi.com/lroc/view_lroc/LRO-L-LROC-3-CDR-V1.0/M1458402717LC","Start Time":"2023-12-28 11:37:29.68+00","label":"M1458402717LC"}},{"type":"Feature","geometry":{"type":"Polygon","coordinates":[[[23.31,2.49],[23.47,2.5],[23.59,1.14],[23.43,1.13],[23.31,2.49]]]},"properties":{"Image":"M1456065577RC","Orbit":64957,"Incidence":67.72,"Emission":28.47,"Phase":39.31,"Slew":26.12,"SubSol Lat":-1.17,"SubSol Lon":315.78,"Sun Azi":177,"Resolution":1.7,"Url":"https://data.lroc.im-ldi.com/lroc/view_lroc/LRO-L-LROC-3-CDR-V1.0/M1456065577RC","Start Time":"2023-12-01 10:25:10.102+00","label":"M1456065577RC"}},{"type":"Feature","geometry":{"type":"Polygon","coordinates":[[[23.17,2.47],[23.32,2.48],[23.44,1.12],[23.29,1.11],[23.17,2.47]]]},"properties":{"Image":"M1456065577LC","Orbit":64957,"Incidence":67.58,"Emission":25.58,"Phase":42.04,"Slew":26.12,"SubSol Lat":-1.17,"SubSol Lon":315.78,"Sun Azi":178,"Resolution":1.68,"Url":"https://data.lroc.im-ldi.com/lroc/view_lroc/LRO-L-LROC-3-CDR-V1.0/M1456065577LC","Start Time":"2023-12-01 10:25:10.102+00","label":"M1456065577LC"}},{"type":"Feature","geometry":{"type":"Polygon","coordinates":[[[23.23,2.05],[23.35,2.06],[23.59,-0.63],[23.46,-0.64],[23.23,2.05]]]},"properties":{"Image":"M1456058565RC","Orbit":64956,"Incidence":66.67,"Emission":1.15,"Phase":65.52,"Slew":0,"SubSol Lat":-1.16,"SubSol Lon":316.77,"Sun Azi":176,"Resolution":1.52,"Url":"https://data.lroc.im-ldi.com/lroc/view_lroc/LRO-L-LROC-3-CDR-V1.0/M1456058565RC","Start Time":"2023-12-01 08:28:18.618+00","label":"M1456058565RC"}},{"type":"Feature","geometry":{"type":"Polygon","coordinates":[[[23.12,2.04],[23.24,2.05],[23.47,-0.65],[23.35,-0.66],[23.12,2.04]]]},"properties":{"Image":"M1456058565LC","Orbit":64956,"Incidence":66.55,"Emission":1.71,"Phase":68.26,"Slew":0,"SubSol Lat":-1.16,"SubSol Lon":316.77,"Sun Azi":177,"Resolution":1.52,"Url":"https://data.lroc.im-ldi.com/lroc/view_lroc/LRO-L-LROC-3-CDR-V1.0/M1456058565LC","Start Time":"2023-12-01 08:28:18.618+00","label":"M1456058565LC"}},{"type":"Feature","geometry":{"type":"Polygon","coordinates":[[[23.48,-0.11],[23.34,-0.1],[23.42,0.92],[23.56,0.91],[23.48,-0.11]]]},"properties":{"Image":"M1447850428RC","Orbit":63786,"Incidence":10.88,"Emission":1.18,"Phase":9.7,"Slew":0.12,"SubSol Lat":1.23,"SubSol Lon":34.3,"Sun Azi":189,"Resolution":0.89,"Url":"https://data.lroc.im-ldi.com/lroc/view_lroc/LRO-L-LROC-3-CDR-V1.0/M1447850428RC","Start Time":"2023-08-28 08:26:01.406+00","label":"M1447850428RC"}},{"type":"Feature","geometry":{"type":"Polygon","coordinates":[[[23.61,-0.12],[23.47,-0.11],[23.56,0.91],[23.7,0.9],[23.61,-0.12]]]},"properties":{"Image":"M1447850428LC","Orbit":63786,"Incidence":10.75,"Emission":1.73,"Phase":12.43,"Slew":0.12,"SubSol Lat":1.23,"SubSol Lon":34.3,"Sun Azi":190,"Resolution":0.89,"Url":"https://data.lroc.im-ldi.com/lroc/view_lroc/LRO-L-LROC-3-CDR-V1.0/M1447850428LC","Start Time":"2023-08-28 08:26:01.406+00","label":"M1447850428LC"}},{"type":"Feature","geometry":{"type":"Polygon","coordinates":[[[23.34,-0.36],[23.48,1.24],[23.69,1.22],[23.55,-0.37],[23.34,-0.36]]]},"properties":{"Image":"M1443174042RC","Orbit":63120,"Incidence":47.76,"Emission":34.52,"Phase":13.4,"Slew":-31.54,"SubSol Lat":1.46,"SubSol Lon":335.76,"Sun Azi":183,"Resolution":1.08,"Url":"https://data.lroc.im-ldi.com/lroc/view_lroc/LRO-L-LROC-3-CDR-V1.0/M1443174042RC","Start Time":"2023-07-05 05:26:15.1+00","label":"M1443174042RC"}},{"type":"Feature","geometry":{"type":"Polygon","coordinates":[[[23.15,-0.34],[23.28,1.25],[23.48,1.23],[23.35,-0.36],[23.15,-0.34]]]},"properties":{"Image":"M1443174042LC","Orbit":63120,"Incidence":47.56,"Emission":31.58,"Phase":16.12,"Slew":-31.54,"SubSol Lat":1.46,"SubSol Lon":335.76,"Sun Azi":183,"Resolution":1.07,"Url":"https://data.lroc.im-ldi.com/lroc/view_lroc/LRO-L-LROC-3-CDR-V1.0/M1443174042LC","Start Time":"2023-07-05 05:26:15.1+00","label":"M1443174042LC"}},{"type":"Feature","geometry":{"type":"Polygon","coordinates":[[[23.4,-0.04],[23.53,1.53],[23.69,1.52],[23.55,-0.06],[23.4,-0.04]]]},"properties":{"Image":"M1443167025RC","Orbit":63120,"Incidence":46.79,"Emission":16.67,"Phase":30.16,"Slew":-14.75,"SubSol Lat":1.46,"SubSol Lon":336.75,"Sun Azi":183,"Resolution":0.93,"Url":"https://data.lroc.im-ldi.com/lroc/view_lroc/LRO-L-LROC-3-CDR-V1.0/M1443167025RC","Start Time":"2023-07-05 03:29:18.474+00","label":"M1443167025RC"}},{"type":"Feature","geometry":{"type":"Polygon","coordinates":[[[23.25,-0.04],[23.38,1.54],[23.53,1.53],[23.4,-0.05],[23.25,-0.04]]]},"properties":{"Image":"M1443167025LC","Orbit":63120,"Incidence":46.64,"Emission":13.77,"Phase":32.9,"Slew":-14.75,"SubSol Lat":1.46,"SubSol Lon":336.75,"Sun Azi":184,"Resolution":0.92,"Url":"https://data.lroc.im-ldi.com/lroc/view_lroc/LRO-L-LROC-3-CDR-V1.0/M1443167025LC","Start Time":"2023-07-05 03:29:18.474+00","label":"M1443167025LC"}},{"type":"Feature","geometry":{"type":"Polygon","coordinates":[[[21.72,1.23],[21.86,2.87],[22,2.86],[21.87,1.21],[21.72,1.23]]]},"properties":{"Image":"M1440829054RC","Orbit":62787,"Incidence":74.33,"Emission":1.17,"Phase":73.16,"Slew":0,"SubSol Lat":1.09,"SubSol Lon":307.51,"Sun Azi":184,"Resolution":0.92,"Url":"https://data.lroc.im-ldi.com/lroc/view_lroc/LRO-L-LROC-3-CDR-V1.0/M1440829054RC","Start Time":"2023-06-08 02:03:07.426+00","label":"M1440829054RC"}},{"type":"Feature","geometry":{"type":"Polygon","coordinates":[[[21.58,1.24],[21.71,2.88],[21.86,2.86],[21.73,1.22],[21.58,1.24]]]},"properties":{"Image":"M1440829054LC","Orbit":62787,"Incidence":74.19,"Emission":1.73,"Phase":75.91,"Slew":0,"SubSol Lat":1.09,"SubSol Lon":307.51,"Sun Azi":185,"Resolution":0.92,"Url":"https://data.lroc.im-ldi.com/lroc/view_lroc/LRO-L-LROC-3-CDR-V1.0/M1440829054LC","Start Time":"2023-06-08 02:03:07.426+00","label":"M1440829054LC"}},{"type":"Feature","geometry":{"type":"Polygon","coordinates":[[[22.67,-0.19],[22.94,3.06],[23.09,3.05],[22.82,-0.2],[22.67,-0.19]]]},"properties":{"Image":"M1440822005RC","Orbit":62785,"Incidence":74.36,"Emission":1.16,"Phase":73.19,"Slew":0,"SubSol Lat":1.09,"SubSol Lon":308.5,"Sun Azi":184,"Resolution":1.82,"Url":"https://data.lroc.im-ldi.com/lroc/view_lroc/LRO-L-LROC-3-CDR-V1.0/M1440822005RC","Start Time":"2023-06-08 00:05:38.742+00","label":"M1440822005RC"}},{"type":"Feature","geometry":{"type":"Polygon","coordinates":[[[22.53,-0.18],[22.8,3.07],[22.94,3.06],[22.68,-0.19],[22.53,-0.18]]]},"properties":{"Image":"M1440822005LC","Orbit":62785,"Incidence":74.22,"Emission":1.73,"Phase":75.94,"Slew":0,"SubSol Lat":1.09,"SubSol Lon":308.5,"Sun Azi":184,"Resolution":1.83,"Url":"https://data.lroc.im-ldi.com/lroc/view_lroc/LRO-L-LROC-3-CDR-V1.0/M1440822005LC","Start Time":"2023-06-08 00:05:38.742+00","label":"M1440822005LC"}},{"type":"Feature","geometry":{"type":"Polygon","coordinates":[[[22.99,-0.97],[23.19,-3.5],[23.08,-3.51],[22.88,-0.98],[22.99,-0.97]]]},"properties":{"Image":"M1439653033RC","Orbit":62619,"Incidence":90.55,"Emission":1.14,"Phase":89.42,"Slew":0.01,"SubSol Lat":0.81,"SubSol Lon":113.55,"Sun Azi":176,"Resolution":1.4,"Url":"https://data.lroc.im-ldi.com/lroc/view_lroc/LRO-L-LROC-3-CDR-V1.0/M1439653033RC","Start Time":"2023-05-25 11:22:46.067+00","label":"M1439653033RC"}},{"type":"Feature","geometry":{"type":"Polygon","coordinates":[[[23.09,-0.95],[23.3,-3.48],[23.19,-3.49],[22.98,-0.96],[23.09,-0.95]]]},"properties":{"Image":"M1439653033LC","Orbit":62619,"Incidence":90.45,"Emission":1.71,"Phase":92.16,"Slew":0.01,"SubSol Lat":0.81,"SubSol Lon":113.55,"Sun Azi":176,"Resolution":1.4,"Url":"https://data.lroc.im-ldi.com/lroc/view_lroc/LRO-L-LROC-3-CDR-V1.0/M1439653033LC","Start Time":"2023-05-25 11:22:46.067+00","label":"M1439653033LC"}},{"type":"Feature","geometry":{"type":"Polygon","coordinates":[[[22.6,2.03],[22.7,0.75],[22.59,0.74],[22.49,2.02],[22.6,2.03]]]},"properties":{"Image":"M1434963991RC","Orbit":61951,"Incidence":33.33,"Emission":1.15,"Phase":32.21,"Slew":-0.01,"SubSol Lat":-0.67,"SubSol Lon":55.87,"Sun Azi":172,"Resolution":0.71,"Url":"https://data.lroc.im-ldi.com/lroc/view_lroc/LRO-L-LROC-3-CDR-V1.0/M1434963991RC","Start Time":"2023-04-01 04:52:03.861+00","label":"M1434963991RC"}},{"type":"Feature","geometry":{"type":"Polygon","coordinates":[[[22.7,2.04],[22.81,0.76],[22.7,0.75],[22.59,2.04],[22.7,2.04]]]},"properties":{"Image":"M1434963991LC","Orbit":61951,"Incidence":33.23,"Emission":1.71,"Phase":34.92,"Slew":-0.01,"SubSol Lat":-0.67,"SubSol Lon":55.87,"Sun Azi":172,"Resolution":0.71,"Url":"https://data.lroc.im-ldi.com/lroc/view_lroc/LRO-L-LROC-3-CDR-V1.0/M1434963991LC","Start Time":"2023-04-01 04:52:03.861+00","label":"M1434963991LC"}},{"type":"Feature","geometry":{"type":"Polygon","coordinates":[[[23.79,0.51],[23.9,-0.77],[23.79,-0.78],[23.68,0.5],[23.79,0.51]]]},"properties":{"Image":"M1434957003RC","Orbit":61950,"Incidence":33.06,"Emission":1.15,"Phase":31.93,"Slew":-0.01,"SubSol Lat":-0.67,"SubSol Lon":56.85,"Sun Azi":174,"Resolution":0.71,"Url":"https://data.lroc.im-ldi.com/lroc/view_lroc/LRO-L-LROC-3-CDR-V1.0/M1434957003RC","Start Time":"2023-04-01 02:55:36.102+00","label":"M1434957003RC"}},{"type":"Feature","geometry":{"type":"Polygon","coordinates":[[[22.37,0.59],[22.47,-0.69],[22.36,-0.7],[22.26,0.58],[22.37,0.59]]]},"properties":{"Image":"M1432621085RC","Orbit":61617,"Incidence":4.08,"Emission":1.16,"Phase":3.08,"Slew":-0.01,"SubSol Lat":-1.28,"SubSol Lon":26.25,"Sun Azi":158,"Resolution":0.71,"Url":"https://data.lroc.im-ldi.com/lroc/view_lroc/LRO-L-LROC-3-CDR-V1.0/M1432621085RC","Start Time":"2023-03-05 02:03:38.015+00","label":"M1432621085RC"}},{"type":"Feature","geometry":{"type":"Polygon","coordinates":[[[22.48,0.61],[22.58,-0.67],[22.47,-0.68],[22.36,0.6],[22.48,0.61]]]},"properties":{"Image":"M1432621085LC","Orbit":61617,"Incidence":3.98,"Emission":1.71,"Phase":5.59,"Slew":-0.01,"SubSol Lat":-1.28,"SubSol Lon":26.25,"Sun Azi":157,"Resolution":0.71,"Url":"https://data.lroc.im-ldi.com/lroc/view_lroc/LRO-L-LROC-3-CDR-V1.0/M1432621085LC","Start Time":"2023-03-05 02:03:38.015+00","label":"M1432621085LC"}},{"type":"Feature","geometry":{"type":"Polygon","coordinates":[[[23.49,-0.06],[23.6,-1.34],[23.48,-1.35],[23.38,-0.07],[23.49,-0.06]]]},"properties":{"Image":"M1432614084RC","Orbit":61616,"Incidence":3.79,"Emission":1.16,"Phase":2.71,"Slew":-0.02,"SubSol Lat":-1.28,"SubSol Lon":27.24,"Sun Azi":166,"Resolution":0.71,"Url":"https://data.lroc.im-ldi.com/lroc/view_lroc/LRO-L-LROC-3-CDR-V1.0/M1432614084RC","Start Time":"2023-03-05 00:06:57.281+00","label":"M1432614084RC"}},{"type":"Feature","geometry":{"type":"Polygon","coordinates":[[[23.6,-0.05],[23.7,-1.33],[23.59,-1.34],[23.49,-0.06],[23.6,-0.05]]]},"properties":{"Image":"M1432614084LC","Orbit":61616,"Incidence":3.69,"Emission":1.7,"Phase":5.35,"Slew":-0.02,"SubSol Lat":-1.28,"SubSol Lon":27.24,"Sun Azi":166,"Resolution":0.71,"Url":"https://data.lroc.im-ldi.com/lroc/view_lroc/LRO-L-LROC-3-CDR-V1.0/M1432614084LC","Start Time":"2023-03-05 00:06:57.281+00","label":"M1432614084LC"}},{"type":"Feature","geometry":{"type":"Polygon","coordinates":[[[22.02,0.63],[22.14,0.64],[22.24,-0.68],[22.12,-0.69],[22.02,0.63]]]},"properties":{"Image":"M1430277864RC","Orbit":61283,"Incidence":25.84,"Emission":1.16,"Phase":24.69,"Slew":0.01,"SubSol Lat":-1.58,"SubSol Lon":356.33,"Sun Azi":179,"Resolution":0.74,"Url":"https://data.lroc.im-ldi.com/lroc/view_lroc/LRO-L-LROC-3-CDR-V1.0/M1430277864RC","Start Time":"2023-02-05 23:09:56.703+00","label":"M1430277864RC"}},{"type":"Feature","geometry":{"type":"Polygon","coordinates":[[[21.91,0.62],[22.02,0.63],[22.13,-0.7],[22.01,-0.7],[21.91,0.62]]]},"properties":{"Image":"M1430277864LC","Orbit":61283,"Incidence":25.73,"Emission":1.71,"Phase":27.44,"Slew":0.01,"SubSol Lat":-1.58,"SubSol Lon":356.33,"Sun Azi":179,"Resolution":0.74,"Url":"https://data.lroc.im-ldi.com/lroc/view_lroc/LRO-L-LROC-3-CDR-V1.0/M1430277864LC","Start Time":"2023-02-05 23:09:56.703+00","label":"M1430277864LC"}},{"type":"Feature","geometry":{"type":"Polygon","coordinates":[[[23.07,-0.28],[23.2,-0.27],[23.22,-0.62],[23.1,-0.63],[23.07,-0.28]]]},"properties":{"Image":"M1427926018RC","Orbit":60948,"Incidence":55.76,"Emission":1.16,"Phase":54.61,"Slew":0.01,"SubSol Lat":-1.49,"SubSol Lon":327.39,"Sun Azi":177,"Resolution":0.76,"Url":"https://data.lroc.im-ldi.com/lroc/view_lroc/LRO-L-LROC-3-CDR-V1.0/M1427926018RC","Start Time":"2023-01-09 17:52:30.965+00","label":"M1427926018RC"}},{"type":"Feature","geometry":{"type":"Polygon","coordinates":[[[22.96,-0.29],[23.08,-0.28],[23.11,-0.63],[22.99,-0.64],[22.96,-0.29]]]},"properties":{"Image":"M1427926018LC","Orbit":60948,"Incidence":55.64,"Emission":1.71,"Phase":57.35,"Slew":0.01,"SubSol Lat":-1.49,"SubSol Lon":327.39,"Sun Azi":177,"Resolution":0.76,"Url":"https://data.lroc.im-ldi.com/lroc/view_lroc/LRO-L-LROC-3-CDR-V1.0/M1427926018LC","Start Time":"2023-01-09 17:52:30.965+00","label":"M1427926018LC"}},{"type":"Feature","geometry":{"type":"Polygon","coordinates":[[[21.92,1.1],[21.79,1.11],[21.79,1.14],[21.93,1.13],[21.92,1.1]]]},"properties":{"Image":"M1426756657RC","Orbit":60782,"Incidence":109.91,"Emission":1.16,"Phase":108.75,"Slew":0,"SubSol Lat":-1.23,"SubSol Lon":131.75,"Sun Azi":184,"Resolution":0.94,"Url":"https://data.lroc.im-ldi.com/lroc/view_lroc/LRO-L-LROC-3-CDR-V1.0/M1426756657RC","Start Time":"2022-12-27 05:03:10.388+00","label":"M1426756657RC"}},{"type":"Feature","geometry":{"type":"Polygon","coordinates":[[[22.05,1.09],[21.92,1.1],[21.92,1.14],[22.06,1.12],[22.05,1.09]]]},"properties":{"Image":"M1426756657LC","Orbit":60782,"Incidence":109.78,"Emission":1.72,"Phase":111.5,"Slew":0,"SubSol Lat":-1.23,"SubSol Lon":131.75,"Sun Azi":184,"Resolution":0.94,"Url":"https://data.lroc.im-ldi.com/lroc/view_lroc/LRO-L-LROC-3-CDR-V1.0/M1426756657LC","Start Time":"2022-12-27 05:03:10.388+00","label":"M1426756657LC"}},{"type":"Feature","geometry":{"type":"Polygon","coordinates":[[[21.87,0.43],[21.73,0.44],[21.74,0.47],[21.87,0.46],[21.87,0.43]]]},"properties":{"Image":"M1426756644RC","Orbit":60782,"Incidence":109.96,"Emission":1.16,"Phase":108.8,"Slew":0,"SubSol Lat":-1.23,"SubSol Lon":131.75,"Sun Azi":183,"Resolution":0.93,"Url":"https://data.lroc.im-ldi.com/lroc/view_lroc/LRO-L-LROC-3-CDR-V1.0/M1426756644RC","Start Time":"2022-12-27 05:02:57.444+00","label":"M1426756644RC"}},{"type":"Feature","geometry":{"type":"Polygon","coordinates":[[[22,0.42],[21.87,0.43],[21.87,0.47],[22,0.45],[22,0.42]]]},"properties":{"Image":"M1426756644LC","Orbit":60782,"Incidence":109.83,"Emission":1.72,"Phase":111.54,"Slew":0,"SubSol Lat":-1.23,"SubSol Lon":131.75,"Sun Azi":184,"Resolution":0.93,"Url":"https://data.lroc.im-ldi.com/lroc/view_lroc/LRO-L-LROC-3-CDR-V1.0/M1426756644LC","Start Time":"2022-12-27 05:02:57.444+00","label":"M1426756644LC"}},{"type":"Feature","geometry":{"type":"Polygon","coordinates":[[[21.82,-0.24],[21.68,-0.23],[21.69,-0.19],[21.82,-0.21],[21.82,-0.24]]]},"properties":{"Image":"M1426756631RC","Orbit":60781,"Incidence":110,"Emission":1.16,"Phase":108.83,"Slew":0,"SubSol Lat":-1.23,"SubSol Lon":131.76,"Sun Azi":183,"Resolution":0.92,"Url":"https://data.lroc.im-ldi.com/lroc/view_lroc/LRO-L-LROC-3-CDR-V1.0/M1426756631RC","Start Time":"2022-12-27 05:02:44.533+00","label":"M1426756631RC"}},{"type":"Feature","geometry":{"type":"Polygon","coordinates":[[[21.95,-0.25],[21.81,-0.24],[21.82,-0.2],[21.95,-0.21],[21.95,-0.25]]]},"properties":{"Image":"M1426756631LC","Orbit":60781,"Incidence":109.87,"Emission":1.72,"Phase":111.58,"Slew":0,"SubSol Lat":-1.23,"SubSol Lon":131.76,"Sun Azi":184,"Resolution":0.92,"Url":"https://data.lroc.im-ldi.com/lroc/view_lroc/LRO-L-LROC-3-CDR-V1.0/M1426756631LC","Start Time":"2022-12-27 05:02:44.533+00","label":"M1426756631LC"}},{"type":"Feature","geometry":{"type":"Polygon","coordinates":[[[21.76,-0.91],[21.63,-0.9],[21.63,-0.86],[21.77,-0.87],[21.76,-0.91]]]},"properties":{"Image":"M1426756618RC","Orbit":60781,"Incidence":110.03,"Emission":1.16,"Phase":108.87,"Slew":0,"SubSol Lat":-1.23,"SubSol Lon":131.76,"Sun Azi":183,"Resolution":0.91,"Url":"https://data.lroc.im-ldi.com/lroc/view_lroc/LRO-L-LROC-3-CDR-V1.0/M1426756618RC","Start Time":"2022-12-27 05:02:31.651+00","label":"M1426756618RC"}},{"type":"Feature","geometry":{"type":"Polygon","coordinates":[[[21.89,-0.91],[21.76,-0.9],[21.76,-0.87],[21.9,-0.88],[21.89,-0.91]]]},"properties":{"Image":"M1426756618LC","Orbit":60781,"Incidence":109.9,"Emission":1.72,"Phase":111.62,"Slew":0,"SubSol Lat":-1.23,"SubSol Lon":131.76,"Sun Azi":183,"Resolution":0.91,"Url":"https://data.lroc.im-ldi.com/lroc/view_lroc/LRO-L-LROC-3-CDR-V1.0/M1426756618LC","Start Time":"2022-12-27 05:02:31.651+00","label":"M1426756618LC"}},{"type":"Feature","geometry":{"type":"Polygon","coordinates":[[[22.07,-0.71],[22.19,-0.7],[22.41,-3.49],[22.29,-3.5],[22.07,-0.71]]]},"properties":{"Image":"M1425587286RC","Orbit":60615,"Incidence":85.66,"Emission":1.15,"Phase":84.52,"Slew":-0.01,"SubSol Lat":-1.03,"SubSol Lon":296.55,"Sun Azi":176,"Resolution":1.56,"Url":"https://data.lroc.im-ldi.com/lroc/view_lroc/LRO-L-LROC-3-CDR-V1.0/M1425587286RC","Start Time":"2022-12-13 16:13:39.807+00","label":"M1425587286RC"}},{"type":"Feature","geometry":{"type":"Polygon","coordinates":[[[21.95,-0.72],[22.07,-0.72],[22.29,-3.5],[22.17,-3.51],[21.95,-0.72]]]},"properties":{"Image":"M1425587286LC","Orbit":60615,"Incidence":85.54,"Emission":1.72,"Phase":87.26,"Slew":-0.01,"SubSol Lat":-1.03,"SubSol Lon":296.55,"Sun Azi":176,"Resolution":1.56,"Url":"https://data.lroc.im-ldi.com/lroc/view_lroc/LRO-L-LROC-3-CDR-V1.0/M1425587286LC","Start Time":"2022-12-13 16:13:39.807+00","label":"M1425587286LC"}},{"type":"Feature","geometry":{"type":"Polygon","coordinates":[[[21.85,-0.23],[21.72,-0.22],[21.95,2.74],[22.08,2.73],[21.85,-0.23]]]},"properties":{"Image":"M1424410807RC","Orbit":60447,"Incidence":80,"Emission":1.14,"Phase":78.86,"Slew":-0.02,"SubSol Lat":-0.66,"SubSol Lon":101.89,"Sun Azi":184,"Resolution":1.66,"Url":"https://data.lroc.im-ldi.com/lroc/view_lroc/LRO-L-LROC-3-CDR-V1.0/M1424410807RC","Start Time":"2022-11-30 01:25:40.816+00","label":"M1424410807RC"}},{"type":"Feature","geometry":{"type":"Polygon","coordinates":[[[21.98,-0.23],[21.85,-0.22],[22.08,2.73],[22.21,2.72],[21.98,-0.23]]]},"properties":{"Image":"M1424410807LC","Orbit":60447,"Incidence":79.88,"Emission":1.73,"Phase":81.61,"Slew":-0.02,"SubSol Lat":-0.66,"SubSol Lon":101.89,"Sun Azi":184,"Resolution":1.66,"Url":"https://data.lroc.im-ldi.com/lroc/view_lroc/LRO-L-LROC-3-CDR-V1.0/M1424410807LC","Start Time":"2022-11-30 01:25:40.816+00","label":"M1424410807LC"}},{"type":"Feature","geometry":{"type":"Polygon","coordinates":[[[22.72,-2.68],[22.59,-2.67],[22.74,-0.78],[22.87,-0.79],[22.72,-2.68]]]},"properties":{"Image":"M1424403737RC","Orbit":60446,"Incidence":80.14,"Emission":1.14,"Phase":79,"Slew":-0.02,"SubSol Lat":-0.66,"SubSol Lon":102.88,"Sun Azi":184,"Resolution":1.63,"Url":"https://data.lroc.im-ldi.com/lroc/view_lroc/LRO-L-LROC-3-CDR-V1.0/M1424403737RC","Start Time":"2022-11-29 23:27:50.269+00","label":"M1424403737RC"}},{"type":"Feature","geometry":{"type":"Polygon","coordinates":[[[22.85,-2.68],[22.72,-2.67],[22.87,-0.78],[23,-0.8],[22.85,-2.68]]]},"properties":{"Image":"M1424403737LC","Orbit":60446,"Incidence":80.01,"Emission":1.74,"Phase":81.74,"Slew":-0.02,"SubSol Lat":-0.66,"SubSol Lon":102.88,"Sun Azi":185,"Resolution":1.63,"Url":"https://data.lroc.im-ldi.com/lroc/view_lroc/LRO-L-LROC-3-CDR-V1.0/M1424403737LC","Start Time":"2022-11-29 23:27:50.269+00","label":"M1424403737LC"}},{"type":"Feature","geometry":{"type":"Polygon","coordinates":[[[23.11,0.78],[22.98,0.79],[23.09,2.22],[23.22,2.21],[23.11,0.78]]]},"properties":{"Image":"M1422057289RC","Orbit":60113,"Incidence":50.31,"Emission":1.15,"Phase":49.16,"Slew":-0.01,"SubSol Lat":0.08,"SubSol Lon":73.39,"Sun Azi":183,"Resolution":0.81,"Url":"https://data.lroc.im-ldi.com/lroc/view_lroc/LRO-L-LROC-3-CDR-V1.0/M1422057289RC","Start Time":"2022-11-02 19:40:22.096+00","label":"M1422057289RC"}},{"type":"Feature","geometry":{"type":"Polygon","coordinates":[[[23.23,0.78],[23.1,0.79],[23.21,2.22],[23.34,2.21],[23.23,0.78]]]},"properties":{"Image":"M1422057289LC","Orbit":60113,"Incidence":50.19,"Emission":1.73,"Phase":51.91,"Slew":-0.01,"SubSol Lat":0.08,"SubSol Lon":73.39,"Sun Azi":184,"Resolution":0.81,"Url":"https://data.lroc.im-ldi.com/lroc/view_lroc/LRO-L-LROC-3-CDR-V1.0/M1422057289LC","Start Time":"2022-11-02 19:40:22.096+00","label":"M1422057289LC"}},{"type":"Feature","geometry":{"type":"Polygon","coordinates":[[[22.64,0.53],[22.75,1.96],[22.88,1.95],[22.77,0.52],[22.64,0.53]]]},"properties":{"Image":"M1417367975RC","Orbit":59446,"Incidence":7.63,"Emission":1.16,"Phase":6.48,"Slew":-0.01,"SubSol Lat":1.31,"SubSol Lon":15.13,"Sun Azi":184,"Resolution":0.8,"Url":"https://data.lroc.im-ldi.com/lroc/view_lroc/LRO-L-LROC-3-CDR-V1.0/M1417367975RC","Start Time":"2022-09-09 13:05:08.338+00","label":"M1417367975RC"}},{"type":"Feature","geometry":{"type":"Polygon","coordinates":[[[22.52,0.53],[22.63,1.97],[22.76,1.96],[22.65,0.52],[22.52,0.53]]]},"properties":{"Image":"M1417367975LC","Orbit":59446,"Incidence":7.51,"Emission":1.72,"Phase":9.23,"Slew":-0.01,"SubSol Lat":1.31,"SubSol Lon":15.13,"Sun Azi":184,"Resolution":0.8,"Url":"https://data.lroc.im-ldi.com/lroc/view_lroc/LRO-L-LROC-3-CDR-V1.0/M1417367975LC","Start Time":"2022-09-09 13:05:08.338+00","label":"M1417367975LC"}},{"type":"Feature","geometry":{"type":"Polygon","coordinates":[[[23.56,-1.43],[23.67,-0.01],[23.8,-0.02],[23.69,-1.44],[23.56,-1.43]]]},"properties":{"Image":"M1417360906RC","Orbit":59444,"Incidence":7.83,"Emission":1.16,"Phase":6.71,"Slew":-0.01,"SubSol Lat":1.31,"SubSol Lon":16.12,"Sun Azi":169,"Resolution":0.79,"Url":"https://data.lroc.im-ldi.com/lroc/view_lroc/LRO-L-LROC-3-CDR-V1.0/M1417360906RC","Start Time":"2022-09-09 11:07:18.714+00","label":"M1417360906RC"}},{"type":"Feature","geometry":{"type":"Polygon","coordinates":[[[23.44,-1.42],[23.55,-0.01],[23.67,-0.02],[23.57,-1.43],[23.44,-1.42]]]},"properties":{"Image":"M1417360906LC","Orbit":59444,"Incidence":7.71,"Emission":1.72,"Phase":9.4,"Slew":-0.01,"SubSol Lat":1.31,"SubSol Lon":16.12,"Sun Azi":170,"Resolution":0.79,"Url":"https://data.lroc.im-ldi.com/lroc/view_lroc/LRO-L-LROC-3-CDR-V1.0/M1417360906LC","Start Time":"2022-09-09 11:07:18.714+00","label":"M1417360906LC"}},{"type":"Feature","geometry":{"type":"Polygon","coordinates":[[[23.74,-0.68],[23.82,0.37],[23.94,0.36],[23.86,-0.69],[23.74,-0.68]]]},"properties":{"Image":"M1415013176LC","Orbit":59110,"Incidence":35.89,"Emission":1.71,"Phase":37.61,"Slew":-0.01,"SubSol Lat":1.53,"SubSol Lon":347.99,"Sun Azi":182,"Resolution":0.76,"Url":"https://data.lroc.im-ldi.com/lroc/view_lroc/LRO-L-LROC-3-CDR-V1.0/M1415013176LC","Start Time":"2022-08-13 06:58:29.195+00","label":"M1415013176LC"}},{"type":"Feature","geometry":{"type":"Polygon","coordinates":[[[22.69,-2.55],[22.89,0.16],[23.01,0.15],[22.81,-2.56],[22.69,-2.55]]]},"properties":{"Image":"M1410327511RC","Orbit":58443,"Incidence":92.03,"Emission":1.16,"Phase":90.87,"Slew":0,"SubSol Lat":0.98,"SubSol Lon":290.84,"Sun Azi":183,"Resolution":1.51,"Url":"https://data.lroc.im-ldi.com/lroc/view_lroc/LRO-L-LROC-3-CDR-V1.0/M1410327511RC","Start Time":"2022-06-20 01:24:04.465+00","label":"M1410327511RC"}},{"type":"Feature","geometry":{"type":"Polygon","coordinates":[[[22.57,-2.54],[22.78,0.16],[22.9,0.15],[22.69,-2.55],[22.57,-2.54]]]},"properties":{"Image":"M1410327511LC","Orbit":58443,"Incidence":91.91,"Emission":1.71,"Phase":93.62,"Slew":0,"SubSol Lat":0.98,"SubSol Lon":290.84,"Sun Azi":184,"Resolution":1.51,"Url":"https://data.lroc.im-ldi.com/lroc/view_lroc/LRO-L-LROC-3-CDR-V1.0/M1410327511LC","Start Time":"2022-06-20 01:24:04.465+00","label":"M1410327511LC"}},{"type":"Feature","geometry":{"type":"Polygon","coordinates":[[[21.34,0.44],[21.45,-1.08],[21.32,-1.09],[21.21,0.43],[21.34,0.44]]]},"properties":{"Image":"M1404476419RC","Orbit":57610,"Incidence":16.25,"Emission":1.16,"Phase":15.1,"Slew":-0.01,"SubSol Lat":-0.83,"SubSol Lon":37.57,"Sun Azi":174,"Resolution":0.84,"Url":"https://data.lroc.im-ldi.com/lroc/view_lroc/LRO-L-LROC-3-CDR-V1.0/M1404476419RC","Start Time":"2022-04-13 08:05:52.279+00","label":"M1404476419RC"}},{"type":"Feature","geometry":{"type":"Polygon","coordinates":[[[21.47,0.45],[21.58,-1.07],[21.45,-1.08],[21.33,0.44],[21.47,0.45]]]},"properties":{"Image":"M1404476419LC","Orbit":57610,"Incidence":16.12,"Emission":1.72,"Phase":17.83,"Slew":-0.01,"SubSol Lat":-0.83,"SubSol Lon":37.57,"Sun Azi":174,"Resolution":0.85,"Url":"https://data.lroc.im-ldi.com/lroc/view_lroc/LRO-L-LROC-3-CDR-V1.0/M1404476419LC","Start Time":"2022-04-13 08:05:52.279+00","label":"M1404476419LC"}},{"type":"Feature","geometry":{"type":"Polygon","coordinates":[[[22.43,0.12],[22.49,-0.65],[22.36,-0.66],[22.3,0.11],[22.43,0.12]]]},"properties":{"Image":"M1404469409RC","Orbit":57609,"Incidence":16.17,"Emission":1.16,"Phase":15.03,"Slew":-0.01,"SubSol Lat":-0.84,"SubSol Lon":38.56,"Sun Azi":173,"Resolution":0.85,"Url":"https://data.lroc.im-ldi.com/lroc/view_lroc/LRO-L-LROC-3-CDR-V1.0/M1404469409RC","Start Time":"2022-04-13 06:09:02.251+00","label":"M1404469409RC"}},{"type":"Feature","geometry":{"type":"Polygon","coordinates":[[[22.57,0.13],[22.62,-0.64],[22.49,-0.65],[22.43,0.12],[22.57,0.13]]]},"properties":{"Image":"M1404469409LC","Orbit":57609,"Incidence":16.04,"Emission":1.72,"Phase":17.75,"Slew":-0.01,"SubSol Lat":-0.84,"SubSol Lon":38.56,"Sun Azi":174,"Resolution":0.85,"Url":"https://data.lroc.im-ldi.com/lroc/view_lroc/LRO-L-LROC-3-CDR-V1.0/M1404469409LC","Start Time":"2022-04-13 06:09:02.251+00","label":"M1404469409LC"}},{"type":"Feature","geometry":{"type":"Polygon","coordinates":[[[23.43,1.16],[23.51,0.13],[23.37,0.12],[23.3,1.15],[23.43,1.16]]]},"properties":{"Image":"M1404462373RC","Orbit":57608,"Incidence":16.21,"Emission":1.16,"Phase":15.09,"Slew":-0.01,"SubSol Lat":-0.84,"SubSol Lon":39.55,"Sun Azi":170,"Resolution":0.86,"Url":"https://data.lroc.im-ldi.com/lroc/view_lroc/LRO-L-LROC-3-CDR-V1.0/M1404462373RC","Start Time":"2022-04-13 04:11:45.871+00","label":"M1404462373RC"}},{"type":"Feature","geometry":{"type":"Polygon","coordinates":[[[23.56,1.17],[23.64,0.14],[23.5,0.13],[23.43,1.16],[23.56,1.17]]]},"properties":{"Image":"M1404462373LC","Orbit":57608,"Incidence":16.09,"Emission":1.72,"Phase":17.78,"Slew":-0.01,"SubSol Lat":-0.84,"SubSol Lon":39.55,"Sun Azi":170,"Resolution":0.86,"Url":"https://data.lroc.im-ldi.com/lroc/view_lroc/LRO-L-LROC-3-CDR-V1.0/M1404462373LC","Start Time":"2022-04-13 04:11:45.871+00","label":"M1404462373LC"}},{"type":"Feature","geometry":{"type":"Polygon","coordinates":[[[21.8,2.83],[21.93,2.84],[22.04,1.32],[21.91,1.31],[21.8,2.83]]]},"properties":{"Image":"M1402125596RC","Orbit":57275,"Incidence":13.12,"Emission":1.16,"Phase":11.97,"Slew":0.01,"SubSol Lat":-1.36,"SubSol Lon":9.26,"Sun Azi":191,"Resolution":0.85,"Url":"https://data.lroc.im-ldi.com/lroc/view_lroc/LRO-L-LROC-3-CDR-V1.0/M1402125596RC","Start Time":"2022-03-17 03:05:29.396+00","label":"M1402125596RC"}},{"type":"Feature","geometry":{"type":"Polygon","coordinates":[[[21.67,2.82],[21.8,2.83],[21.91,1.31],[21.78,1.3],[21.67,2.82]]]},"properties":{"Image":"M1402125596LC","Orbit":57275,"Incidence":12.99,"Emission":1.72,"Phase":14.69,"Slew":0.01,"SubSol Lat":-1.36,"SubSol Lon":9.26,"Sun Azi":191,"Resolution":0.85,"Url":"https://data.lroc.im-ldi.com/lroc/view_lroc/LRO-L-LROC-3-CDR-V1.0/M1402125596LC","Start Time":"2022-03-17 03:05:29.396+00","label":"M1402125596LC"}},{"type":"Feature","geometry":{"type":"Polygon","coordinates":[[[23.06,1.1],[22.93,1.11],[22.94,1.15],[23.06,1.14],[23.06,1.1]]]},"properties":{"Image":"M1398595104RC","Orbit":56773,"Incidence":123.54,"Emission":1.16,"Phase":122.38,"Slew":0.01,"SubSol Lat":-1.5,"SubSol Lon":146.52,"Sun Azi":183,"Resolution":0.92,"Url":"https://data.lroc.im-ldi.com/lroc/view_lroc/LRO-L-LROC-3-CDR-V1.0/M1398595104RC","Start Time":"2022-02-04 06:23:57.097+00","label":"M1398595104RC"}},{"type":"Feature","geometry":{"type":"Polygon","coordinates":[[[23.19,1.1],[23.06,1.11],[23.06,1.14],[23.19,1.13],[23.19,1.1]]]},"properties":{"Image":"M1398595104LC","Orbit":56773,"Incidence":123.42,"Emission":1.71,"Phase":125.13,"Slew":0.01,"SubSol Lat":-1.5,"SubSol Lon":146.52,"Sun Azi":184,"Resolution":0.92,"Url":"https://data.lroc.im-ldi.com/lroc/view_lroc/LRO-L-LROC-3-CDR-V1.0/M1398595104LC","Start Time":"2022-02-04 06:23:57.097+00","label":"M1398595104LC"}},{"type":"Feature","geometry":{"type":"Polygon","coordinates":[[[23.01,0.43],[22.88,0.44],[22.89,0.48],[23.02,0.47],[23.01,0.43]]]},"properties":{"Image":"M1398595091RC","Orbit":56773,"Incidence":123.58,"Emission":1.16,"Phase":122.41,"Slew":0.01,"SubSol Lat":-1.5,"SubSol Lon":146.53,"Sun Azi":183,"Resolution":0.91,"Url":"https://data.lroc.im-ldi.com/lroc/view_lroc/LRO-L-LROC-3-CDR-V1.0/M1398595091RC","Start Time":"2022-02-04 06:23:44.154+00","label":"M1398595091RC"}},{"type":"Feature","geometry":{"type":"Polygon","coordinates":[[[23.14,0.42],[23.01,0.43],[23.01,0.47],[23.14,0.46],[23.14,0.42]]]},"properties":{"Image":"M1398595091LC","Orbit":56773,"Incidence":123.45,"Emission":1.71,"Phase":125.16,"Slew":0.01,"SubSol Lat":-1.5,"SubSol Lon":146.53,"Sun Azi":183,"Resolution":0.91,"Url":"https://data.lroc.im-ldi.com/lroc/view_lroc/LRO-L-LROC-3-CDR-V1.0/M1398595091LC","Start Time":"2022-02-04 06:23:44.154+00","label":"M1398595091LC"}},{"type":"Feature","geometry":{"type":"Polygon","coordinates":[[[22.96,-0.24],[22.84,-0.23],[22.84,-0.2],[22.97,-0.21],[22.96,-0.24]]]},"properties":{"Image":"M1398595078RC","Orbit":56772,"Incidence":123.61,"Emission":1.16,"Phase":122.45,"Slew":0.01,"SubSol Lat":-1.5,"SubSol Lon":146.53,"Sun Azi":182,"Resolution":0.9,"Url":"https://data.lroc.im-ldi.com/lroc/view_lroc/LRO-L-LROC-3-CDR-V1.0/M1398595078RC","Start Time":"2022-02-04 06:23:31.243+00","label":"M1398595078RC"}},{"type":"Feature","geometry":{"type":"Polygon","coordinates":[[[23.09,-0.25],[22.96,-0.24],[22.96,-0.2],[23.09,-0.21],[23.09,-0.25]]]},"properties":{"Image":"M1398595078LC","Orbit":56772,"Incidence":123.48,"Emission":1.71,"Phase":125.2,"Slew":0.01,"SubSol Lat":-1.5,"SubSol Lon":146.53,"Sun Azi":183,"Resolution":0.9,"Url":"https://data.lroc.im-ldi.com/lroc/view_lroc/LRO-L-LROC-3-CDR-V1.0/M1398595078LC","Start Time":"2022-02-04 06:23:31.243+00","label":"M1398595078LC"}},{"type":"Feature","geometry":{"type":"Polygon","coordinates":[[[22.91,-0.91],[22.79,-0.9],[22.79,-0.87],[22.92,-0.88],[22.91,-0.91]]]},"properties":{"Image":"M1398595065RC","Orbit":56772,"Incidence":123.63,"Emission":1.16,"Phase":122.47,"Slew":0.01,"SubSol Lat":-1.5,"SubSol Lon":146.53,"Sun Azi":182,"Resolution":0.89,"Url":"https://data.lroc.im-ldi.com/lroc/view_lroc/LRO-L-LROC-3-CDR-V1.0/M1398595065RC","Start Time":"2022-02-04 06:23:18.361+00","label":"M1398595065RC"}},{"type":"Feature","geometry":{"type":"Polygon","coordinates":[[[23.04,-0.92],[22.91,-0.91],[22.91,-0.87],[23.04,-0.88],[23.04,-0.92]]]},"properties":{"Image":"M1398595065LC","Orbit":56772,"Incidence":123.51,"Emission":1.71,"Phase":125.22,"Slew":0.01,"SubSol Lat":-1.5,"SubSol Lon":146.53,"Sun Azi":182,"Resolution":0.89,"Url":"https://data.lroc.im-ldi.com/lroc/view_lroc/LRO-L-LROC-3-CDR-V1.0/M1398595065LC","Start Time":"2022-02-04 06:23:18.361+00","label":"M1398595065LC"}},{"type":"Feature","geometry":{"type":"Polygon","coordinates":[[[23.41,0.72],[23.49,0.72],[23.48,-0.22],[23.4,-0.22],[23.41,0.72]]]},"properties":{"Image":"M139755141RC","Orbit":5729,"Incidence":8.77,"Emission":1.14,"Phase":7.65,"Slew":0.01,"SubSol Lat":-1.57,"SubSol Lon":14.87,"Sun Azi":192,"Resolution":0.5,"Url":"https://data.lroc.im-ldi.com/lroc/view_lroc/LRO-L-LROC-3-CDR-V1.0/M139755141RC","Start Time":"2010-09-22 00:37:53.643+00","label":"M139755141RC"}},{"type":"Feature","geometry":{"type":"Polygon","coordinates":[[[23.34,0.72],[23.41,0.72],[23.41,-0.23],[23.33,-0.23],[23.34,0.72]]]},"properties":{"Image":"M139755141LC","Orbit":5729,"Incidence":8.7,"Emission":1.69,"Phase":10.36,"Slew":0.01,"SubSol Lat":-1.57,"SubSol Lon":14.87,"Sun Azi":192,"Resolution":0.5,"Url":"https://data.lroc.im-ldi.com/lroc/view_lroc/LRO-L-LROC-3-CDR-V1.0/M139755141LC","Start Time":"2010-09-22 00:37:53.643+00","label":"M139755141LC"}},{"type":"Feature","geometry":{"type":"Polygon","coordinates":[[[22.03,-1.64],[21.9,-1.63],[22.11,1.31],[22.25,1.3],[22.03,-1.64]]]},"properties":{"Image":"M1396253996RC","Orbit":56439,"Incidence":93.87,"Emission":1.16,"Phase":92.7,"Slew":-0.01,"SubSol Lat":-1.16,"SubSol Lon":115.94,"Sun Azi":183,"Resolution":1.65,"Url":"https://data.lroc.im-ldi.com/lroc/view_lroc/LRO-L-LROC-3-CDR-V1.0/M1396253996RC","Start Time":"2022-01-08 04:05:29.663+00","label":"M1396253996RC"}},{"type":"Feature","geometry":{"type":"Polygon","coordinates":[[[22.16,-1.65],[22.03,-1.64],[22.24,1.3],[22.37,1.29],[22.16,-1.65]]]},"properties":{"Image":"M1396253996LC","Orbit":56439,"Incidence":93.74,"Emission":1.72,"Phase":95.45,"Slew":-0.01,"SubSol Lat":-1.16,"SubSol Lon":115.94,"Sun Azi":184,"Resolution":1.65,"Url":"https://data.lroc.im-ldi.com/lroc/view_lroc/LRO-L-LROC-3-CDR-V1.0/M1396253996LC","Start Time":"2022-01-08 04:05:29.663+00","label":"M1396253996LC"}},{"type":"Feature","geometry":{"type":"Polygon","coordinates":[[[23.22,0.02],[23.09,0.03],[23.2,1.5],[23.33,1.49],[23.22,0.02]]]},"properties":{"Image":"M1396246998RC","Orbit":56439,"Incidence":93.74,"Emission":1.16,"Phase":92.58,"Slew":-0.01,"SubSol Lat":-1.16,"SubSol Lon":116.93,"Sun Azi":183,"Resolution":0.82,"Url":"https://data.lroc.im-ldi.com/lroc/view_lroc/LRO-L-LROC-3-CDR-V1.0/M1396246998RC","Start Time":"2022-01-08 02:08:51.289+00","label":"M1396246998RC"}},{"type":"Feature","geometry":{"type":"Polygon","coordinates":[[[23.35,0.01],[23.22,0.02],[23.32,1.5],[23.46,1.49],[23.35,0.01]]]},"properties":{"Image":"M1396246998LC","Orbit":56439,"Incidence":93.61,"Emission":1.72,"Phase":95.33,"Slew":-0.01,"SubSol Lat":-1.16,"SubSol Lon":116.93,"Sun Azi":184,"Resolution":0.82,"Url":"https://data.lroc.im-ldi.com/lroc/view_lroc/LRO-L-LROC-3-CDR-V1.0/M1396246998LC","Start Time":"2022-01-08 02:08:51.289+00","label":"M1396246998LC"}},{"type":"Feature","geometry":{"type":"Polygon","coordinates":[[[22.8,0.1],[22.66,0.11],[22.75,1.4],[22.89,1.39],[22.8,0.1]]]},"properties":{"Image":"M1391556459RC","Orbit":55772,"Incidence":34.43,"Emission":1.15,"Phase":33.28,"Slew":-0.01,"SubSol Lat":0.25,"SubSol Lon":57.2,"Sun Azi":184,"Resolution":0.87,"Url":"https://data.lroc.im-ldi.com/lroc/view_lroc/LRO-L-LROC-3-CDR-V1.0/M1391556459RC","Start Time":"2021-11-14 19:13:11.754+00","label":"M1391556459RC"}},{"type":"Feature","geometry":{"type":"Polygon","coordinates":[[[22.93,0.1],[22.79,0.11],[22.88,1.39],[23.02,1.38],[22.93,0.1]]]},"properties":{"Image":"M1391556459LC","Orbit":55772,"Incidence":34.29,"Emission":1.74,"Phase":36.03,"Slew":-0.01,"SubSol Lat":0.25,"SubSol Lon":57.2,"Sun Azi":184,"Resolution":0.87,"Url":"https://data.lroc.im-ldi.com/lroc/view_lroc/LRO-L-LROC-3-CDR-V1.0/M1391556459LC","Start Time":"2021-11-14 19:13:11.754+00","label":"M1391556459LC"}},{"type":"Feature","geometry":{"type":"Polygon","coordinates":[[[23.86,0.03],[23.72,0.04],[23.82,1.34],[23.95,1.33],[23.86,0.03]]]},"properties":{"Image":"M1391549421RC","Orbit":55771,"Incidence":34.35,"Emission":1.15,"Phase":33.2,"Slew":-0.01,"SubSol Lat":0.25,"SubSol Lon":58.19,"Sun Azi":184,"Resolution":0.86,"Url":"https://data.lroc.im-ldi.com/lroc/view_lroc/LRO-L-LROC-3-CDR-V1.0/M1391549421RC","Start Time":"2021-11-14 17:15:54.592+00","label":"M1391549421RC"}},{"type":"Feature","geometry":{"type":"Polygon","coordinates":[[[21.37,1.21],[21.22,1.22],[21.33,2.85],[21.48,2.84],[21.37,1.21]]]},"properties":{"Image":"M1389219455RC","Orbit":55440,"Incidence":5.38,"Emission":1.17,"Phase":4.23,"Slew":0.01,"SubSol Lat":0.95,"SubSol Lon":26.62,"Sun Azi":173,"Resolution":0.91,"Url":"https://data.lroc.im-ldi.com/lroc/view_lroc/LRO-L-LROC-3-CDR-V1.0/M1389219455RC","Start Time":"2021-10-18 18:03:07.921+00","label":"M1389219455RC"}},{"type":"Feature","geometry":{"type":"Polygon","coordinates":[[[21.51,1.21],[21.36,1.22],[21.48,2.84],[21.62,2.83],[21.51,1.21]]]},"properties":{"Image":"M1389219455LC","Orbit":55440,"Incidence":5.24,"Emission":1.72,"Phase":6.95,"Slew":0.01,"SubSol Lat":0.95,"SubSol Lon":26.62,"Sun Azi":173,"Resolution":0.92,"Url":"https://data.lroc.im-ldi.com/lroc/view_lroc/LRO-L-LROC-3-CDR-V1.0/M1389219455LC","Start Time":"2021-10-18 18:03:07.921+00","label":"M1389219455LC"}},{"type":"Feature","geometry":{"type":"Polygon","coordinates":[[[23.32,-1.41],[23.17,-1.4],[23.28,0.11],[23.43,0.1],[23.32,-1.41]]]},"properties":{"Image":"M1389205312RC","Orbit":55437,"Incidence":5.54,"Emission":1.16,"Phase":4.45,"Slew":0.01,"SubSol Lat":0.95,"SubSol Lon":28.61,"Sun Azi":201,"Resolution":0.9,"Url":"https://data.lroc.im-ldi.com/lroc/view_lroc/LRO-L-LROC-3-CDR-V1.0/M1389205312RC","Start Time":"2021-10-18 14:07:24.999+00","label":"M1389205312RC"}},{"type":"Feature","geometry":{"type":"Polygon","coordinates":[[[23.46,-1.42],[23.31,-1.4],[23.42,0.1],[23.57,0.09],[23.46,-1.42]]]},"properties":{"Image":"M1389205312LC","Orbit":55437,"Incidence":5.41,"Emission":1.73,"Phase":7.05,"Slew":0.01,"SubSol Lat":0.95,"SubSol Lon":28.61,"Sun Azi":202,"Resolution":0.9,"Url":"https://data.lroc.im-ldi.com/lroc/view_lroc/LRO-L-LROC-3-CDR-V1.0/M1389205312LC","Start Time":"2021-10-18 14:07:24.999+00","label":"M1389205312LC"}},{"type":"Feature","geometry":{"type":"Polygon","coordinates":[[[23.15,-0.97],[23.27,0.67],[23.41,0.66],[23.3,-0.99],[23.15,-0.97]]]},"properties":{"Image":"M1386859256RC","Orbit":55104,"Incidence":23.63,"Emission":1.17,"Phase":22.46,"Slew":-0.01,"SubSol Lat":1.43,"SubSol Lon":359.71,"Sun Azi":180,"Resolution":0.92,"Url":"https://data.lroc.im-ldi.com/lroc/view_lroc/LRO-L-LROC-3-CDR-V1.0/M1386859256RC","Start Time":"2021-09-21 10:26:28.938+00","label":"M1386859256RC"}},{"type":"Feature","geometry":{"type":"Polygon","coordinates":[[[23.01,-0.97],[23.12,0.68],[23.27,0.67],[23.16,-0.98],[23.01,-0.97]]]},"properties":{"Image":"M1386859256LC","Orbit":55104,"Incidence":23.49,"Emission":1.72,"Phase":25.21,"Slew":-0.01,"SubSol Lat":1.43,"SubSol Lon":359.71,"Sun Azi":181,"Resolution":0.92,"Url":"https://data.lroc.im-ldi.com/lroc/view_lroc/LRO-L-LROC-3-CDR-V1.0/M1386859256LC","Start Time":"2021-09-21 10:26:28.938+00","label":"M1386859256LC"}},{"type":"Feature","geometry":{"type":"Polygon","coordinates":[[[21.31,1.04],[21.24,1.04],[21.24,1.07],[21.31,1.07],[21.31,1.04]]]},"properties":{"Image":"M138584832RC","Orbit":5557,"Incidence":158.9,"Emission":1.13,"Phase":157.78,"Slew":0.01,"SubSol Lat":-1.38,"SubSol Lon":180.18,"Sun Azi":179,"Resolution":0.73,"Url":"https://data.lroc.im-ldi.com/lroc/view_lroc/LRO-L-LROC-3-CDR-V1.0/M138584832RC","Start Time":"2010-09-08 11:32:45.21+00","label":"M138584832RC"}},{"type":"Feature","geometry":{"type":"Polygon","coordinates":[[[21.37,1.04],[21.31,1.04],[21.31,1.07],[21.37,1.07],[21.37,1.04]]]},"properties":{"Image":"M138584832LC","Orbit":5557,"Incidence":158.84,"Emission":1.68,"Phase":160.53,"Slew":0.01,"SubSol Lat":-1.38,"SubSol Lon":180.18,"Sun Azi":179,"Resolution":0.73,"Url":"https://data.lroc.im-ldi.com/lroc/view_lroc/LRO-L-LROC-3-CDR-V1.0/M138584832LC","Start Time":"2010-09-08 11:32:45.21+00","label":"M138584832LC"}},{"type":"Feature","geometry":{"type":"Polygon","coordinates":[[[21.32,0.14],[21.25,0.14],[21.25,0.17],[21.32,0.17],[21.32,0.14]]]},"properties":{"Image":"M138584815RC","Orbit":5557,"Incidence":158.87,"Emission":1.13,"Phase":157.74,"Slew":0.01,"SubSol Lat":-1.38,"SubSol Lon":180.18,"Sun Azi":177,"Resolution":0.72,"Url":"https://data.lroc.im-ldi.com/lroc/view_lroc/LRO-L-LROC-3-CDR-V1.0/M138584815RC","Start Time":"2010-09-08 11:32:28.501+00","label":"M138584815RC"}},{"type":"Feature","geometry":{"type":"Polygon","coordinates":[[[21.38,0.14],[21.31,0.14],[21.31,0.18],[21.38,0.18],[21.38,0.14]]]},"properties":{"Image":"M138584815LC","Orbit":5557,"Incidence":158.8,"Emission":1.68,"Phase":160.48,"Slew":0.01,"SubSol Lat":-1.38,"SubSol Lon":180.18,"Sun Azi":176,"Resolution":0.72,"Url":"https://data.lroc.im-ldi.com/lroc/view_lroc/LRO-L-LROC-3-CDR-V1.0/M138584815LC","Start Time":"2010-09-08 11:32:28.501+00","label":"M138584815LC"}},{"type":"Feature","geometry":{"type":"Polygon","coordinates":[[[21.38,-0.75],[21.32,-0.75],[21.32,-0.71],[21.38,-0.71],[21.38,-0.75]]]},"properties":{"Image":"M138584799LC","Orbit":5556,"Incidence":158.73,"Emission":1.68,"Phase":160.4,"Slew":0.01,"SubSol Lat":-1.38,"SubSol Lon":180.18,"Sun Azi":173,"Resolution":0.68,"Url":"https://data.lroc.im-ldi.com/lroc/view_lroc/LRO-L-LROC-3-CDR-V1.0/M138584799LC","Start Time":"2010-09-08 11:32:12.008+00","label":"M138584799LC"}},{"type":"Feature","geometry":{"type":"Polygon","coordinates":[[[21.86,1.32],[21.94,2.4],[22.09,2.39],[22.01,1.31],[21.86,1.32]]]},"properties":{"Image":"M1384521516RC","Orbit":54773,"Incidence":51.95,"Emission":1.17,"Phase":50.78,"Slew":-0.01,"SubSol Lat":1.57,"SubSol Lon":330,"Sun Azi":184,"Resolution":0.94,"Url":"https://data.lroc.im-ldi.com/lroc/view_lroc/LRO-L-LROC-3-CDR-V1.0/M1384521516RC","Start Time":"2021-08-25 09:04:09.445+00","label":"M1384521516RC"}},{"type":"Feature","geometry":{"type":"Polygon","coordinates":[[[21.72,1.33],[21.79,2.41],[21.95,2.4],[21.87,1.32],[21.72,1.33]]]},"properties":{"Image":"M1384521516LC","Orbit":54773,"Incidence":51.8,"Emission":1.73,"Phase":53.53,"Slew":-0.01,"SubSol Lat":1.57,"SubSol Lon":330,"Sun Azi":184,"Resolution":0.94,"Url":"https://data.lroc.im-ldi.com/lroc/view_lroc/LRO-L-LROC-3-CDR-V1.0/M1384521516LC","Start Time":"2021-08-25 09:04:09.445+00","label":"M1384521516LC"}},{"type":"Feature","geometry":{"type":"Polygon","coordinates":[[[23.24,2.12],[23.33,0.81],[23.21,0.8],[23.12,2.11],[23.24,2.12]]]},"properties":{"Image":"M1376299219RC","Orbit":53604,"Incidence":29.48,"Emission":1.16,"Phase":28.34,"Slew":-0.01,"SubSol Lat":-0.3,"SubSol Lon":52.65,"Sun Azi":173,"Resolution":0.73,"Url":"https://data.lroc.im-ldi.com/lroc/view_lroc/LRO-L-LROC-3-CDR-V1.0/M1376299219RC","Start Time":"2021-05-22 05:05:52.257+00","label":"M1376299219RC"}},{"type":"Feature","geometry":{"type":"Polygon","coordinates":[[[23.35,2.13],[23.44,0.82],[23.32,0.82],[23.23,2.12],[23.35,2.13]]]},"properties":{"Image":"M1376299219LC","Orbit":53604,"Incidence":29.37,"Emission":1.71,"Phase":31.06,"Slew":-0.01,"SubSol Lat":-0.3,"SubSol Lon":52.65,"Sun Azi":173,"Resolution":0.73,"Url":"https://data.lroc.im-ldi.com/lroc/view_lroc/LRO-L-LROC-3-CDR-V1.0/M1376299219LC","Start Time":"2021-05-22 05:05:52.257+00","label":"M1376299219LC"}},{"type":"Feature","geometry":{"type":"Polygon","coordinates":[[[23.32,-0.11],[23.41,-1.35],[23.3,-1.36],[23.21,-0.12],[23.32,-0.11]]]},"properties":{"Image":"M1373951792RC","Orbit":53270,"Incidence":1.13,"Emission":1.16,"Phase":0.39,"Slew":-0.02,"SubSol Lat":-0.96,"SubSol Lon":24.41,"Sun Azi":164,"Resolution":0.69,"Url":"https://data.lroc.im-ldi.com/lroc/view_lroc/LRO-L-LROC-3-CDR-V1.0/M1373951792RC","Start Time":"2021-04-25 01:02:04.661+00","label":"M1373951792RC"}},{"type":"Feature","geometry":{"type":"Polygon","coordinates":[[[23.43,-0.1],[23.51,-1.34],[23.4,-1.34],[23.32,-0.11],[23.43,-0.1]]]},"properties":{"Image":"M1373951792LC","Orbit":53270,"Incidence":1.03,"Emission":1.7,"Phase":2.69,"Slew":-0.02,"SubSol Lat":-0.96,"SubSol Lon":24.41,"Sun Azi":163,"Resolution":0.69,"Url":"https://data.lroc.im-ldi.com/lroc/view_lroc/LRO-L-LROC-3-CDR-V1.0/M1373951792LC","Start Time":"2021-04-25 01:02:04.661+00","label":"M1373951792LC"}},{"type":"Feature","geometry":{"type":"Polygon","coordinates":[[[23.69,1.13],[23.76,1.13],[23.76,0.19],[23.68,0.19],[23.69,1.13]]]},"properties":{"Image":"M137394116RC","Orbit":5381,"Incidence":35.32,"Emission":0.92,"Phase":36.23,"Slew":-1.99,"SubSol Lat":-1.28,"SubSol Lon":348.45,"Sun Azi":183,"Resolution":0.5,"Url":"https://data.lroc.im-ldi.com/lroc/view_lroc/LRO-L-LROC-3-CDR-V1.0/M137394116RC","Start Time":"2010-08-25 16:47:28.607+00","label":"M137394116RC"}},{"type":"Feature","geometry":{"type":"Polygon","coordinates":[[[23.61,1.13],[23.69,1.13],[23.68,0.19],[23.61,0.19],[23.61,1.13]]]},"properties":{"Image":"M137394116LC","Orbit":5381,"Incidence":35.25,"Emission":3.74,"Phase":38.98,"Slew":-1.99,"SubSol Lat":-1.28,"SubSol Lon":348.45,"Sun Azi":184,"Resolution":0.5,"Url":"https://data.lroc.im-ldi.com/lroc/view_lroc/LRO-L-LROC-3-CDR-V1.0/M137394116LC","Start Time":"2010-08-25 16:47:28.607+00","label":"M137394116LC"}},{"type":"Feature","geometry":{"type":"Polygon","coordinates":[[[22.8,2.03],[22.92,2.04],[23,0.76],[22.89,0.75],[22.8,2.03]]]},"properties":{"Image":"M1371606073RC","Orbit":52936,"Incidence":27.47,"Emission":1.15,"Phase":26.31,"Slew":0.01,"SubSol Lat":-1.41,"SubSol Lon":355.58,"Sun Azi":182,"Resolution":0.71,"Url":"https://data.lroc.im-ldi.com/lroc/view_lroc/LRO-L-LROC-3-CDR-V1.0/M1371606073RC","Start Time":"2021-03-28 21:26:46.112+00","label":"M1371606073RC"}},{"type":"Feature","geometry":{"type":"Polygon","coordinates":[[[22.7,2.02],[22.81,2.03],[22.89,0.75],[22.78,0.74],[22.7,2.02]]]},"properties":{"Image":"M1371606073LC","Orbit":52936,"Incidence":27.36,"Emission":1.71,"Phase":29.06,"Slew":0.01,"SubSol Lat":-1.41,"SubSol Lon":355.58,"Sun Azi":182,"Resolution":0.71,"Url":"https://data.lroc.im-ldi.com/lroc/view_lroc/LRO-L-LROC-3-CDR-V1.0/M1371606073LC","Start Time":"2021-03-28 21:26:46.112+00","label":"M1371606073LC"}},{"type":"Feature","geometry":{"type":"Polygon","coordinates":[[[23.82,1],[23.67,1.01],[23.67,1.05],[23.82,1.04],[23.82,1]]]},"properties":{"Image":"M1370421863RC","Orbit":52768,"Incidence":138.78,"Emission":1.17,"Phase":137.61,"Slew":0.01,"SubSol Lat":-1.53,"SubSol Lon":162.52,"Sun Azi":183,"Resolution":0.98,"Url":"https://data.lroc.im-ldi.com/lroc/view_lroc/LRO-L-LROC-3-CDR-V1.0/M1370421863RC","Start Time":"2021-03-15 04:29:55.971+00","label":"M1370421863RC"}},{"type":"Feature","geometry":{"type":"Polygon","coordinates":[[[23.77,0.34],[23.62,0.35],[23.62,0.38],[23.77,0.37],[23.77,0.34]]]},"properties":{"Image":"M1370421850RC","Orbit":52768,"Incidence":138.81,"Emission":1.16,"Phase":137.64,"Slew":0.01,"SubSol Lat":-1.53,"SubSol Lon":162.52,"Sun Azi":182,"Resolution":0.97,"Url":"https://data.lroc.im-ldi.com/lroc/view_lroc/LRO-L-LROC-3-CDR-V1.0/M1370421850RC","Start Time":"2021-03-15 04:29:43.027+00","label":"M1370421850RC"}},{"type":"Feature","geometry":{"type":"Polygon","coordinates":[[[23.73,-0.32],[23.58,-0.31],[23.58,-0.28],[23.73,-0.29],[23.73,-0.32]]]},"properties":{"Image":"M1370421837RC","Orbit":52767,"Incidence":138.83,"Emission":1.16,"Phase":137.67,"Slew":0.01,"SubSol Lat":-1.53,"SubSol Lon":162.52,"Sun Azi":181,"Resolution":0.96,"Url":"https://data.lroc.im-ldi.com/lroc/view_lroc/LRO-L-LROC-3-CDR-V1.0/M1370421837RC","Start Time":"2021-03-15 04:29:30.117+00","label":"M1370421837RC"}},{"type":"Feature","geometry":{"type":"Polygon","coordinates":[[[23.87,-0.33],[23.72,-0.32],[23.72,-0.28],[23.87,-0.3],[23.87,-0.33]]]},"properties":{"Image":"M1370421837LC","Orbit":52767,"Incidence":138.69,"Emission":1.73,"Phase":140.42,"Slew":0.01,"SubSol Lat":-1.53,"SubSol Lon":162.52,"Sun Azi":182,"Resolution":0.96,"Url":"https://data.lroc.im-ldi.com/lroc/view_lroc/LRO-L-LROC-3-CDR-V1.0/M1370421837LC","Start Time":"2021-03-15 04:29:30.117+00","label":"M1370421837LC"}},{"type":"Feature","geometry":{"type":"Polygon","coordinates":[[[23.68,-0.98],[23.53,-0.97],[23.53,-0.94],[23.68,-0.95],[23.68,-0.98]]]},"properties":{"Image":"M1370421824RC","Orbit":52767,"Incidence":138.84,"Emission":1.17,"Phase":137.68,"Slew":0.01,"SubSol Lat":-1.53,"SubSol Lon":162.52,"Sun Azi":181,"Resolution":0.95,"Url":"https://data.lroc.im-ldi.com/lroc/view_lroc/LRO-L-LROC-3-CDR-V1.0/M1370421824RC","Start Time":"2021-03-15 04:29:17.236+00","label":"M1370421824RC"}},{"type":"Feature","geometry":{"type":"Polygon","coordinates":[[[23.83,-0.99],[23.68,-0.98],[23.68,-0.94],[23.83,-0.96],[23.83,-0.99]]]},"properties":{"Image":"M1370421824LC","Orbit":52767,"Incidence":138.7,"Emission":1.73,"Phase":140.43,"Slew":0.01,"SubSol Lat":-1.53,"SubSol Lon":162.52,"Sun Azi":181,"Resolution":0.95,"Url":"https://data.lroc.im-ldi.com/lroc/view_lroc/LRO-L-LROC-3-CDR-V1.0/M1370421824LC","Start Time":"2021-03-15 04:29:17.236+00","label":"M1370421824LC"}},{"type":"Feature","geometry":{"type":"Polygon","coordinates":[[[21.48,-2.93],[21.33,-2.92],[21.55,0.32],[21.69,0.31],[21.48,-2.93]]]},"properties":{"Image":"M1365738894RC","Orbit":52101,"Incidence":80.37,"Emission":1.17,"Phase":79.2,"Slew":0,"SubSol Lat":-1.05,"SubSol Lon":101.9,"Sun Azi":183,"Resolution":1.82,"Url":"https://data.lroc.im-ldi.com/lroc/view_lroc/LRO-L-LROC-3-CDR-V1.0/M1365738894RC","Start Time":"2021-01-19 23:40:28.025+00","label":"M1365738894RC"}},{"type":"Feature","geometry":{"type":"Polygon","coordinates":[[[21.62,-2.93],[21.47,-2.92],[21.69,0.31],[21.84,0.3],[21.62,-2.93]]]},"properties":{"Image":"M1365738894LC","Orbit":52101,"Incidence":80.23,"Emission":1.72,"Phase":81.94,"Slew":0,"SubSol Lat":-1.05,"SubSol Lon":101.9,"Sun Azi":184,"Resolution":1.83,"Url":"https://data.lroc.im-ldi.com/lroc/view_lroc/LRO-L-LROC-3-CDR-V1.0/M1365738894LC","Start Time":"2021-01-19 23:40:28.025+00","label":"M1365738894LC"}},{"type":"Feature","geometry":{"type":"Polygon","coordinates":[[[22.64,-1.49],[22.49,-1.48],[22.71,1.77],[22.86,1.76],[22.64,-1.49]]]},"properties":{"Image":"M1365731888RC","Orbit":52100,"Incidence":80.21,"Emission":1.17,"Phase":79.04,"Slew":-0.01,"SubSol Lat":-1.04,"SubSol Lon":102.88,"Sun Azi":183,"Resolution":1.83,"Url":"https://data.lroc.im-ldi.com/lroc/view_lroc/LRO-L-LROC-3-CDR-V1.0/M1365731888RC","Start Time":"2021-01-19 21:43:42.139+00","label":"M1365731888RC"}},{"type":"Feature","geometry":{"type":"Polygon","coordinates":[[[22.78,-1.5],[22.63,-1.49],[22.85,1.77],[23,1.75],[22.78,-1.5]]]},"properties":{"Image":"M1365731888LC","Orbit":52100,"Incidence":80.07,"Emission":1.72,"Phase":81.79,"Slew":-0.01,"SubSol Lat":-1.04,"SubSol Lon":102.88,"Sun Azi":183,"Resolution":1.83,"Url":"https://data.lroc.im-ldi.com/lroc/view_lroc/LRO-L-LROC-3-CDR-V1.0/M1365731888LC","Start Time":"2021-01-19 21:43:42.139+00","label":"M1365731888LC"}},{"type":"Feature","geometry":{"type":"Polygon","coordinates":[[[23.06,-0.62],[23.18,-0.61],[23.19,-0.64],[23.06,-0.65],[23.06,-0.62]]]},"properties":{"Image":"M1364560880RC","Orbit":51934,"Incidence":115.15,"Emission":1.3,"Phase":113.96,"Slew":0.64,"SubSol Lat":-0.72,"SubSol Lon":267.96,"Sun Azi":176,"Resolution":0.89,"Url":"https://data.lroc.im-ldi.com/lroc/view_lroc/LRO-L-LROC-3-CDR-V1.0/M1364560880RC","Start Time":"2021-01-06 08:26:53.68+00","label":"M1364560880RC"}},{"type":"Feature","geometry":{"type":"Polygon","coordinates":[[[22.95,-0.63],[23.07,-0.62],[23.07,-0.66],[22.95,-0.66],[22.95,-0.63]]]},"properties":{"Image":"M1364560880LC","Orbit":51934,"Incidence":115.03,"Emission":1.84,"Phase":116.71,"Slew":0.64,"SubSol Lat":-0.72,"SubSol Lon":267.96,"Sun Azi":176,"Resolution":0.89,"Url":"https://data.lroc.im-ldi.com/lroc/view_lroc/LRO-L-LROC-3-CDR-V1.0/M1364560880LC","Start Time":"2021-01-06 08:26:53.68+00","label":"M1364560880LC"}},{"type":"Feature","geometry":{"type":"Polygon","coordinates":[[[23.02,0.06],[23.14,0.07],[23.14,0.03],[23.02,0.02],[23.02,0.06]]]},"properties":{"Image":"M1364560868RC","Orbit":51934,"Incidence":115.11,"Emission":1.29,"Phase":113.93,"Slew":-0.63,"SubSol Lat":-0.72,"SubSol Lon":267.96,"Sun Azi":176,"Resolution":0.89,"Url":"https://data.lroc.im-ldi.com/lroc/view_lroc/LRO-L-LROC-3-CDR-V1.0/M1364560868RC","Start Time":"2021-01-06 08:26:40.768+00","label":"M1364560868RC"}},{"type":"Feature","geometry":{"type":"Polygon","coordinates":[[[22.9,0.05],[23.02,0.05],[23.02,0.02],[22.9,0.01],[22.9,0.05]]]},"properties":{"Image":"M1364560868LC","Orbit":51934,"Incidence":115,"Emission":1.84,"Phase":116.67,"Slew":-0.63,"SubSol Lat":-0.72,"SubSol Lon":267.96,"Sun Azi":176,"Resolution":0.89,"Url":"https://data.lroc.im-ldi.com/lroc/view_lroc/LRO-L-LROC-3-CDR-V1.0/M1364560868LC","Start Time":"2021-01-06 08:26:40.768+00","label":"M1364560868LC"}},{"type":"Feature","geometry":{"type":"Polygon","coordinates":[[[22.97,0.73],[23.09,0.74],[23.1,0.7],[22.98,0.7],[22.97,0.73]]]},"properties":{"Image":"M1364560855RC","Orbit":51934,"Incidence":115.07,"Emission":1.29,"Phase":113.89,"Slew":0.63,"SubSol Lat":-0.72,"SubSol Lon":267.97,"Sun Azi":176,"Resolution":0.88,"Url":"https://data.lroc.im-ldi.com/lroc/view_lroc/LRO-L-LROC-3-CDR-V1.0/M1364560855RC","Start Time":"2021-01-06 08:26:27.884+00","label":"M1364560855RC"}},{"type":"Feature","geometry":{"type":"Polygon","coordinates":[[[22.86,0.72],[22.98,0.73],[22.98,0.69],[22.86,0.68],[22.86,0.72]]]},"properties":{"Image":"M1364560855LC","Orbit":51934,"Incidence":114.96,"Emission":1.84,"Phase":116.62,"Slew":0.63,"SubSol Lat":-0.72,"SubSol Lon":267.97,"Sun Azi":175,"Resolution":0.88,"Url":"https://data.lroc.im-ldi.com/lroc/view_lroc/LRO-L-LROC-3-CDR-V1.0/M1364560855LC","Start Time":"2021-01-06 08:26:27.884+00","label":"M1364560855LC"}},{"type":"Feature","geometry":{"type":"Polygon","coordinates":[[[22.81,1.38],[22.93,1.39],[22.94,1.36],[22.81,1.35],[22.81,1.38]]]},"properties":{"Image":"M1364560842LC","Orbit":51934,"Incidence":114.92,"Emission":1.84,"Phase":116.58,"Slew":0.63,"SubSol Lat":-0.72,"SubSol Lon":267.97,"Sun Azi":175,"Resolution":0.84,"Url":"https://data.lroc.im-ldi.com/lroc/view_lroc/LRO-L-LROC-3-CDR-V1.0/M1364560842LC","Start Time":"2021-01-06 08:26:15.146+00","label":"M1364560842LC"}},{"type":"Feature","geometry":{"type":"Polygon","coordinates":[[[23.22,-0.92],[23.08,-0.91],[23.17,0.5],[23.32,0.49],[23.22,-0.92]]]},"properties":{"Image":"M1361031224RC","Orbit":51432,"Incidence":21.3,"Emission":1.17,"Phase":20.14,"Slew":0.01,"SubSol Lat":0.45,"SubSol Lon":44.49,"Sun Azi":186,"Resolution":0.9,"Url":"https://data.lroc.im-ldi.com/lroc/view_lroc/LRO-L-LROC-3-CDR-V1.0/M1361031224RC","Start Time":"2020-11-26 11:59:16.873+00","label":"M1361031224RC"}},{"type":"Feature","geometry":{"type":"Polygon","coordinates":[[[23.36,-0.93],[23.22,-0.92],[23.31,0.5],[23.46,0.48],[23.36,-0.93]]]},"properties":{"Image":"M1361031224LC","Orbit":51432,"Incidence":21.17,"Emission":1.72,"Phase":22.88,"Slew":0.01,"SubSol Lat":0.45,"SubSol Lon":44.49,"Sun Azi":186,"Resolution":0.9,"Url":"https://data.lroc.im-ldi.com/lroc/view_lroc/LRO-L-LROC-3-CDR-V1.0/M1361031224LC","Start Time":"2020-11-26 11:59:16.873+00","label":"M1361031224LC"}},{"type":"Feature","geometry":{"type":"Polygon","coordinates":[[[23.67,0.87],[23.7,1.37],[23.84,1.36],[23.81,0.86],[23.67,0.87]]]},"properties":{"Image":"M1358679219LC","Orbit":51099,"Incidence":7.88,"Emission":1.73,"Phase":9.61,"Slew":-0.01,"SubSol Lat":1.13,"SubSol Lon":15.87,"Sun Azi":184,"Resolution":0.89,"Url":"https://data.lroc.im-ldi.com/lroc/view_lroc/LRO-L-LROC-3-CDR-V1.0/M1358679219LC","Start Time":"2020-10-30 06:39:12.046+00","label":"M1358679219LC"}},{"type":"Feature","geometry":{"type":"Polygon","coordinates":[[[21.31,0.65],[21.39,-0.64],[21.26,-0.65],[21.18,0.64],[21.31,0.65]]]},"properties":{"Image":"M1352828909LC","Orbit":50267,"Incidence":100.26,"Emission":1.7,"Phase":101.95,"Slew":-0.03,"SubSol Lat":1.37,"SubSol Lon":121.54,"Sun Azi":178,"Resolution":19.86,"Url":"https://data.lroc.im-ldi.com/lroc/view_lroc/LRO-L-LROC-3-CDR-V1.0/M1352828909LC","Start Time":"2020-08-23 13:34:26.193+00","label":"M1352828909LC"}},{"type":"Feature","geometry":{"type":"Polygon","coordinates":[[[22.22,1.18],[22.39,-1.4],[22.25,-1.41],[22.09,1.17],[22.22,1.18]]]},"properties":{"Image":"M1352821866RC","Orbit":50266,"Incidence":100.3,"Emission":1.18,"Phase":99.13,"Slew":-0.02,"SubSol Lat":1.37,"SubSol Lon":122.54,"Sun Azi":178,"Resolution":19.89,"Url":"https://data.lroc.im-ldi.com/lroc/view_lroc/LRO-L-LROC-3-CDR-V1.0/M1352821866RC","Start Time":"2020-08-23 11:37:03.559+00","label":"M1352821866RC"}},{"type":"Feature","geometry":{"type":"Polygon","coordinates":[[[22.35,1.19],[22.51,-1.39],[22.38,-1.4],[22.22,1.18],[22.35,1.19]]]},"properties":{"Image":"M1352821866LC","Orbit":50266,"Incidence":100.17,"Emission":1.7,"Phase":101.87,"Slew":-0.02,"SubSol Lat":1.37,"SubSol Lon":122.54,"Sun Azi":178,"Resolution":19.89,"Url":"https://data.lroc.im-ldi.com/lroc/view_lroc/LRO-L-LROC-3-CDR-V1.0/M1352821866LC","Start Time":"2020-08-23 11:37:03.559+00","label":"M1352821866LC"}},{"type":"Feature","geometry":{"type":"Polygon","coordinates":[[[22.08,2.2],[22.17,0.64],[22.04,0.63],[21.94,2.19],[22.08,2.2]]]},"properties":{"Image":"M1350473312RC","Orbit":49932,"Incidence":72.53,"Emission":1.17,"Phase":71.37,"Slew":-0.01,"SubSol Lat":0.92,"SubSol Lon":94.6,"Sun Azi":177,"Resolution":0.87,"Url":"https://data.lroc.im-ldi.com/lroc/view_lroc/LRO-L-LROC-3-CDR-V1.0/M1350473312RC","Start Time":"2020-07-27 07:14:04.705+00","label":"M1350473312RC"}},{"type":"Feature","geometry":{"type":"Polygon","coordinates":[[[22.21,2.21],[22.31,0.65],[22.17,0.64],[22.07,2.2],[22.21,2.21]]]},"properties":{"Image":"M1350473312LC","Orbit":49932,"Incidence":72.4,"Emission":1.72,"Phase":74.11,"Slew":-0.01,"SubSol Lat":0.92,"SubSol Lon":94.6,"Sun Azi":177,"Resolution":0.87,"Url":"https://data.lroc.im-ldi.com/lroc/view_lroc/LRO-L-LROC-3-CDR-V1.0/M1350473312LC","Start Time":"2020-07-27 07:14:04.705+00","label":"M1350473312LC"}},{"type":"Feature","geometry":{"type":"Polygon","coordinates":[[[23.16,2.03],[23.25,0.52],[23.12,0.51],[23.02,2.03],[23.16,2.03]]]},"properties":{"Image":"M1350466285RC","Orbit":49931,"Incidence":72.44,"Emission":1.16,"Phase":71.29,"Slew":0,"SubSol Lat":0.92,"SubSol Lon":95.6,"Sun Azi":177,"Resolution":0.85,"Url":"https://data.lroc.im-ldi.com/lroc/view_lroc/LRO-L-LROC-3-CDR-V1.0/M1350466285RC","Start Time":"2020-07-27 05:16:57.634+00","label":"M1350466285RC"}},{"type":"Feature","geometry":{"type":"Polygon","coordinates":[[[23.29,2.05],[23.39,0.53],[23.25,0.52],[23.15,2.04],[23.29,2.05]]]},"properties":{"Image":"M1350466285LC","Orbit":49931,"Incidence":72.31,"Emission":1.72,"Phase":74.03,"Slew":0,"SubSol Lat":0.92,"SubSol Lon":95.6,"Sun Azi":177,"Resolution":0.86,"Url":"https://data.lroc.im-ldi.com/lroc/view_lroc/LRO-L-LROC-3-CDR-V1.0/M1350466285LC","Start Time":"2020-07-27 05:16:57.634+00","label":"M1350466285LC"}},{"type":"Feature","geometry":{"type":"Polygon","coordinates":[[[23.47,0.77],[23.55,0.77],[23.54,-0.18],[23.46,-0.18],[23.47,0.77]]]},"properties":{"Image":"M135039651RC","Orbit":5034,"Incidence":62.09,"Emission":16.98,"Phase":45.11,"Slew":15.43,"SubSol Lat":-0.7,"SubSol Lon":321.42,"Sun Azi":181,"Resolution":0.52,"Url":"https://data.lroc.im-ldi.com/lroc/view_lroc/LRO-L-LROC-3-CDR-V1.0/M135039651RC","Start Time":"2010-07-29 10:46:23.421+00","label":"M135039651RC"}},{"type":"Feature","geometry":{"type":"Polygon","coordinates":[[[23.39,0.77],[23.47,0.76],[23.46,-0.18],[23.38,-0.18],[23.39,0.77]]]},"properties":{"Image":"M135039651LC","Orbit":5034,"Incidence":62.01,"Emission":14.16,"Phase":47.86,"Slew":15.43,"SubSol Lat":-0.7,"SubSol Lon":321.42,"Sun Azi":181,"Resolution":0.52,"Url":"https://data.lroc.im-ldi.com/lroc/view_lroc/LRO-L-LROC-3-CDR-V1.0/M135039651LC","Start Time":"2010-07-29 10:46:23.421+00","label":"M135039651LC"}},{"type":"Feature","geometry":{"type":"Polygon","coordinates":[[[23.53,1.54],[23.62,1.54],[23.61,0.6],[23.53,0.6],[23.53,1.54]]]},"properties":{"Image":"M135032851RC","Orbit":5033,"Incidence":61.22,"Emission":19.42,"Phase":80.63,"Slew":-20,"SubSol Lat":-0.7,"SubSol Lon":322.38,"Sun Azi":182,"Resolution":0.53,"Url":"https://data.lroc.im-ldi.com/lroc/view_lroc/LRO-L-LROC-3-CDR-V1.0/M135032851RC","Start Time":"2010-07-29 08:53:03.84+00","label":"M135032851RC"}},{"type":"Feature","geometry":{"type":"Polygon","coordinates":[[[23.45,1.54],[23.54,1.54],[23.53,0.6],[23.44,0.6],[23.45,1.54]]]},"properties":{"Image":"M135032851LC","Orbit":5033,"Incidence":61.14,"Emission":22.25,"Phase":83.38,"Slew":-20,"SubSol Lat":-0.7,"SubSol Lon":322.38,"Sun Azi":183,"Resolution":0.54,"Url":"https://data.lroc.im-ldi.com/lroc/view_lroc/LRO-L-LROC-3-CDR-V1.0/M135032851LC","Start Time":"2010-07-29 08:53:03.84+00","label":"M135032851LC"}},{"type":"Feature","geometry":{"type":"Polygon","coordinates":[[[21.57,2.15],[21.66,0.81],[21.52,0.8],[21.43,2.14],[21.57,2.15]]]},"properties":{"Image":"M1345778231RC","Orbit":49264,"Incidence":17.35,"Emission":1.16,"Phase":16.23,"Slew":-0.01,"SubSol Lat":-0.45,"SubSol Lon":38.79,"Sun Azi":170,"Resolution":0.87,"Url":"https://data.lroc.im-ldi.com/lroc/view_lroc/LRO-L-LROC-3-CDR-V1.0/M1345778231RC","Start Time":"2020-06-02 23:02:44.191+00","label":"M1345778231RC"}},{"type":"Feature","geometry":{"type":"Polygon","coordinates":[[[21.71,2.17],[21.79,0.82],[21.65,0.81],[21.57,2.16],[21.71,2.17]]]},"properties":{"Image":"M1345778231LC","Orbit":49264,"Incidence":17.22,"Emission":1.72,"Phase":18.92,"Slew":-0.01,"SubSol Lat":-0.45,"SubSol Lon":38.79,"Sun Azi":170,"Resolution":0.87,"Url":"https://data.lroc.im-ldi.com/lroc/view_lroc/LRO-L-LROC-3-CDR-V1.0/M1345778231LC","Start Time":"2020-06-02 23:02:44.191+00","label":"M1345778231LC"}},{"type":"Feature","geometry":{"type":"Polygon","coordinates":[[[22.65,2.06],[22.75,0.49],[22.61,0.49],[22.51,2.05],[22.65,2.06]]]},"properties":{"Image":"M1345771209RC","Orbit":49263,"Incidence":17.24,"Emission":1.16,"Phase":16.11,"Slew":-0.01,"SubSol Lat":-0.45,"SubSol Lon":39.79,"Sun Azi":171,"Resolution":0.87,"Url":"https://data.lroc.im-ldi.com/lroc/view_lroc/LRO-L-LROC-3-CDR-V1.0/M1345771209RC","Start Time":"2020-06-02 21:05:41.958+00","label":"M1345771209RC"}},{"type":"Feature","geometry":{"type":"Polygon","coordinates":[[[22.78,2.07],[22.88,0.51],[22.74,0.5],[22.64,2.06],[22.78,2.07]]]},"properties":{"Image":"M1345771209LC","Orbit":49263,"Incidence":17.11,"Emission":1.72,"Phase":18.81,"Slew":-0.01,"SubSol Lat":-0.45,"SubSol Lon":39.79,"Sun Azi":171,"Resolution":0.87,"Url":"https://data.lroc.im-ldi.com/lroc/view_lroc/LRO-L-LROC-3-CDR-V1.0/M1345771209LC","Start Time":"2020-06-02 21:05:41.958+00","label":"M1345771209LC"}},{"type":"Feature","geometry":{"type":"Polygon","coordinates":[[[23.82,0.49],[23.92,-1.07],[23.78,-1.08],[23.68,0.48],[23.82,0.49]]]},"properties":{"Image":"M1345764215RC","Orbit":49262,"Incidence":16.97,"Emission":1.16,"Phase":15.82,"Slew":-0.01,"SubSol Lat":-0.45,"SubSol Lon":40.77,"Sun Azi":176,"Resolution":0.87,"Url":"https://data.lroc.im-ldi.com/lroc/view_lroc/LRO-L-LROC-3-CDR-V1.0/M1345764215RC","Start Time":"2020-06-02 19:09:07.971+00","label":"M1345764215RC"}},{"type":"Feature","geometry":{"type":"Polygon","coordinates":[[[23.13,0.32],[23.27,0.33],[23.37,-1.25],[23.23,-1.26],[23.13,0.32]]]},"properties":{"Image":"M1341070157RC","Orbit":48594,"Incidence":39.12,"Emission":1.16,"Phase":37.96,"Slew":0.01,"SubSol Lat":-1.45,"SubSol Lon":344.14,"Sun Azi":178,"Resolution":0.89,"Url":"https://data.lroc.im-ldi.com/lroc/view_lroc/LRO-L-LROC-3-CDR-V1.0/M1341070157RC","Start Time":"2020-04-09 11:14:50.369+00","label":"M1341070157RC"}},{"type":"Feature","geometry":{"type":"Polygon","coordinates":[[[22.99,0.31],[23.14,0.31],[23.24,-1.27],[23.09,-1.28],[22.99,0.31]]]},"properties":{"Image":"M1341070157LC","Orbit":48594,"Incidence":38.99,"Emission":1.73,"Phase":40.71,"Slew":0.01,"SubSol Lat":-1.45,"SubSol Lon":344.14,"Sun Azi":178,"Resolution":0.89,"Url":"https://data.lroc.im-ldi.com/lroc/view_lroc/LRO-L-LROC-3-CDR-V1.0/M1341070157LC","Start Time":"2020-04-09 11:14:50.369+00","label":"M1341070157LC"}},{"type":"Feature","geometry":{"type":"Polygon","coordinates":[[[23.15,0.4],[23.02,0.41],[23.07,1.18],[23.2,1.17],[23.15,0.4]]]},"properties":{"Image":"M1332843118RC","Orbit":47425,"Incidence":39.8,"Emission":1.16,"Phase":38.65,"Slew":0.01,"SubSol Lat":-0.14,"SubSol Lon":62.9,"Sun Azi":182,"Resolution":0.83,"Url":"https://data.lroc.im-ldi.com/lroc/view_lroc/LRO-L-LROC-3-CDR-V1.0/M1332843118RC","Start Time":"2020-01-05 05:57:31.137+00","label":"M1332843118RC"}},{"type":"Feature","geometry":{"type":"Polygon","coordinates":[[[23.28,0.4],[23.15,0.41],[23.19,1.17],[23.33,1.16],[23.28,0.4]]]},"properties":{"Image":"M1332843118LC","Orbit":47425,"Incidence":39.68,"Emission":1.72,"Phase":41.4,"Slew":0.01,"SubSol Lat":-0.14,"SubSol Lon":62.9,"Sun Azi":183,"Resolution":0.84,"Url":"https://data.lroc.im-ldi.com/lroc/view_lroc/LRO-L-LROC-3-CDR-V1.0/M1332843118LC","Start Time":"2020-01-05 05:57:31.137+00","label":"M1332843118LC"}},{"type":"Feature","geometry":{"type":"Polygon","coordinates":[[[23.43,1.06],[23.51,1.06],[23.5,0.11],[23.43,0.11],[23.43,1.06]]]},"properties":{"Image":"M132678405RC","Orbit":4686,"Incidence":87.99,"Emission":3.19,"Phase":84.8,"Slew":1.99,"SubSol Lat":0.03,"SubSol Lon":295.48,"Sun Azi":180,"Resolution":0.5,"Url":"https://data.lroc.im-ldi.com/lroc/view_lroc/LRO-L-LROC-3-CDR-V1.0/M132678405RC","Start Time":"2010-07-02 02:52:17.405+00","label":"M132678405RC"}},{"type":"Feature","geometry":{"type":"Polygon","coordinates":[[[23.36,1.06],[23.44,1.06],[23.43,0.11],[23.35,0.11],[23.36,1.06]]]},"properties":{"Image":"M132678405LC","Orbit":4686,"Incidence":87.91,"Emission":0.36,"Phase":87.55,"Slew":1.99,"SubSol Lat":0.03,"SubSol Lon":295.48,"Sun Azi":180,"Resolution":0.5,"Url":"https://data.lroc.im-ldi.com/lroc/view_lroc/LRO-L-LROC-3-CDR-V1.0/M132678405LC","Start Time":"2010-07-02 02:52:17.405+00","label":"M132678405LC"}},{"type":"Feature","geometry":{"type":"Polygon","coordinates":[[[21.82,-1.75],[21.91,-0.19],[22.05,-0.2],[21.96,-1.76],[21.82,-1.75]]]},"properties":{"Image":"M1325802542RC","Orbit":46424,"Incidence":47.4,"Emission":1.16,"Phase":46.24,"Slew":-0.01,"SubSol Lat":1.56,"SubSol Lon":334.6,"Sun Azi":180,"Resolution":0.88,"Url":"https://data.lroc.im-ldi.com/lroc/view_lroc/LRO-L-LROC-3-CDR-V1.0/M1325802542RC","Start Time":"2019-10-15 18:14:35.217+00","label":"M1325802542RC"}},{"type":"Feature","geometry":{"type":"Polygon","coordinates":[[[21.68,-1.75],[21.78,-0.19],[21.92,-0.2],[21.82,-1.76],[21.68,-1.75]]]},"properties":{"Image":"M1325802542LC","Orbit":46424,"Incidence":47.26,"Emission":1.73,"Phase":48.99,"Slew":-0.01,"SubSol Lat":1.56,"SubSol Lon":334.6,"Sun Azi":181,"Resolution":0.88,"Url":"https://data.lroc.im-ldi.com/lroc/view_lroc/LRO-L-LROC-3-CDR-V1.0/M1325802542LC","Start Time":"2019-10-15 18:14:35.217+00","label":"M1325802542LC"}},{"type":"Feature","geometry":{"type":"Polygon","coordinates":[[[22.27,-0.49],[22.27,-0.52],[22.14,-0.53],[22.14,-0.49],[22.27,-0.49]]]},"properties":{"Image":"M1324631086RC","Orbit":46258,"Incidence":117.51,"Emission":1.16,"Phase":116.36,"Slew":0,"SubSol Lat":1.51,"SubSol Lon":139.72,"Sun Azi":178,"Resolution":0.91,"Url":"https://data.lroc.im-ldi.com/lroc/view_lroc/LRO-L-LROC-3-CDR-V1.0/M1324631086RC","Start Time":"2019-10-02 04:50:19.155+00","label":"M1324631086RC"}},{"type":"Feature","geometry":{"type":"Polygon","coordinates":[[[22.4,-0.48],[22.4,-0.51],[22.27,-0.52],[22.27,-0.48],[22.4,-0.48]]]},"properties":{"Image":"M1324631086LC","Orbit":46258,"Incidence":117.39,"Emission":1.72,"Phase":119.11,"Slew":0,"SubSol Lat":1.51,"SubSol Lon":139.72,"Sun Azi":178,"Resolution":0.91,"Url":"https://data.lroc.im-ldi.com/lroc/view_lroc/LRO-L-LROC-3-CDR-V1.0/M1324631086LC","Start Time":"2019-10-02 04:50:19.155+00","label":"M1324631086LC"}},{"type":"Feature","geometry":{"type":"Polygon","coordinates":[[[22.23,0.19],[22.23,0.15],[22.1,0.14],[22.1,0.18],[22.23,0.19]]]},"properties":{"Image":"M1324631073RC","Orbit":46258,"Incidence":117.53,"Emission":1.16,"Phase":116.38,"Slew":0.01,"SubSol Lat":1.51,"SubSol Lon":139.72,"Sun Azi":178,"Resolution":0.9,"Url":"https://data.lroc.im-ldi.com/lroc/view_lroc/LRO-L-LROC-3-CDR-V1.0/M1324631073RC","Start Time":"2019-10-02 04:50:06.244+00","label":"M1324631073RC"}},{"type":"Feature","geometry":{"type":"Polygon","coordinates":[[[22.36,0.2],[22.36,0.16],[22.23,0.15],[22.23,0.19],[22.36,0.2]]]},"properties":{"Image":"M1324631073LC","Orbit":46258,"Incidence":117.41,"Emission":1.72,"Phase":119.13,"Slew":0.01,"SubSol Lat":1.51,"SubSol Lon":139.72,"Sun Azi":178,"Resolution":0.9,"Url":"https://data.lroc.im-ldi.com/lroc/view_lroc/LRO-L-LROC-3-CDR-V1.0/M1324631073LC","Start Time":"2019-10-02 04:50:06.244+00","label":"M1324631073LC"}},{"type":"Feature","geometry":{"type":"Polygon","coordinates":[[[22.19,0.86],[22.19,0.82],[22.06,0.81],[22.06,0.85],[22.19,0.86]]]},"properties":{"Image":"M1324631060RC","Orbit":46258,"Incidence":117.55,"Emission":1.16,"Phase":116.4,"Slew":0,"SubSol Lat":1.51,"SubSol Lon":139.72,"Sun Azi":179,"Resolution":0.9,"Url":"https://data.lroc.im-ldi.com/lroc/view_lroc/LRO-L-LROC-3-CDR-V1.0/M1324631060RC","Start Time":"2019-10-02 04:49:53.362+00","label":"M1324631060RC"}},{"type":"Feature","geometry":{"type":"Polygon","coordinates":[[[22.32,0.87],[22.32,0.83],[22.19,0.82],[22.19,0.86],[22.32,0.87]]]},"properties":{"Image":"M1324631060LC","Orbit":46258,"Incidence":117.43,"Emission":1.72,"Phase":119.15,"Slew":0,"SubSol Lat":1.51,"SubSol Lon":139.72,"Sun Azi":179,"Resolution":0.9,"Url":"https://data.lroc.im-ldi.com/lroc/view_lroc/LRO-L-LROC-3-CDR-V1.0/M1324631060LC","Start Time":"2019-10-02 04:49:53.362+00","label":"M1324631060LC"}},{"type":"Feature","geometry":{"type":"Polygon","coordinates":[[[21.85,-1.63],[22.04,1.52],[22.18,1.51],[21.99,-1.64],[21.85,-1.63]]]},"properties":{"Image":"M1323452759RC","Orbit":46090,"Incidence":75.77,"Emission":1.16,"Phase":74.61,"Slew":0,"SubSol Lat":1.49,"SubSol Lon":306.25,"Sun Azi":182,"Resolution":1.77,"Url":"https://data.lroc.im-ldi.com/lroc/view_lroc/LRO-L-LROC-3-CDR-V1.0/M1323452759RC","Start Time":"2019-09-18 13:31:32.975+00","label":"M1323452759RC"}},{"type":"Feature","geometry":{"type":"Polygon","coordinates":[[[21.72,-1.63],[21.9,1.52],[22.05,1.51],[21.86,-1.64],[21.72,-1.63]]]},"properties":{"Image":"M1323452759LC","Orbit":46090,"Incidence":75.64,"Emission":1.73,"Phase":77.36,"Slew":0,"SubSol Lat":1.49,"SubSol Lon":306.25,"Sun Azi":182,"Resolution":1.78,"Url":"https://data.lroc.im-ldi.com/lroc/view_lroc/LRO-L-LROC-3-CDR-V1.0/M1323452759LC","Start Time":"2019-09-18 13:31:32.975+00","label":"M1323452759LC"}},{"type":"Feature","geometry":{"type":"Polygon","coordinates":[[[22.23,-0.32],[22.26,-0.82],[22.13,-0.83],[22.1,-0.32],[22.23,-0.32]]]},"properties":{"Image":"M1322281671RC","Orbit":45924,"Incidence":89.26,"Emission":1.16,"Phase":88.11,"Slew":0.07,"SubSol Lat":1.29,"SubSol Lon":111.43,"Sun Azi":178,"Resolution":1.59,"Url":"https://data.lroc.im-ldi.com/lroc/view_lroc/LRO-L-LROC-3-CDR-V1.0/M1322281671RC","Start Time":"2019-09-05 00:13:25.086+00","label":"M1322281671RC"}},{"type":"Feature","geometry":{"type":"Polygon","coordinates":[[[22.35,-0.31],[22.38,-0.81],[22.25,-0.82],[22.22,-0.31],[22.35,-0.31]]]},"properties":{"Image":"M1322281671LC","Orbit":45924,"Incidence":89.14,"Emission":1.71,"Phase":90.85,"Slew":0.07,"SubSol Lat":1.29,"SubSol Lon":111.43,"Sun Azi":178,"Resolution":1.59,"Url":"https://data.lroc.im-ldi.com/lroc/view_lroc/LRO-L-LROC-3-CDR-V1.0/M1322281671LC","Start Time":"2019-09-05 00:13:25.086+00","label":"M1322281671LC"}},{"type":"Feature","geometry":{"type":"Polygon","coordinates":[[[21.88,2.31],[21.96,0.9],[21.84,0.89],[21.76,2.3],[21.88,2.31]]]},"properties":{"Image":"M1319933125RC","Orbit":45590,"Incidence":61.53,"Emission":1.16,"Phase":60.38,"Slew":0,"SubSol Lat":0.78,"SubSol Lon":83.4,"Sun Azi":176,"Resolution":0.78,"Url":"https://data.lroc.im-ldi.com/lroc/view_lroc/LRO-L-LROC-3-CDR-V1.0/M1319933125RC","Start Time":"2019-08-08 19:50:58.482+00","label":"M1319933125RC"}},{"type":"Feature","geometry":{"type":"Polygon","coordinates":[[[22,2.32],[22.08,0.91],[21.96,0.9],[21.88,2.32],[22,2.32]]]},"properties":{"Image":"M1319933125LC","Orbit":45590,"Incidence":61.41,"Emission":1.71,"Phase":63.12,"Slew":0,"SubSol Lat":0.78,"SubSol Lon":83.4,"Sun Azi":177,"Resolution":0.79,"Url":"https://data.lroc.im-ldi.com/lroc/view_lroc/LRO-L-LROC-3-CDR-V1.0/M1319933125LC","Start Time":"2019-08-08 19:50:58.482+00","label":"M1319933125LC"}},{"type":"Feature","geometry":{"type":"Polygon","coordinates":[[[21.66,1.04],[21.66,1.08],[21.8,1.07],[21.8,1.04],[21.66,1.04]]]},"properties":{"Image":"M1318755560RC","Orbit":45423,"Incidence":131.49,"Emission":1.16,"Phase":130.33,"Slew":-0.01,"SubSol Lat":0.43,"SubSol Lon":250.21,"Sun Azi":182,"Resolution":0.96,"Url":"https://data.lroc.im-ldi.com/lroc/view_lroc/LRO-L-LROC-3-CDR-V1.0/M1318755560RC","Start Time":"2019-07-26 04:44:52.892+00","label":"M1318755560RC"}},{"type":"Feature","geometry":{"type":"Polygon","coordinates":[[[21.51,1.05],[21.52,1.09],[21.66,1.08],[21.66,1.04],[21.51,1.05]]]},"properties":{"Image":"M1318755560LC","Orbit":45423,"Incidence":131.35,"Emission":1.73,"Phase":133.08,"Slew":-0.01,"SubSol Lat":0.43,"SubSol Lon":250.21,"Sun Azi":182,"Resolution":0.97,"Url":"https://data.lroc.im-ldi.com/lroc/view_lroc/LRO-L-LROC-3-CDR-V1.0/M1318755560LC","Start Time":"2019-07-26 04:44:52.892+00","label":"M1318755560LC"}},{"type":"Feature","geometry":{"type":"Polygon","coordinates":[[[21.62,0.38],[21.62,0.41],[21.76,0.41],[21.76,0.37],[21.62,0.38]]]},"properties":{"Image":"M1318755547RC","Orbit":45423,"Incidence":131.47,"Emission":1.16,"Phase":130.3,"Slew":-0.01,"SubSol Lat":0.43,"SubSol Lon":250.22,"Sun Azi":183,"Resolution":0.96,"Url":"https://data.lroc.im-ldi.com/lroc/view_lroc/LRO-L-LROC-3-CDR-V1.0/M1318755547RC","Start Time":"2019-07-26 04:44:39.948+00","label":"M1318755547RC"}},{"type":"Feature","geometry":{"type":"Polygon","coordinates":[[[21.47,0.38],[21.48,0.42],[21.62,0.41],[21.62,0.37],[21.47,0.38]]]},"properties":{"Image":"M1318755547LC","Orbit":45423,"Incidence":131.33,"Emission":1.73,"Phase":133.05,"Slew":-0.01,"SubSol Lat":0.43,"SubSol Lon":250.22,"Sun Azi":183,"Resolution":0.96,"Url":"https://data.lroc.im-ldi.com/lroc/view_lroc/LRO-L-LROC-3-CDR-V1.0/M1318755547LC","Start Time":"2019-07-26 04:44:39.948+00","label":"M1318755547LC"}},{"type":"Feature","geometry":{"type":"Polygon","coordinates":[[[21.58,-0.28],[21.58,-0.25],[21.72,-0.26],[21.72,-0.29],[21.58,-0.28]]]},"properties":{"Image":"M1318755534RC","Orbit":45422,"Incidence":131.43,"Emission":1.16,"Phase":130.27,"Slew":-0.01,"SubSol Lat":0.43,"SubSol Lon":250.22,"Sun Azi":183,"Resolution":0.95,"Url":"https://data.lroc.im-ldi.com/lroc/view_lroc/LRO-L-LROC-3-CDR-V1.0/M1318755534RC","Start Time":"2019-07-26 04:44:27.038+00","label":"M1318755534RC"}},{"type":"Feature","geometry":{"type":"Polygon","coordinates":[[[21.44,-0.28],[21.44,-0.24],[21.58,-0.25],[21.58,-0.29],[21.44,-0.28]]]},"properties":{"Image":"M1318755534LC","Orbit":45422,"Incidence":131.29,"Emission":1.73,"Phase":133.02,"Slew":-0.01,"SubSol Lat":0.43,"SubSol Lon":250.22,"Sun Azi":184,"Resolution":0.95,"Url":"https://data.lroc.im-ldi.com/lroc/view_lroc/LRO-L-LROC-3-CDR-V1.0/M1318755534LC","Start Time":"2019-07-26 04:44:27.038+00","label":"M1318755534LC"}},{"type":"Feature","geometry":{"type":"Polygon","coordinates":[[[21.54,-0.95],[21.54,-0.91],[21.69,-0.92],[21.68,-0.96],[21.54,-0.95]]]},"properties":{"Image":"M1318755521RC","Orbit":45422,"Incidence":131.39,"Emission":1.16,"Phase":130.23,"Slew":-0.01,"SubSol Lat":0.43,"SubSol Lon":250.22,"Sun Azi":184,"Resolution":0.94,"Url":"https://data.lroc.im-ldi.com/lroc/view_lroc/LRO-L-LROC-3-CDR-V1.0/M1318755521RC","Start Time":"2019-07-26 04:44:14.157+00","label":"M1318755521RC"}},{"type":"Feature","geometry":{"type":"Polygon","coordinates":[[[21.4,-0.94],[21.4,-0.91],[21.55,-0.92],[21.54,-0.95],[21.4,-0.94]]]},"properties":{"Image":"M1318755521LC","Orbit":45422,"Incidence":131.25,"Emission":1.73,"Phase":132.98,"Slew":-0.01,"SubSol Lat":0.43,"SubSol Lon":250.22,"Sun Azi":184,"Resolution":0.94,"Url":"https://data.lroc.im-ldi.com/lroc/view_lroc/LRO-L-LROC-3-CDR-V1.0/M1318755521LC","Start Time":"2019-07-26 04:44:14.157+00","label":"M1318755521LC"}},{"type":"Feature","geometry":{"type":"Polygon","coordinates":[[[23.45,1.15],[23.53,-0.19],[23.41,-0.2],[23.32,1.15],[23.45,1.15]]]},"properties":{"Image":"M1317571303RC","Orbit":45254,"Incidence":34.07,"Emission":8.95,"Phase":25.17,"Slew":-7.48,"SubSol Lat":0.08,"SubSol Lon":57.49,"Sun Azi":176,"Resolution":0.76,"Url":"https://data.lroc.im-ldi.com/lroc/view_lroc/LRO-L-LROC-3-CDR-V1.0/M1317571303RC","Start Time":"2019-07-12 11:47:16.3+00","label":"M1317571303RC"}},{"type":"Feature","geometry":{"type":"Polygon","coordinates":[[[23.57,1.16],[23.65,-0.18],[23.52,-0.19],[23.44,1.16],[23.57,1.16]]]},"properties":{"Image":"M1317571303LC","Orbit":45254,"Incidence":33.95,"Emission":6.08,"Phase":27.9,"Slew":-7.48,"SubSol Lat":0.08,"SubSol Lon":57.49,"Sun Azi":176,"Resolution":0.76,"Url":"https://data.lroc.im-ldi.com/lroc/view_lroc/LRO-L-LROC-3-CDR-V1.0/M1317571303LC","Start Time":"2019-07-12 11:47:16.3+00","label":"M1317571303LC"}},{"type":"Feature","geometry":{"type":"Polygon","coordinates":[[[23.16,-0.74],[23.23,-2],[23.12,-2.01],[23.05,-0.75],[23.16,-0.74]]]},"properties":{"Image":"M1315225938RC","Orbit":44920,"Incidence":6.23,"Emission":1.16,"Phase":5.07,"Slew":-0.02,"SubSol Lat":-0.63,"SubSol Lon":29.33,"Sun Azi":183,"Resolution":0.7,"Url":"https://data.lroc.im-ldi.com/lroc/view_lroc/LRO-L-LROC-3-CDR-V1.0/M1315225938RC","Start Time":"2019-06-15 08:17:50.628+00","label":"M1315225938RC"}},{"type":"Feature","geometry":{"type":"Polygon","coordinates":[[[23.27,-0.73],[23.34,-2],[23.23,-2],[23.16,-0.74],[23.27,-0.73]]]},"properties":{"Image":"M1315225938LC","Orbit":44920,"Incidence":6.13,"Emission":1.7,"Phase":7.82,"Slew":-0.02,"SubSol Lat":-0.63,"SubSol Lon":29.33,"Sun Azi":184,"Resolution":0.7,"Url":"https://data.lroc.im-ldi.com/lroc/view_lroc/LRO-L-LROC-3-CDR-V1.0/M1315225938LC","Start Time":"2019-06-15 08:17:50.628+00","label":"M1315225938LC"}},{"type":"Feature","geometry":{"type":"Polygon","coordinates":[[[22.29,0.34],[22.22,0.34],[22.21,1.43],[22.28,1.43],[22.29,0.34]]]},"properties":{"Image":"M131501287RC","Orbit":4513,"Incidence":79.48,"Emission":1.13,"Phase":78.35,"Slew":0,"SubSol Lat":0.42,"SubSol Lon":101.74,"Sun Azi":180,"Resolution":0.83,"Url":"https://data.lroc.im-ldi.com/lroc/view_lroc/LRO-L-LROC-3-CDR-V1.0/M131501287RC","Start Time":"2010-06-18 11:53:40.17+00","label":"M131501287RC"}},{"type":"Feature","geometry":{"type":"Polygon","coordinates":[[[22.35,0.34],[22.28,0.34],[22.28,1.43],[22.34,1.43],[22.35,0.34]]]},"properties":{"Image":"M131501287LC","Orbit":4513,"Incidence":79.42,"Emission":1.68,"Phase":81.1,"Slew":0,"SubSol Lat":0.42,"SubSol Lon":101.74,"Sun Azi":180,"Resolution":0.84,"Url":"https://data.lroc.im-ldi.com/lroc/view_lroc/LRO-L-LROC-3-CDR-V1.0/M131501287LC","Start Time":"2010-06-18 11:53:40.17+00","label":"M131501287LC"}},{"type":"Feature","geometry":{"type":"Polygon","coordinates":[[[23.44,0.63],[23.37,0.63],[23.37,1.58],[23.43,1.58],[23.44,0.63]]]},"properties":{"Image":"M131494509RC","Orbit":4512,"Incidence":79.29,"Emission":4.34,"Phase":83.63,"Slew":-5.35,"SubSol Lat":0.42,"SubSol Lon":102.69,"Sun Azi":180,"Resolution":0.47,"Url":"https://data.lroc.im-ldi.com/lroc/view_lroc/LRO-L-LROC-3-CDR-V1.0/M131494509RC","Start Time":"2010-06-18 10:00:42.288+00","label":"M131494509RC"}},{"type":"Feature","geometry":{"type":"Polygon","coordinates":[[[23.5,0.63],[23.44,0.63],[23.43,1.58],[23.5,1.58],[23.5,0.63]]]},"properties":{"Image":"M131494509LC","Orbit":4512,"Incidence":79.22,"Emission":7.16,"Phase":86.38,"Slew":-5.35,"SubSol Lat":0.42,"SubSol Lon":102.69,"Sun Azi":180,"Resolution":0.48,"Url":"https://data.lroc.im-ldi.com/lroc/view_lroc/LRO-L-LROC-3-CDR-V1.0/M131494509LC","Start Time":"2010-06-18 10:00:42.288+00","label":"M131494509LC"}},{"type":"Feature","geometry":{"type":"Polygon","coordinates":[[[23.16,-0.68],[23.27,-0.68],[23.33,-1.74],[23.22,-1.75],[23.16,-0.68]]]},"properties":{"Image":"M1312875592RC","Orbit":44585,"Incidence":21.49,"Emission":1.16,"Phase":20.35,"Slew":0.01,"SubSol Lat":-1.21,"SubSol Lon":1.75,"Sun Azi":177,"Resolution":0.7,"Url":"https://data.lroc.im-ldi.com/lroc/view_lroc/LRO-L-LROC-3-CDR-V1.0/M1312875592RC","Start Time":"2019-05-19 03:25:24.733+00","label":"M1312875592RC"}},{"type":"Feature","geometry":{"type":"Polygon","coordinates":[[[23.05,-0.69],[23.16,-0.69],[23.22,-1.75],[23.11,-1.76],[23.05,-0.69]]]},"properties":{"Image":"M1312875592LC","Orbit":44585,"Incidence":21.39,"Emission":1.7,"Phase":23.09,"Slew":0.01,"SubSol Lat":-1.21,"SubSol Lon":1.75,"Sun Azi":177,"Resolution":0.7,"Url":"https://data.lroc.im-ldi.com/lroc/view_lroc/LRO-L-LROC-3-CDR-V1.0/M1312875592LC","Start Time":"2019-05-19 03:25:24.733+00","label":"M1312875592LC"}},{"type":"Feature","geometry":{"type":"Polygon","coordinates":[[[22.33,-0.1],[22.44,-0.1],[22.51,-1.38],[22.4,-1.39],[22.33,-0.1]]]},"properties":{"Image":"M1310530541RC","Orbit":44251,"Incidence":49.29,"Emission":1.15,"Phase":48.14,"Slew":0.01,"SubSol Lat":-1.52,"SubSol Lon":333.13,"Sun Azi":178,"Resolution":0.71,"Url":"https://data.lroc.im-ldi.com/lroc/view_lroc/LRO-L-LROC-3-CDR-V1.0/M1310530541RC","Start Time":"2019-04-22 00:01:14.267+00","label":"M1310530541RC"}},{"type":"Feature","geometry":{"type":"Polygon","coordinates":[[[22.22,-0.11],[22.33,-0.11],[22.41,-1.39],[22.3,-1.4],[22.22,-0.11]]]},"properties":{"Image":"M1310530541LC","Orbit":44251,"Incidence":49.18,"Emission":1.71,"Phase":50.88,"Slew":0.01,"SubSol Lat":-1.52,"SubSol Lon":333.13,"Sun Azi":178,"Resolution":0.71,"Url":"https://data.lroc.im-ldi.com/lroc/view_lroc/LRO-L-LROC-3-CDR-V1.0/M1310530541LC","Start Time":"2019-04-22 00:01:14.267+00","label":"M1310530541LC"}},{"type":"Feature","geometry":{"type":"Polygon","coordinates":[[[21.66,-0.06],[21.77,-0.05],[21.92,-2.61],[21.81,-2.61],[21.66,-0.06]]]},"properties":{"Image":"M1308184575RC","Orbit":43917,"Incidence":77.51,"Emission":1.15,"Phase":76.37,"Slew":-0.01,"SubSol Lat":-1.48,"SubSol Lon":304.25,"Sun Azi":178,"Resolution":1.41,"Url":"https://data.lroc.im-ldi.com/lroc/view_lroc/LRO-L-LROC-3-CDR-V1.0/M1308184575RC","Start Time":"2019-03-25 20:21:48.026+00","label":"M1308184575RC"}},{"type":"Feature","geometry":{"type":"Polygon","coordinates":[[[21.55,-0.07],[21.66,-0.06],[21.81,-2.62],[21.7,-2.62],[21.55,-0.07]]]},"properties":{"Image":"M1308184575LC","Orbit":43917,"Incidence":77.41,"Emission":1.71,"Phase":79.12,"Slew":-0.01,"SubSol Lat":-1.48,"SubSol Lon":304.25,"Sun Azi":178,"Resolution":1.41,"Url":"https://data.lroc.im-ldi.com/lroc/view_lroc/LRO-L-LROC-3-CDR-V1.0/M1308184575LC","Start Time":"2019-03-25 20:21:48.026+00","label":"M1308184575LC"}},{"type":"Feature","geometry":{"type":"Polygon","coordinates":[[[23.69,1.92],[23.81,1.92],[23.88,0.6],[23.77,0.59],[23.69,1.92]]]},"properties":{"Image":"M1308170489RC","Orbit":43915,"Incidence":77.6,"Emission":1.15,"Phase":76.45,"Slew":0,"SubSol Lat":-1.48,"SubSol Lon":306.23,"Sun Azi":178,"Resolution":0.73,"Url":"https://data.lroc.im-ldi.com/lroc/view_lroc/LRO-L-LROC-3-CDR-V1.0/M1308170489RC","Start Time":"2019-03-25 16:27:02.037+00","label":"M1308170489RC"}},{"type":"Feature","geometry":{"type":"Polygon","coordinates":[[[23.58,1.91],[23.7,1.91],[23.77,0.59],[23.66,0.58],[23.58,1.91]]]},"properties":{"Image":"M1308170489LC","Orbit":43915,"Incidence":77.49,"Emission":1.71,"Phase":79.19,"Slew":0,"SubSol Lat":-1.48,"SubSol Lon":306.23,"Sun Azi":179,"Resolution":0.73,"Url":"https://data.lroc.im-ldi.com/lroc/view_lroc/LRO-L-LROC-3-CDR-V1.0/M1308170489LC","Start Time":"2019-03-25 16:27:02.037+00","label":"M1308170489LC"}},{"type":"Feature","geometry":{"type":"Polygon","coordinates":[[[22.14,-0.11],[21.99,-0.1],[22.18,3.23],[22.33,3.22],[22.14,-0.11]]]},"properties":{"Image":"M1307000823RC","Orbit":43748,"Incidence":88.75,"Emission":1.17,"Phase":87.58,"Slew":-0.01,"SubSol Lat":-1.28,"SubSol Lon":110.87,"Sun Azi":182,"Resolution":1.89,"Url":"https://data.lroc.im-ldi.com/lroc/view_lroc/LRO-L-LROC-3-CDR-V1.0/M1307000823RC","Start Time":"2019-03-12 03:32:36.545+00","label":"M1307000823RC"}},{"type":"Feature","geometry":{"type":"Polygon","coordinates":[[[22.29,-0.12],[22.14,-0.11],[22.33,3.23],[22.48,3.22],[22.29,-0.12]]]},"properties":{"Image":"M1307000823LC","Orbit":43748,"Incidence":88.6,"Emission":1.73,"Phase":90.33,"Slew":-0.01,"SubSol Lat":-1.28,"SubSol Lon":110.87,"Sun Azi":182,"Resolution":1.89,"Url":"https://data.lroc.im-ldi.com/lroc/view_lroc/LRO-L-LROC-3-CDR-V1.0/M1307000823LC","Start Time":"2019-03-12 03:32:36.545+00","label":"M1307000823LC"}},{"type":"Feature","geometry":{"type":"Polygon","coordinates":[[[21.3,-0.37],[21.15,-0.36],[21.24,1.3],[21.4,1.29],[21.3,-0.37]]]},"properties":{"Image":"M1302306019LC","Orbit":43080,"Incidence":30.73,"Emission":1.73,"Phase":32.45,"Slew":0.01,"SubSol Lat":0.05,"SubSol Lon":51.99,"Sun Azi":183,"Resolution":0.94,"Url":"https://data.lroc.im-ldi.com/lroc/view_lroc/LRO-L-LROC-3-CDR-V1.0/M1302306019LC","Start Time":"2019-01-16 19:25:52.047+00","label":"M1302306019LC"}},{"type":"Feature","geometry":{"type":"Polygon","coordinates":[[[23.31,0.09],[23.16,0.1],[23.23,1.39],[23.38,1.38],[23.31,0.09]]]},"properties":{"Image":"M1302291967RC","Orbit":43079,"Incidence":30.71,"Emission":1.17,"Phase":29.54,"Slew":0.01,"SubSol Lat":0.05,"SubSol Lon":53.97,"Sun Azi":182,"Resolution":0.94,"Url":"https://data.lroc.im-ldi.com/lroc/view_lroc/LRO-L-LROC-3-CDR-V1.0/M1302291967RC","Start Time":"2019-01-16 15:31:39.947+00","label":"M1302291967RC"}},{"type":"Feature","geometry":{"type":"Polygon","coordinates":[[[23.45,0.09],[23.3,0.1],[23.37,1.39],[23.53,1.38],[23.45,0.09]]]},"properties":{"Image":"M1302291967LC","Orbit":43079,"Incidence":30.56,"Emission":1.73,"Phase":32.29,"Slew":0.01,"SubSol Lat":0.05,"SubSol Lon":53.97,"Sun Azi":183,"Resolution":0.95,"Url":"https://data.lroc.im-ldi.com/lroc/view_lroc/LRO-L-LROC-3-CDR-V1.0/M1302291967LC","Start Time":"2019-01-16 15:31:39.947+00","label":"M1302291967LC"}},{"type":"Feature","geometry":{"type":"Polygon","coordinates":[[[21.28,-0.51],[21.39,-0.5],[21.39,-0.54],[21.28,-0.55],[21.28,-0.51]]]},"properties":{"Image":"M1301135544RC","Orbit":42914,"Incidence":164.42,"Emission":1.15,"Phase":163.28,"Slew":0,"SubSol Lat":0.36,"SubSol Lon":216.92,"Sun Azi":178,"Resolution":0.88,"Url":"https://data.lroc.im-ldi.com/lroc/view_lroc/LRO-L-LROC-3-CDR-V1.0/M1301135544RC","Start Time":"2019-01-03 06:17:57.388+00","label":"M1301135544RC"}},{"type":"Feature","geometry":{"type":"Polygon","coordinates":[[[21.24,0.17],[21.36,0.17],[21.36,0.14],[21.24,0.13],[21.24,0.17]]]},"properties":{"Image":"M1301135531RC","Orbit":42914,"Incidence":164.37,"Emission":1.15,"Phase":163.24,"Slew":0.01,"SubSol Lat":0.36,"SubSol Lon":216.92,"Sun Azi":176,"Resolution":0.87,"Url":"https://data.lroc.im-ldi.com/lroc/view_lroc/LRO-L-LROC-3-CDR-V1.0/M1301135531RC","Start Time":"2019-01-03 06:17:44.477+00","label":"M1301135531RC"}},{"type":"Feature","geometry":{"type":"Polygon","coordinates":[[[21.2,0.84],[21.32,0.85],[21.32,0.81],[21.2,0.81],[21.2,0.84]]]},"properties":{"Image":"M1301135518RC","Orbit":42914,"Incidence":164.29,"Emission":1.15,"Phase":163.17,"Slew":0.01,"SubSol Lat":0.36,"SubSol Lon":216.92,"Sun Azi":174,"Resolution":0.87,"Url":"https://data.lroc.im-ldi.com/lroc/view_lroc/LRO-L-LROC-3-CDR-V1.0/M1301135518RC","Start Time":"2019-01-03 06:17:31.595+00","label":"M1301135518RC"}},{"type":"Feature","geometry":{"type":"Polygon","coordinates":[[[22.83,-1.51],[22.69,-1.5],[22.77,0.1],[22.92,0.09],[22.83,-1.51]]]},"properties":{"Image":"M1299943690RC","Orbit":42744,"Incidence":2.25,"Emission":1.17,"Phase":1.58,"Slew":0.01,"SubSol Lat":0.79,"SubSol Lon":24.47,"Sun Azi":225,"Resolution":0.91,"Url":"https://data.lroc.im-ldi.com/lroc/view_lroc/LRO-L-LROC-3-CDR-V1.0/M1299943690RC","Start Time":"2018-12-20 11:13:43.482+00","label":"M1299943690RC"}},{"type":"Feature","geometry":{"type":"Polygon","coordinates":[[[22.97,-1.52],[22.83,-1.51],[22.92,0.09],[23.06,0.08],[22.97,-1.52]]]},"properties":{"Image":"M1299943690LC","Orbit":42744,"Incidence":2.15,"Emission":1.72,"Phase":3.55,"Slew":0.01,"SubSol Lat":0.79,"SubSol Lon":24.47,"Sun Azi":228,"Resolution":0.91,"Url":"https://data.lroc.im-ldi.com/lroc/view_lroc/LRO-L-LROC-3-CDR-V1.0/M1299943690LC","Start Time":"2018-12-20 11:13:43.482+00","label":"M1299943690LC"}},{"type":"Feature","geometry":{"type":"Polygon","coordinates":[[[21.17,-2.6],[21.26,-1.05],[21.4,-1.05],[21.31,-2.61],[21.17,-2.6]]]},"properties":{"Image":"M1297603094RC","Orbit":42411,"Incidence":27.45,"Emission":1.16,"Phase":26.3,"Slew":0,"SubSol Lat":1.33,"SubSol Lon":354.02,"Sun Azi":177,"Resolution":0.88,"Url":"https://data.lroc.im-ldi.com/lroc/view_lroc/LRO-L-LROC-3-CDR-V1.0/M1297603094RC","Start Time":"2018-11-23 09:03:47.496+00","label":"M1297603094RC"}},{"type":"Feature","geometry":{"type":"Polygon","coordinates":[[[23.39,-0.89],[23.47,0.5],[23.62,0.49],[23.54,-0.9],[23.39,-0.89]]]},"properties":{"Image":"M1297589074RC","Orbit":42409,"Incidence":27.56,"Emission":1.16,"Phase":26.4,"Slew":-0.01,"SubSol Lat":1.34,"SubSol Lon":355.99,"Sun Azi":180,"Resolution":0.89,"Url":"https://data.lroc.im-ldi.com/lroc/view_lroc/LRO-L-LROC-3-CDR-V1.0/M1297589074RC","Start Time":"2018-11-23 05:10:07.211+00","label":"M1297589074RC"}},{"type":"Feature","geometry":{"type":"Polygon","coordinates":[[[23.26,-0.88],[23.33,0.5],[23.48,0.49],[23.4,-0.89],[23.26,-0.88]]]},"properties":{"Image":"M1297589074LC","Orbit":42409,"Incidence":27.42,"Emission":1.73,"Phase":29.15,"Slew":-0.01,"SubSol Lat":1.34,"SubSol Lon":355.99,"Sun Azi":180,"Resolution":0.89,"Url":"https://data.lroc.im-ldi.com/lroc/view_lroc/LRO-L-LROC-3-CDR-V1.0/M1297589074LC","Start Time":"2018-11-23 05:10:07.211+00","label":"M1297589074LC"}},{"type":"Feature","geometry":{"type":"Polygon","coordinates":[[[23.56,-2.05],[23.64,-0.53],[23.78,-0.54],[23.69,-2.05],[23.56,-2.05]]]},"properties":{"Image":"M1295235628LC","Orbit":42074,"Incidence":56.13,"Emission":1.72,"Phase":57.86,"Slew":0.01,"SubSol Lat":1.55,"SubSol Lon":327.6,"Sun Azi":181,"Resolution":0.85,"Url":"https://data.lroc.im-ldi.com/lroc/view_lroc/LRO-L-LROC-3-CDR-V1.0/M1295235628LC","Start Time":"2018-10-26 23:26:00.924+00","label":"M1295235628LC"}},{"type":"Feature","geometry":{"type":"Polygon","coordinates":[[[21.57,0.79],[21.61,0.04],[21.49,0.03],[21.45,0.78],[21.57,0.79]]]},"properties":{"Image":"M1294080378RC","Orbit":41910,"Incidence":108.76,"Emission":1.16,"Phase":107.6,"Slew":0,"SubSol Lat":1.52,"SubSol Lon":130.31,"Sun Azi":178,"Resolution":11.83,"Url":"https://data.lroc.im-ldi.com/lroc/view_lroc/LRO-L-LROC-3-CDR-V1.0/M1294080378RC","Start Time":"2018-10-13 14:32:04.588+00","label":"M1294080378RC"}},{"type":"Feature","geometry":{"type":"Polygon","coordinates":[[[21.69,0.8],[21.73,0.05],[21.61,0.04],[21.57,0.79],[21.69,0.8]]]},"properties":{"Image":"M1294080378LC","Orbit":41910,"Incidence":108.64,"Emission":1.71,"Phase":110.35,"Slew":0,"SubSol Lat":1.52,"SubSol Lon":130.31,"Sun Azi":179,"Resolution":11.83,"Url":"https://data.lroc.im-ldi.com/lroc/view_lroc/LRO-L-LROC-3-CDR-V1.0/M1294080378LC","Start Time":"2018-10-13 14:32:04.588+00","label":"M1294080378LC"}},{"type":"Feature","geometry":{"type":"Polygon","coordinates":[[[21.81,-0.15],[21.97,-3.01],[21.85,-3.02],[21.69,-0.16],[21.81,-0.15]]]},"properties":{"Image":"M1291727970RC","Orbit":41575,"Incidence":80.49,"Emission":1.16,"Phase":79.33,"Slew":0,"SubSol Lat":1.2,"SubSol Lon":102.28,"Sun Azi":178,"Resolution":1.58,"Url":"https://data.lroc.im-ldi.com/lroc/view_lroc/LRO-L-LROC-3-CDR-V1.0/M1291727970RC","Start Time":"2018-09-16 09:05:04.055+00","label":"M1291727970RC"}},{"type":"Feature","geometry":{"type":"Polygon","coordinates":[[[21.93,-0.14],[22.09,-3],[21.96,-3.01],[21.81,-0.15],[21.93,-0.14]]]},"properties":{"Image":"M1291727970LC","Orbit":41575,"Incidence":80.37,"Emission":1.71,"Phase":82.08,"Slew":0,"SubSol Lat":1.2,"SubSol Lon":102.28,"Sun Azi":178,"Resolution":1.58,"Url":"https://data.lroc.im-ldi.com/lroc/view_lroc/LRO-L-LROC-3-CDR-V1.0/M1291727970LC","Start Time":"2018-09-16 09:05:04.055+00","label":"M1291727970LC"}},{"type":"Feature","geometry":{"type":"Polygon","coordinates":[[[23.52,0.22],[23.46,0.22],[23.45,1.17],[23.52,1.17],[23.52,0.22]]]},"properties":{"Image":"M129133239RC","Orbit":4164,"Incidence":53.13,"Emission":5.6,"Phase":47.53,"Slew":4.37,"SubSol Lat":1.05,"SubSol Lon":76.62,"Sun Azi":180,"Resolution":0.48,"Url":"https://data.lroc.im-ldi.com/lroc/view_lroc/LRO-L-LROC-3-CDR-V1.0/M129133239RC","Start Time":"2010-05-22 02:06:12.843+00","label":"M129133239RC"}},{"type":"Feature","geometry":{"type":"Polygon","coordinates":[[[23.59,0.22],[23.52,0.22],[23.51,1.17],[23.58,1.17],[23.59,0.22]]]},"properties":{"Image":"M129133239LC","Orbit":4164,"Incidence":53.06,"Emission":2.78,"Phase":50.28,"Slew":4.37,"SubSol Lat":1.05,"SubSol Lon":76.62,"Sun Azi":181,"Resolution":0.48,"Url":"https://data.lroc.im-ldi.com/lroc/view_lroc/LRO-L-LROC-3-CDR-V1.0/M129133239LC","Start Time":"2010-05-22 02:06:12.843+00","label":"M129133239LC"}},{"type":"Feature","geometry":{"type":"Polygon","coordinates":[[[21.81,1.28],[21.89,-0.19],[21.76,-0.2],[21.68,1.28],[21.81,1.28]]]},"properties":{"Image":"M1289376117RC","Orbit":41240,"Incidence":52.8,"Emission":1.16,"Phase":51.65,"Slew":-0.01,"SubSol Lat":0.6,"SubSol Lon":74.59,"Sun Azi":177,"Resolution":0.82,"Url":"https://data.lroc.im-ldi.com/lroc/view_lroc/LRO-L-LROC-3-CDR-V1.0/M1289376117RC","Start Time":"2018-08-20 03:47:29.787+00","label":"M1289376117RC"}},{"type":"Feature","geometry":{"type":"Polygon","coordinates":[[[21.94,1.29],[22.02,-0.18],[21.89,-0.19],[21.81,1.29],[21.94,1.29]]]},"properties":{"Image":"M1289376117LC","Orbit":41240,"Incidence":52.68,"Emission":1.71,"Phase":54.39,"Slew":-0.01,"SubSol Lat":0.6,"SubSol Lon":74.59,"Sun Azi":177,"Resolution":0.82,"Url":"https://data.lroc.im-ldi.com/lroc/view_lroc/LRO-L-LROC-3-CDR-V1.0/M1289376117LC","Start Time":"2018-08-20 03:47:29.787+00","label":"M1289376117LC"}},{"type":"Feature","geometry":{"type":"Polygon","coordinates":[[[21.92,-0.61],[22,-2.08],[21.87,-2.09],[21.79,-0.61],[21.92,-0.61]]]},"properties":{"Image":"M1287024690RC","Orbit":40905,"Incidence":25.29,"Emission":1.17,"Phase":24.13,"Slew":-0.02,"SubSol Lat":-0.14,"SubSol Lon":47.16,"Sun Azi":179,"Resolution":0.82,"Url":"https://data.lroc.im-ldi.com/lroc/view_lroc/LRO-L-LROC-3-CDR-V1.0/M1287024690RC","Start Time":"2018-07-23 22:37:02.812+00","label":"M1287024690RC"}},{"type":"Feature","geometry":{"type":"Polygon","coordinates":[[[22.04,-0.59],[22.12,-2.07],[21.99,-2.08],[21.91,-0.6],[22.04,-0.59]]]},"properties":{"Image":"M1287024690LC","Orbit":40905,"Incidence":25.17,"Emission":1.71,"Phase":26.88,"Slew":-0.02,"SubSol Lat":-0.14,"SubSol Lon":47.16,"Sun Azi":180,"Resolution":0.82,"Url":"https://data.lroc.im-ldi.com/lroc/view_lroc/LRO-L-LROC-3-CDR-V1.0/M1287024690LC","Start Time":"2018-07-23 22:37:02.812+00","label":"M1287024690LC"}},{"type":"Feature","geometry":{"type":"Polygon","coordinates":[[[22.96,1.96],[23.1,1.96],[23.15,0.91],[23.01,0.9],[22.96,1.96]]]},"properties":{"Image":"M1284665269RC","Orbit":40569,"Incidence":3.07,"Emission":1.16,"Phase":2.32,"Slew":0.01,"SubSol Lat":-0.84,"SubSol Lon":20.99,"Sun Azi":224,"Resolution":0.87,"Url":"https://data.lroc.im-ldi.com/lroc/view_lroc/LRO-L-LROC-3-CDR-V1.0/M1284665269RC","Start Time":"2018-06-26 15:13:22.352+00","label":"M1284665269RC"}},{"type":"Feature","geometry":{"type":"Polygon","coordinates":[[[22.82,1.94],[22.96,1.95],[23.02,0.9],[22.88,0.89],[22.82,1.94]]]},"properties":{"Image":"M1284665269LC","Orbit":40569,"Incidence":2.98,"Emission":1.72,"Phase":4.36,"Slew":0.01,"SubSol Lat":-0.84,"SubSol Lon":20.99,"Sun Azi":226,"Resolution":0.87,"Url":"https://data.lroc.im-ldi.com/lroc/view_lroc/LRO-L-LROC-3-CDR-V1.0/M1284665269LC","Start Time":"2018-06-26 15:13:22.352+00","label":"M1284665269LC"}},{"type":"Feature","geometry":{"type":"Polygon","coordinates":[[[21.44,-0.27],[21.31,-0.26],[21.35,0.37],[21.48,0.36],[21.44,-0.27]]]},"properties":{"Image":"M1283494776RC","Orbit":40402,"Incidence":165.19,"Emission":1.17,"Phase":164.02,"Slew":0.02,"SubSol Lat":-1.1,"SubSol Lon":186.62,"Sun Azi":180,"Resolution":10.12,"Url":"https://data.lroc.im-ldi.com/lroc/view_lroc/LRO-L-LROC-3-CDR-V1.0/M1283494776RC","Start Time":"2018-06-13 02:05:21.128+00","label":"M1283494776RC"}},{"type":"Feature","geometry":{"type":"Polygon","coordinates":[[[21.57,-0.27],[21.44,-0.27],[21.47,0.37],[21.6,0.36],[21.57,-0.27]]]},"properties":{"Image":"M1283494776LC","Orbit":40402,"Incidence":165.06,"Emission":1.71,"Phase":166.77,"Slew":0.02,"SubSol Lat":-1.1,"SubSol Lon":186.62,"Sun Azi":179,"Resolution":10.12,"Url":"https://data.lroc.im-ldi.com/lroc/view_lroc/LRO-L-LROC-3-CDR-V1.0/M1283494776LC","Start Time":"2018-06-13 02:05:21.128+00","label":"M1283494776LC"}},{"type":"Feature","geometry":{"type":"Polygon","coordinates":[[[23.57,-0.21],[23.45,-0.2],[23.48,0.43],[23.61,0.42],[23.57,-0.21]]]},"properties":{"Image":"M1283480719RC","Orbit":40400,"Incidence":165.05,"Emission":1.16,"Phase":163.89,"Slew":0.01,"SubSol Lat":-1.1,"SubSol Lon":188.61,"Sun Azi":180,"Resolution":10.08,"Url":"https://data.lroc.im-ldi.com/lroc/view_lroc/LRO-L-LROC-3-CDR-V1.0/M1283480719RC","Start Time":"2018-06-12 22:11:03.788+00","label":"M1283480719RC"}},{"type":"Feature","geometry":{"type":"Polygon","coordinates":[[[23.7,-0.22],[23.57,-0.21],[23.6,0.43],[23.73,0.42],[23.7,-0.22]]]},"properties":{"Image":"M1283480719LC","Orbit":40400,"Incidence":164.93,"Emission":1.71,"Phase":166.64,"Slew":0.01,"SubSol Lat":-1.1,"SubSol Lon":188.61,"Sun Azi":179,"Resolution":10.09,"Url":"https://data.lroc.im-ldi.com/lroc/view_lroc/LRO-L-LROC-3-CDR-V1.0/M1283480719LC","Start Time":"2018-06-12 22:11:03.788+00","label":"M1283480719LC"}},{"type":"Feature","geometry":{"type":"Polygon","coordinates":[[[23.52,1.44],[23.66,1.44],[23.75,-0.12],[23.61,-0.12],[23.52,1.44]]]},"properties":{"Image":"M1282310415RC","Orbit":40234,"Incidence":29.59,"Emission":1.16,"Phase":28.43,"Slew":0.01,"SubSol Lat":-1.36,"SubSol Lon":354.11,"Sun Azi":181,"Resolution":0.88,"Url":"https://data.lroc.im-ldi.com/lroc/view_lroc/LRO-L-LROC-3-CDR-V1.0/M1282310415RC","Start Time":"2018-05-30 09:05:48.097+00","label":"M1282310415RC"}},{"type":"Feature","geometry":{"type":"Polygon","coordinates":[[[23.38,1.42],[23.53,1.43],[23.61,-0.13],[23.47,-0.14],[23.38,1.42]]]},"properties":{"Image":"M1282310415LC","Orbit":40234,"Incidence":29.45,"Emission":1.73,"Phase":31.18,"Slew":0.01,"SubSol Lat":-1.36,"SubSol Lon":354.11,"Sun Azi":181,"Resolution":0.88,"Url":"https://data.lroc.im-ldi.com/lroc/view_lroc/LRO-L-LROC-3-CDR-V1.0/M1282310415LC","Start Time":"2018-05-30 09:05:48.097+00","label":"M1282310415LC"}},{"type":"Feature","geometry":{"type":"Polygon","coordinates":[[[23.03,-0.32],[22.91,-0.31],[22.94,0.33],[23.07,0.32],[23.03,-0.32]]]},"properties":{"Image":"M1281132869RC","Orbit":40066,"Incidence":137.51,"Emission":1.16,"Phase":136.35,"Slew":0.01,"SubSol Lat":-1.46,"SubSol Lon":160.52,"Sun Azi":181,"Resolution":5.51,"Url":"https://data.lroc.im-ldi.com/lroc/view_lroc/LRO-L-LROC-3-CDR-V1.0/M1281132869RC","Start Time":"2018-05-16 18:00:07.741+00","label":"M1281132869RC"}},{"type":"Feature","geometry":{"type":"Polygon","coordinates":[[[23.15,-0.32],[23.03,-0.32],[23.06,0.33],[23.19,0.32],[23.15,-0.32]]]},"properties":{"Image":"M1281132869LC","Orbit":40066,"Incidence":137.39,"Emission":1.71,"Phase":139.11,"Slew":0.01,"SubSol Lat":-1.46,"SubSol Lon":160.52,"Sun Azi":181,"Resolution":5.51,"Url":"https://data.lroc.im-ldi.com/lroc/view_lroc/LRO-L-LROC-3-CDR-V1.0/M1281132869LC","Start Time":"2018-05-16 18:00:07.741+00","label":"M1281132869LC"}},{"type":"Feature","geometry":{"type":"Polygon","coordinates":[[[22.04,-1.01],[22.18,-1.01],[22.24,-2.14],[22.1,-2.15],[22.04,-1.01]]]},"properties":{"Image":"M1279969629RC","Orbit":39901,"Incidence":57.09,"Emission":1.15,"Phase":55.95,"Slew":-0.02,"SubSol Lat":-1.57,"SubSol Lon":325.03,"Sun Azi":178,"Resolution":0.87,"Url":"https://data.lroc.im-ldi.com/lroc/view_lroc/LRO-L-LROC-3-CDR-V1.0/M1279969629RC","Start Time":"2018-05-03 06:52:41.752+00","label":"M1279969629RC"}},{"type":"Feature","geometry":{"type":"Polygon","coordinates":[[[21.9,-1.03],[22.04,-1.02],[22.1,-2.15],[21.96,-2.16],[21.9,-1.03]]]},"properties":{"Image":"M1279969629LC","Orbit":39901,"Incidence":56.96,"Emission":1.74,"Phase":58.69,"Slew":-0.02,"SubSol Lat":-1.57,"SubSol Lon":325.03,"Sun Azi":178,"Resolution":0.88,"Url":"https://data.lroc.im-ldi.com/lroc/view_lroc/LRO-L-LROC-3-CDR-V1.0/M1279969629LC","Start Time":"2018-05-03 06:52:41.752+00","label":"M1279969629LC"}},{"type":"Feature","geometry":{"type":"Polygon","coordinates":[[[22.47,0.92],[22.62,0.93],[22.7,-0.67],[22.56,-0.68],[22.47,0.92]]]},"properties":{"Image":"M1277614735RC","Orbit":39566,"Incidence":85.03,"Emission":1.17,"Phase":83.87,"Slew":0,"SubSol Lat":-1.43,"SubSol Lon":297.56,"Sun Azi":178,"Resolution":0.9,"Url":"https://data.lroc.im-ldi.com/lroc/view_lroc/LRO-L-LROC-3-CDR-V1.0/M1277614735RC","Start Time":"2018-04-06 00:44:28.313+00","label":"M1277614735RC"}},{"type":"Feature","geometry":{"type":"Polygon","coordinates":[[[22.33,0.91],[22.48,0.92],[22.56,-0.68],[22.42,-0.69],[22.33,0.91]]]},"properties":{"Image":"M1277614735LC","Orbit":39566,"Incidence":84.89,"Emission":1.72,"Phase":86.61,"Slew":0,"SubSol Lat":-1.43,"SubSol Lon":297.56,"Sun Azi":178,"Resolution":0.9,"Url":"https://data.lroc.im-ldi.com/lroc/view_lroc/LRO-L-LROC-3-CDR-V1.0/M1277614735LC","Start Time":"2018-04-06 00:44:28.313+00","label":"M1277614735LC"}},{"type":"Feature","geometry":{"type":"Polygon","coordinates":[[[23.52,1.41],[23.66,1.42],[23.75,-0.16],[23.6,-0.17],[23.52,1.41]]]},"properties":{"Image":"M1277607697RC","Orbit":39565,"Incidence":85.1,"Emission":1.17,"Phase":83.94,"Slew":-0.01,"SubSol Lat":-1.43,"SubSol Lon":298.55,"Sun Azi":178,"Resolution":0.89,"Url":"https://data.lroc.im-ldi.com/lroc/view_lroc/LRO-L-LROC-3-CDR-V1.0/M1277607697RC","Start Time":"2018-04-05 22:47:10.048+00","label":"M1277607697RC"}},{"type":"Feature","geometry":{"type":"Polygon","coordinates":[[[23.38,1.4],[23.52,1.4],[23.61,-0.18],[23.46,-0.18],[23.38,1.4]]]},"properties":{"Image":"M1277607697LC","Orbit":39565,"Incidence":84.96,"Emission":1.72,"Phase":86.68,"Slew":-0.01,"SubSol Lat":-1.43,"SubSol Lon":298.55,"Sun Azi":178,"Resolution":0.89,"Url":"https://data.lroc.im-ldi.com/lroc/view_lroc/LRO-L-LROC-3-CDR-V1.0/M1277607697LC","Start Time":"2018-04-05 22:47:10.048+00","label":"M1277607697LC"}},{"type":"Feature","geometry":{"type":"Polygon","coordinates":[[[23.09,0.74],[22.97,0.74],[23.04,2.13],[23.16,2.13],[23.09,0.74]]]},"properties":{"Image":"M1276430230RC","Orbit":39398,"Incidence":81.35,"Emission":1.16,"Phase":80.18,"Slew":0.02,"SubSol Lat":-1.15,"SubSol Lon":104.38,"Sun Azi":182,"Resolution":0.78,"Url":"https://data.lroc.im-ldi.com/lroc/view_lroc/LRO-L-LROC-3-CDR-V1.0/M1276430230RC","Start Time":"2018-03-23 07:42:43.447+00","label":"M1276430230RC"}},{"type":"Feature","geometry":{"type":"Polygon","coordinates":[[[23.21,0.73],[23.09,0.74],[23.16,2.13],[23.29,2.12],[23.21,0.73]]]},"properties":{"Image":"M1276430230LC","Orbit":39398,"Incidence":81.23,"Emission":1.71,"Phase":82.93,"Slew":0.02,"SubSol Lat":-1.15,"SubSol Lon":104.38,"Sun Azi":182,"Resolution":0.78,"Url":"https://data.lroc.im-ldi.com/lroc/view_lroc/LRO-L-LROC-3-CDR-V1.0/M1276430230LC","Start Time":"2018-03-23 07:42:43.447+00","label":"M1276430230LC"}},{"type":"Feature","geometry":{"type":"Polygon","coordinates":[[[23.29,-0.24],[22.84,-0.22],[23.01,1.7],[23.46,1.68],[23.29,-0.24]]]},"properties":{"Image":"M1274103575RC","Orbit":39066,"Incidence":49.17,"Emission":58.94,"Phase":108.08,"Slew":-56.25,"SubSol Lat":-0.54,"SubSol Lon":72.3,"Sun Azi":195,"Resolution":1.81,"Url":"https://data.lroc.im-ldi.com/lroc/view_lroc/LRO-L-LROC-3-CDR-V1.0/M1274103575RC","Start Time":"2018-02-24 09:25:08.583+00","label":"M1274103575RC"}},{"type":"Feature","geometry":{"type":"Polygon","coordinates":[[[23.81,-0.26],[23.27,-0.23],[23.44,1.68],[23.99,1.65],[23.81,-0.26]]]},"properties":{"Image":"M1274103575LC","Orbit":39066,"Incidence":48.7,"Emission":62.16,"Phase":110.84,"Slew":-56.25,"SubSol Lat":-0.54,"SubSol Lon":72.3,"Sun Azi":206,"Resolution":1.93,"Url":"https://data.lroc.im-ldi.com/lroc/view_lroc/LRO-L-LROC-3-CDR-V1.0/M1274103575LC","Start Time":"2018-02-24 09:25:08.583+00","label":"M1274103575LC"}},{"type":"Feature","geometry":{"type":"Polygon","coordinates":[[[23.61,0.73],[23.49,0.74],[23.53,1.51],[23.65,1.51],[23.61,0.73]]]},"properties":{"Image":"M1274075475RC","Orbit":39063,"Incidence":52.7,"Emission":1.15,"Phase":51.55,"Slew":-0.01,"SubSol Lat":-0.53,"SubSol Lon":76.25,"Sun Azi":182,"Resolution":0.78,"Url":"https://data.lroc.im-ldi.com/lroc/view_lroc/LRO-L-LROC-3-CDR-V1.0/M1274075475RC","Start Time":"2018-02-24 01:36:48.181+00","label":"M1274075475RC"}},{"type":"Feature","geometry":{"type":"Polygon","coordinates":[[[23.73,0.73],[23.61,0.73],[23.65,1.51],[23.77,1.5],[23.73,0.73]]]},"properties":{"Image":"M1274075475LC","Orbit":39063,"Incidence":52.59,"Emission":1.72,"Phase":54.31,"Slew":-0.01,"SubSol Lat":-0.53,"SubSol Lon":76.25,"Sun Azi":182,"Resolution":0.79,"Url":"https://data.lroc.im-ldi.com/lroc/view_lroc/LRO-L-LROC-3-CDR-V1.0/M1274075475LC","Start Time":"2018-02-24 01:36:48.181+00","label":"M1274075475LC"}},{"type":"Feature","geometry":{"type":"Polygon","coordinates":[[[21.95,-0.08],[21.83,-0.07],[21.9,1.31],[22.03,1.31],[21.95,-0.08]]]},"properties":{"Image":"M1271734797RC","Orbit":38729,"Incidence":23.93,"Emission":1.15,"Phase":22.78,"Slew":0.01,"SubSol Lat":0.21,"SubSol Lon":45.86,"Sun Azi":182,"Resolution":0.78,"Url":"https://data.lroc.im-ldi.com/lroc/view_lroc/LRO-L-LROC-3-CDR-V1.0/M1271734797RC","Start Time":"2018-01-27 23:25:29.648+00","label":"M1271734797RC"}},{"type":"Feature","geometry":{"type":"Polygon","coordinates":[[[22.08,-0.08],[21.95,-0.08],[22.02,1.31],[22.15,1.3],[22.08,-0.08]]]},"properties":{"Image":"M1271734797LC","Orbit":38729,"Incidence":23.81,"Emission":1.72,"Phase":25.54,"Slew":0.01,"SubSol Lat":0.21,"SubSol Lon":45.86,"Sun Azi":182,"Resolution":0.78,"Url":"https://data.lroc.im-ldi.com/lroc/view_lroc/LRO-L-LROC-3-CDR-V1.0/M1271734797LC","Start Time":"2018-01-27 23:25:29.648+00","label":"M1271734797LC"}},{"type":"Feature","geometry":{"type":"Polygon","coordinates":[[[21.33,-2.13],[21.41,-0.72],[21.53,-0.73],[21.46,-2.14],[21.33,-2.13]]]},"properties":{"Image":"M1269386674RC","Orbit":38395,"Incidence":5.58,"Emission":1.16,"Phase":4.57,"Slew":-0.01,"SubSol Lat":0.91,"SubSol Lon":16.37,"Sun Azi":158,"Resolution":0.79,"Url":"https://data.lroc.im-ldi.com/lroc/view_lroc/LRO-L-LROC-3-CDR-V1.0/M1269386674RC","Start Time":"2017-12-31 19:10:07.417+00","label":"M1269386674RC"}},{"type":"Feature","geometry":{"type":"Polygon","coordinates":[[[21.21,-2.13],[21.28,-0.72],[21.41,-0.73],[21.34,-2.14],[21.21,-2.13]]]},"properties":{"Image":"M1269386674LC","Orbit":38395,"Incidence":5.47,"Emission":1.72,"Phase":7.09,"Slew":-0.01,"SubSol Lat":0.91,"SubSol Lon":16.37,"Sun Azi":158,"Resolution":0.79,"Url":"https://data.lroc.im-ldi.com/lroc/view_lroc/LRO-L-LROC-3-CDR-V1.0/M1269386674LC","Start Time":"2017-12-31 19:10:07.417+00","label":"M1269386674LC"}},{"type":"Feature","geometry":{"type":"Polygon","coordinates":[[[22.41,1.53],[22.48,0.03],[22.35,0.03],[22.27,1.52],[22.41,1.53]]]},"properties":{"Image":"M1258806051RC","Orbit":36891,"Incidence":45.31,"Emission":4.07,"Phase":49.38,"Slew":4.99,"SubSol Lat":0.38,"SubSol Lon":67.69,"Sun Azi":176,"Resolution":0.84,"Url":"https://data.lroc.im-ldi.com/lroc/view_lroc/LRO-L-LROC-3-CDR-V1.0/M1258806051RC","Start Time":"2017-08-31 08:06:24.46+00","label":"M1258806051RC"}},{"type":"Feature","geometry":{"type":"Polygon","coordinates":[[[22.54,1.54],[22.62,0.04],[22.48,0.04],[22.4,1.53],[22.54,1.54]]]},"properties":{"Image":"M1258806051LC","Orbit":36891,"Incidence":45.18,"Emission":6.95,"Phase":52.12,"Slew":4.99,"SubSol Lat":0.38,"SubSol Lon":67.69,"Sun Azi":177,"Resolution":0.85,"Url":"https://data.lroc.im-ldi.com/lroc/view_lroc/LRO-L-LROC-3-CDR-V1.0/M1258806051LC","Start Time":"2017-08-31 08:06:24.46+00","label":"M1258806051LC"}},{"type":"Feature","geometry":{"type":"Polygon","coordinates":[[[23.25,1.49],[23.32,-0.01],[23.19,-0.02],[23.11,1.48],[23.25,1.49]]]},"properties":{"Image":"M1258799019RC","Orbit":36890,"Incidence":45.46,"Emission":1.17,"Phase":44.3,"Slew":-0.01,"SubSol Lat":0.37,"SubSol Lon":68.68,"Sun Azi":177,"Resolution":0.84,"Url":"https://data.lroc.im-ldi.com/lroc/view_lroc/LRO-L-LROC-3-CDR-V1.0/M1258799019RC","Start Time":"2017-08-31 06:09:12.437+00","label":"M1258799019RC"}},{"type":"Feature","geometry":{"type":"Polygon","coordinates":[[[23.38,1.5],[23.45,0],[23.32,0],[23.24,1.49],[23.38,1.5]]]},"properties":{"Image":"M1258799019LC","Orbit":36890,"Incidence":45.33,"Emission":1.71,"Phase":47.04,"Slew":-0.01,"SubSol Lat":0.37,"SubSol Lon":68.68,"Sun Azi":177,"Resolution":0.84,"Url":"https://data.lroc.im-ldi.com/lroc/view_lroc/LRO-L-LROC-3-CDR-V1.0/M1258799019LC","Start Time":"2017-08-31 06:09:12.437+00","label":"M1258799019LC"}},{"type":"Feature","geometry":{"type":"Polygon","coordinates":[[[21.9,-0.69],[21.97,-2.17],[21.84,-2.18],[21.77,-0.7],[21.9,-0.69]]]},"properties":{"Image":"M1256457043RC","Orbit":36557,"Incidence":17.97,"Emission":1.17,"Phase":16.8,"Slew":-0.02,"SubSol Lat":-0.38,"SubSol Lon":39.81,"Sun Azi":180,"Resolution":0.82,"Url":"https://data.lroc.im-ldi.com/lroc/view_lroc/LRO-L-LROC-3-CDR-V1.0/M1256457043RC","Start Time":"2017-08-04 03:36:16.402+00","label":"M1256457043RC"}},{"type":"Feature","geometry":{"type":"Polygon","coordinates":[[[22.03,-0.68],[22.1,-2.16],[21.97,-2.17],[21.9,-0.69],[22.03,-0.68]]]},"properties":{"Image":"M1256457043LC","Orbit":36557,"Incidence":17.84,"Emission":1.71,"Phase":19.56,"Slew":-0.02,"SubSol Lat":-0.38,"SubSol Lon":39.81,"Sun Azi":180,"Resolution":0.82,"Url":"https://data.lroc.im-ldi.com/lroc/view_lroc/LRO-L-LROC-3-CDR-V1.0/M1256457043LC","Start Time":"2017-08-04 03:36:16.402+00","label":"M1256457043LC"}},{"type":"Feature","geometry":{"type":"Polygon","coordinates":[[[22.94,0.05],[23.01,-1.45],[22.88,-1.46],[22.8,0.04],[22.94,0.05]]]},"properties":{"Image":"M1256449996RC","Orbit":36556,"Incidence":17.9,"Emission":1.17,"Phase":16.74,"Slew":-0.02,"SubSol Lat":-0.38,"SubSol Lon":40.81,"Sun Azi":178,"Resolution":0.83,"Url":"https://data.lroc.im-ldi.com/lroc/view_lroc/LRO-L-LROC-3-CDR-V1.0/M1256449996RC","Start Time":"2017-08-04 01:38:49.444+00","label":"M1256449996RC"}},{"type":"Feature","geometry":{"type":"Polygon","coordinates":[[[23.06,0.06],[23.14,-1.44],[23.01,-1.45],[22.93,0.05],[23.06,0.06]]]},"properties":{"Image":"M1256449996LC","Orbit":36556,"Incidence":17.77,"Emission":1.71,"Phase":19.48,"Slew":-0.02,"SubSol Lat":-0.38,"SubSol Lon":40.81,"Sun Azi":178,"Resolution":0.83,"Url":"https://data.lroc.im-ldi.com/lroc/view_lroc/LRO-L-LROC-3-CDR-V1.0/M1256449996LC","Start Time":"2017-08-04 01:38:49.444+00","label":"M1256449996LC"}},{"type":"Feature","geometry":{"type":"Polygon","coordinates":[[[23.51,1.38],[23.65,1.39],[23.72,-0.07],[23.59,-0.07],[23.51,1.38]]]},"properties":{"Image":"M1254093845RC","Orbit":36221,"Incidence":9.62,"Emission":1.16,"Phase":8.47,"Slew":0.01,"SubSol Lat":-1.04,"SubSol Lon":14.15,"Sun Azi":187,"Resolution":0.82,"Url":"https://data.lroc.im-ldi.com/lroc/view_lroc/LRO-L-LROC-3-CDR-V1.0/M1254093845RC","Start Time":"2017-07-07 19:09:37.922+00","label":"M1254093845RC"}},{"type":"Feature","geometry":{"type":"Polygon","coordinates":[[[23.39,1.37],[23.52,1.38],[23.59,-0.08],[23.46,-0.08],[23.39,1.37]]]},"properties":{"Image":"M1254093845LC","Orbit":36221,"Incidence":9.5,"Emission":1.72,"Phase":11.21,"Slew":0.01,"SubSol Lat":-1.04,"SubSol Lon":14.15,"Sun Azi":187,"Resolution":0.82,"Url":"https://data.lroc.im-ldi.com/lroc/view_lroc/LRO-L-LROC-3-CDR-V1.0/M1254093845LC","Start Time":"2017-07-07 19:09:37.922+00","label":"M1254093845LC"}},{"type":"Feature","geometry":{"type":"Polygon","coordinates":[[[22.12,1.08],[21.98,1.08],[21.98,1.12],[22.12,1.11],[22.12,1.08]]]},"properties":{"Image":"M1252922752RC","Orbit":36055,"Incidence":157.8,"Emission":1.16,"Phase":156.64,"Slew":0.01,"SubSol Lat":-1.21,"SubSol Lon":179.85,"Sun Azi":182,"Resolution":0.96,"Url":"https://data.lroc.im-ldi.com/lroc/view_lroc/LRO-L-LROC-3-CDR-V1.0/M1252922752RC","Start Time":"2017-06-24 05:51:25.376+00","label":"M1252922752RC"}},{"type":"Feature","geometry":{"type":"Polygon","coordinates":[[[22.26,1.07],[22.12,1.08],[22.12,1.12],[22.27,1.11],[22.26,1.07]]]},"properties":{"Image":"M1252922752LC","Orbit":36055,"Incidence":157.66,"Emission":1.73,"Phase":159.39,"Slew":0.01,"SubSol Lat":-1.21,"SubSol Lon":179.85,"Sun Azi":183,"Resolution":0.96,"Url":"https://data.lroc.im-ldi.com/lroc/view_lroc/LRO-L-LROC-3-CDR-V1.0/M1252922752LC","Start Time":"2017-06-24 05:51:25.376+00","label":"M1252922752LC"}},{"type":"Feature","geometry":{"type":"Polygon","coordinates":[[[22.09,0.41],[21.95,0.42],[21.95,0.45],[22.09,0.44],[22.09,0.41]]]},"properties":{"Image":"M1252922739RC","Orbit":36055,"Incidence":157.82,"Emission":1.16,"Phase":156.66,"Slew":0.01,"SubSol Lat":-1.21,"SubSol Lon":179.85,"Sun Azi":181,"Resolution":0.95,"Url":"https://data.lroc.im-ldi.com/lroc/view_lroc/LRO-L-LROC-3-CDR-V1.0/M1252922739RC","Start Time":"2017-06-24 05:51:12.432+00","label":"M1252922739RC"}},{"type":"Feature","geometry":{"type":"Polygon","coordinates":[[[22.23,0.41],[22.09,0.41],[22.09,0.45],[22.23,0.44],[22.23,0.41]]]},"properties":{"Image":"M1252922739LC","Orbit":36055,"Incidence":157.68,"Emission":1.73,"Phase":159.41,"Slew":0.01,"SubSol Lat":-1.21,"SubSol Lon":179.85,"Sun Azi":181,"Resolution":0.95,"Url":"https://data.lroc.im-ldi.com/lroc/view_lroc/LRO-L-LROC-3-CDR-V1.0/M1252922739LC","Start Time":"2017-06-24 05:51:12.432+00","label":"M1252922739LC"}},{"type":"Feature","geometry":{"type":"Polygon","coordinates":[[[22.06,-0.26],[21.91,-0.25],[21.92,-0.21],[22.06,-0.22],[22.06,-0.26]]]},"properties":{"Image":"M1252922726RC","Orbit":36054,"Incidence":157.82,"Emission":1.16,"Phase":156.66,"Slew":0.01,"SubSol Lat":-1.21,"SubSol Lon":179.85,"Sun Azi":180,"Resolution":0.94,"Url":"https://data.lroc.im-ldi.com/lroc/view_lroc/LRO-L-LROC-3-CDR-V1.0/M1252922726RC","Start Time":"2017-06-24 05:50:59.521+00","label":"M1252922726RC"}},{"type":"Feature","geometry":{"type":"Polygon","coordinates":[[[22.2,-0.26],[22.05,-0.25],[22.05,-0.22],[22.2,-0.23],[22.2,-0.26]]]},"properties":{"Image":"M1252922726LC","Orbit":36054,"Incidence":157.68,"Emission":1.73,"Phase":159.41,"Slew":0.01,"SubSol Lat":-1.21,"SubSol Lon":179.85,"Sun Azi":179,"Resolution":0.94,"Url":"https://data.lroc.im-ldi.com/lroc/view_lroc/LRO-L-LROC-3-CDR-V1.0/M1252922726LC","Start Time":"2017-06-24 05:50:59.521+00","label":"M1252922726LC"}},{"type":"Feature","geometry":{"type":"Polygon","coordinates":[[[22.03,-0.92],[21.88,-0.91],[21.88,-0.88],[22.03,-0.89],[22.03,-0.92]]]},"properties":{"Image":"M1252922713RC","Orbit":36054,"Incidence":157.8,"Emission":1.16,"Phase":156.65,"Slew":0.01,"SubSol Lat":-1.21,"SubSol Lon":179.86,"Sun Azi":178,"Resolution":0.94,"Url":"https://data.lroc.im-ldi.com/lroc/view_lroc/LRO-L-LROC-3-CDR-V1.0/M1252922713RC","Start Time":"2017-06-24 05:50:46.64+00","label":"M1252922713RC"}},{"type":"Feature","geometry":{"type":"Polygon","coordinates":[[[22.16,-0.92],[22.02,-0.92],[22.02,-0.88],[22.17,-0.89],[22.16,-0.92]]]},"properties":{"Image":"M1252922713LC","Orbit":36054,"Incidence":157.66,"Emission":1.73,"Phase":159.39,"Slew":0.01,"SubSol Lat":-1.21,"SubSol Lon":179.86,"Sun Azi":177,"Resolution":0.94,"Url":"https://data.lroc.im-ldi.com/lroc/view_lroc/LRO-L-LROC-3-CDR-V1.0/M1252922713LC","Start Time":"2017-06-24 05:50:46.64+00","label":"M1252922713LC"}},{"type":"Feature","geometry":{"type":"Polygon","coordinates":[[[22.16,-0.99],[22.28,-0.99],[22.35,-2.4],[22.22,-2.41],[22.16,-0.99]]]},"properties":{"Image":"M1251751792RC","Orbit":35888,"Incidence":36.73,"Emission":1.15,"Phase":35.58,"Slew":0.01,"SubSol Lat":-1.47,"SubSol Lon":345.51,"Sun Azi":177,"Resolution":0.79,"Url":"https://data.lroc.im-ldi.com/lroc/view_lroc/LRO-L-LROC-3-CDR-V1.0/M1251751792RC","Start Time":"2017-06-10 16:35:25.088+00","label":"M1251751792RC"}},{"type":"Feature","geometry":{"type":"Polygon","coordinates":[[[22.03,-1],[22.16,-1],[22.23,-2.41],[22.1,-2.42],[22.03,-1]]]},"properties":{"Image":"M1251751792LC","Orbit":35888,"Incidence":36.61,"Emission":1.72,"Phase":38.32,"Slew":0.01,"SubSol Lat":-1.47,"SubSol Lon":345.51,"Sun Azi":177,"Resolution":0.79,"Url":"https://data.lroc.im-ldi.com/lroc/view_lroc/LRO-L-LROC-3-CDR-V1.0/M1251751792LC","Start Time":"2017-06-10 16:35:25.088+00","label":"M1251751792LC"}},{"type":"Feature","geometry":{"type":"Polygon","coordinates":[[[21.63,1.28],[21.76,1.28],[21.83,-0.13],[21.7,-0.14],[21.63,1.28]]]},"properties":{"Image":"M1249402613RC","Orbit":35554,"Incidence":64.04,"Emission":1.16,"Phase":62.89,"Slew":-0.02,"SubSol Lat":-1.58,"SubSol Lon":317.72,"Sun Azi":179,"Resolution":0.78,"Url":"https://data.lroc.im-ldi.com/lroc/view_lroc/LRO-L-LROC-3-CDR-V1.0/M1249402613RC","Start Time":"2017-05-14 12:02:25.64+00","label":"M1249402613RC"}},{"type":"Feature","geometry":{"type":"Polygon","coordinates":[[[21.51,1.27],[21.64,1.27],[21.71,-0.14],[21.58,-0.15],[21.51,1.27]]]},"properties":{"Image":"M1249402613LC","Orbit":35554,"Incidence":63.92,"Emission":1.72,"Phase":65.64,"Slew":-0.02,"SubSol Lat":-1.58,"SubSol Lon":317.72,"Sun Azi":179,"Resolution":0.79,"Url":"https://data.lroc.im-ldi.com/lroc/view_lroc/LRO-L-LROC-3-CDR-V1.0/M1249402613LC","Start Time":"2017-05-14 12:02:25.64+00","label":"M1249402613LC"}},{"type":"Feature","geometry":{"type":"Polygon","coordinates":[[[22.37,-0.47],[22.49,-0.46],[22.49,-0.5],[22.37,-0.5],[22.37,-0.47]]]},"properties":{"Image":"M1247046519RC","Orbit":35219,"Incidence":91.84,"Emission":1.16,"Phase":90.69,"Slew":-0.01,"SubSol Lat":-1.32,"SubSol Lon":290.58,"Sun Azi":178,"Resolution":0.89,"Url":"https://data.lroc.im-ldi.com/lroc/view_lroc/LRO-L-LROC-3-CDR-V1.0/M1247046519RC","Start Time":"2017-04-17 05:34:12.065+00","label":"M1247046519RC"}},{"type":"Feature","geometry":{"type":"Polygon","coordinates":[[[22.25,-0.48],[22.37,-0.47],[22.38,-0.51],[22.25,-0.51],[22.25,-0.48]]]},"properties":{"Image":"M1247046519LC","Orbit":35219,"Incidence":91.72,"Emission":1.71,"Phase":93.43,"Slew":-0.01,"SubSol Lat":-1.32,"SubSol Lon":290.58,"Sun Azi":179,"Resolution":0.89,"Url":"https://data.lroc.im-ldi.com/lroc/view_lroc/LRO-L-LROC-3-CDR-V1.0/M1247046519LC","Start Time":"2017-04-17 05:34:12.065+00","label":"M1247046519LC"}},{"type":"Feature","geometry":{"type":"Polygon","coordinates":[[[22.34,0.21],[22.46,0.21],[22.46,0.18],[22.34,0.17],[22.34,0.21]]]},"properties":{"Image":"M1247046506RC","Orbit":35219,"Incidence":91.82,"Emission":1.16,"Phase":90.67,"Slew":-0.01,"SubSol Lat":-1.32,"SubSol Lon":290.59,"Sun Azi":178,"Resolution":0.89,"Url":"https://data.lroc.im-ldi.com/lroc/view_lroc/LRO-L-LROC-3-CDR-V1.0/M1247046506RC","Start Time":"2017-04-17 05:33:59.153+00","label":"M1247046506RC"}},{"type":"Feature","geometry":{"type":"Polygon","coordinates":[[[22.22,0.2],[22.34,0.2],[22.34,0.17],[22.22,0.16],[22.22,0.2]]]},"properties":{"Image":"M1247046506LC","Orbit":35219,"Incidence":91.7,"Emission":1.71,"Phase":93.41,"Slew":-0.01,"SubSol Lat":-1.32,"SubSol Lon":290.59,"Sun Azi":179,"Resolution":0.89,"Url":"https://data.lroc.im-ldi.com/lroc/view_lroc/LRO-L-LROC-3-CDR-V1.0/M1247046506LC","Start Time":"2017-04-17 05:33:59.153+00","label":"M1247046506LC"}},{"type":"Feature","geometry":{"type":"Polygon","coordinates":[[[22.3,0.88],[22.43,0.89],[22.43,0.85],[22.31,0.84],[22.3,0.88]]]},"properties":{"Image":"M1247046493RC","Orbit":35219,"Incidence":91.8,"Emission":1.16,"Phase":90.65,"Slew":-0.01,"SubSol Lat":-1.32,"SubSol Lon":290.59,"Sun Azi":178,"Resolution":0.88,"Url":"https://data.lroc.im-ldi.com/lroc/view_lroc/LRO-L-LROC-3-CDR-V1.0/M1247046493RC","Start Time":"2017-04-17 05:33:46.271+00","label":"M1247046493RC"}},{"type":"Feature","geometry":{"type":"Polygon","coordinates":[[[22.19,0.87],[22.31,0.88],[22.31,0.84],[22.19,0.84],[22.19,0.87]]]},"properties":{"Image":"M1247046493LC","Orbit":35219,"Incidence":91.68,"Emission":1.71,"Phase":93.39,"Slew":-0.01,"SubSol Lat":-1.32,"SubSol Lon":290.59,"Sun Azi":179,"Resolution":0.88,"Url":"https://data.lroc.im-ldi.com/lroc/view_lroc/LRO-L-LROC-3-CDR-V1.0/M1247046493LC","Start Time":"2017-04-17 05:33:46.271+00","label":"M1247046493LC"}},{"type":"Feature","geometry":{"type":"Polygon","coordinates":[[[21.69,-3.95],[21.54,-3.94],[21.69,-0.75],[21.84,-0.76],[21.69,-3.95]]]},"properties":{"Image":"M1245868283RC","Orbit":35051,"Incidence":74.88,"Emission":1.16,"Phase":73.72,"Slew":-0.03,"SubSol Lat":-1.03,"SubSol Lon":96.61,"Sun Azi":182,"Resolution":1.81,"Url":"https://data.lroc.im-ldi.com/lroc/view_lroc/LRO-L-LROC-3-CDR-V1.0/M1245868283RC","Start Time":"2017-04-03 14:16:57.216+00","label":"M1245868283RC"}},{"type":"Feature","geometry":{"type":"Polygon","coordinates":[[[21.83,-3.95],[21.68,-3.94],[21.84,-0.76],[21.99,-0.77],[21.83,-3.95]]]},"properties":{"Image":"M1245868283LC","Orbit":35051,"Incidence":74.74,"Emission":1.73,"Phase":76.47,"Slew":-0.03,"SubSol Lat":-1.03,"SubSol Lon":96.61,"Sun Azi":183,"Resolution":1.81,"Url":"https://data.lroc.im-ldi.com/lroc/view_lroc/LRO-L-LROC-3-CDR-V1.0/M1245868283LC","Start Time":"2017-04-03 14:16:57.216+00","label":"M1245868283LC"}},{"type":"Feature","geometry":{"type":"Polygon","coordinates":[[[22.77,-3.68],[22.62,-3.67],[22.77,-0.51],[22.92,-0.51],[22.77,-3.68]]]},"properties":{"Image":"M1245861256RC","Orbit":35050,"Incidence":74.8,"Emission":1.16,"Phase":73.64,"Slew":-0.03,"SubSol Lat":-1.03,"SubSol Lon":97.6,"Sun Azi":182,"Resolution":1.81,"Url":"https://data.lroc.im-ldi.com/lroc/view_lroc/LRO-L-LROC-3-CDR-V1.0/M1245861256RC","Start Time":"2017-04-03 12:19:49.594+00","label":"M1245861256RC"}},{"type":"Feature","geometry":{"type":"Polygon","coordinates":[[[22.91,-3.68],[22.76,-3.67],[22.91,-0.51],[23.06,-0.52],[22.91,-3.68]]]},"properties":{"Image":"M1245861256LC","Orbit":35050,"Incidence":74.66,"Emission":1.73,"Phase":76.39,"Slew":-0.03,"SubSol Lat":-1.03,"SubSol Lon":97.6,"Sun Azi":183,"Resolution":1.81,"Url":"https://data.lroc.im-ldi.com/lroc/view_lroc/LRO-L-LROC-3-CDR-V1.0/M1245861256LC","Start Time":"2017-04-03 12:19:49.594+00","label":"M1245861256LC"}},{"type":"Feature","geometry":{"type":"Polygon","coordinates":[[[23.38,0.15],[23.37,1.1],[23.44,1.1],[23.45,0.15],[23.38,0.15]]]},"properties":{"Image":"M124416372RC","Orbit":3469,"Incidence":1.07,"Emission":3.18,"Phase":2.76,"Slew":-2.01,"SubSol Lat":1.51,"SubSol Lon":22.81,"Sun Azi":124,"Resolution":0.48,"Url":"https://data.lroc.im-ldi.com/lroc/view_lroc/LRO-L-LROC-3-CDR-V1.0/M124416372RC","Start Time":"2010-03-28 11:51:46.113+00","label":"M124416372RC"}},{"type":"Feature","geometry":{"type":"Polygon","coordinates":[[[23.31,0.15],[23.3,1.1],[23.37,1.1],[23.38,0.15],[23.31,0.15]]]},"properties":{"Image":"M124416372LC","Orbit":3469,"Incidence":1.03,"Emission":0.36,"Phase":0.9,"Slew":-2.01,"SubSol Lat":1.51,"SubSol Lon":22.81,"Sun Azi":121,"Resolution":0.48,"Url":"https://data.lroc.im-ldi.com/lroc/view_lroc/LRO-L-LROC-3-CDR-V1.0/M124416372LC","Start Time":"2010-03-28 11:51:46.113+00","label":"M124416372LC"}},{"type":"Feature","geometry":{"type":"Polygon","coordinates":[[[22.43,-0.89],[22.28,-0.88],[22.36,0.79],[22.51,0.78],[22.43,-0.89]]]},"properties":{"Image":"M1243512285RC","Orbit":34716,"Incidence":46.44,"Emission":1.16,"Phase":45.28,"Slew":-0.06,"SubSol Lat":-0.38,"SubSol Lon":68.84,"Sun Azi":182,"Resolution":0.94,"Url":"https://data.lroc.im-ldi.com/lroc/view_lroc/LRO-L-LROC-3-CDR-V1.0/M1243512285RC","Start Time":"2017-03-07 07:50:18.172+00","label":"M1243512285RC"}},{"type":"Feature","geometry":{"type":"Polygon","coordinates":[[[22.58,-0.89],[22.43,-0.88],[22.51,0.78],[22.66,0.77],[22.58,-0.89]]]},"properties":{"Image":"M1243512285LC","Orbit":34716,"Incidence":46.3,"Emission":1.74,"Phase":48.04,"Slew":-0.06,"SubSol Lat":-0.38,"SubSol Lon":68.84,"Sun Azi":183,"Resolution":0.94,"Url":"https://data.lroc.im-ldi.com/lroc/view_lroc/LRO-L-LROC-3-CDR-V1.0/M1243512285LC","Start Time":"2017-03-07 07:50:18.172+00","label":"M1243512285LC"}},{"type":"Feature","geometry":{"type":"Polygon","coordinates":[[[21.98,0.53],[22.06,2.24],[22.22,2.23],[22.14,0.53],[21.98,0.53]]]},"properties":{"Image":"M1236458358RC","Orbit":33714,"Incidence":40.06,"Emission":1.17,"Phase":38.89,"Slew":-0.01,"SubSol Lat":1.45,"SubSol Lon":342.03,"Sun Azi":182,"Resolution":0.96,"Url":"https://data.lroc.im-ldi.com/lroc/view_lroc/LRO-L-LROC-3-CDR-V1.0/M1236458358RC","Start Time":"2016-12-15 16:24:50.737+00","label":"M1236458358RC"}},{"type":"Feature","geometry":{"type":"Polygon","coordinates":[[[21.83,0.54],[21.91,2.24],[22.07,2.24],[21.99,0.53],[21.83,0.54]]]},"properties":{"Image":"M1236458358LC","Orbit":33714,"Incidence":39.91,"Emission":1.73,"Phase":41.64,"Slew":-0.01,"SubSol Lat":1.45,"SubSol Lon":342.03,"Sun Azi":182,"Resolution":0.96,"Url":"https://data.lroc.im-ldi.com/lroc/view_lroc/LRO-L-LROC-3-CDR-V1.0/M1236458358LC","Start Time":"2016-12-15 16:24:50.737+00","label":"M1236458358LC"}},{"type":"Feature","geometry":{"type":"Polygon","coordinates":[[[23.06,0.78],[23.14,2.44],[23.29,2.43],[23.21,0.77],[23.06,0.78]]]},"properties":{"Image":"M1236451330RC","Orbit":33713,"Incidence":40.15,"Emission":1.17,"Phase":38.98,"Slew":-0.01,"SubSol Lat":1.45,"SubSol Lon":343.01,"Sun Azi":182,"Resolution":0.95,"Url":"https://data.lroc.im-ldi.com/lroc/view_lroc/LRO-L-LROC-3-CDR-V1.0/M1236451330RC","Start Time":"2016-12-15 14:27:42.937+00","label":"M1236451330RC"}},{"type":"Feature","geometry":{"type":"Polygon","coordinates":[[[22.91,0.78],[22.99,2.44],[23.14,2.43],[23.06,0.77],[22.91,0.78]]]},"properties":{"Image":"M1236451330LC","Orbit":33713,"Incidence":40,"Emission":1.73,"Phase":41.73,"Slew":-0.01,"SubSol Lat":1.45,"SubSol Lon":343.01,"Sun Azi":183,"Resolution":0.95,"Url":"https://data.lroc.im-ldi.com/lroc/view_lroc/LRO-L-LROC-3-CDR-V1.0/M1236451330LC","Start Time":"2016-12-15 14:27:42.937+00","label":"M1236451330LC"}},{"type":"Feature","geometry":{"type":"Polygon","coordinates":[[[21.9,0.04],[21.93,0.57],[22.08,0.56],[22.05,0.03],[21.9,0.04]]]},"properties":{"Image":"M1231753389RC","Orbit":33045,"Incidence":97.22,"Emission":1.17,"Phase":96.06,"Slew":0.01,"SubSol Lat":1.18,"SubSol Lon":284.76,"Sun Azi":181,"Resolution":8.7,"Url":"https://data.lroc.im-ldi.com/lroc/view_lroc/LRO-L-LROC-3-CDR-V1.0/M1231753389RC","Start Time":"2016-10-22 05:28:52.274+00","label":"M1231753389RC"}},{"type":"Feature","geometry":{"type":"Polygon","coordinates":[[[21.32,1.7],[21.38,0.33],[21.26,0.32],[21.2,1.69],[21.32,1.7]]]},"properties":{"Image":"M1228233454RC","Orbit":32544,"Incidence":39.92,"Emission":1.16,"Phase":38.77,"Slew":-0.01,"SubSol Lat":0.15,"SubSol Lon":61.21,"Sun Azi":176,"Resolution":0.76,"Url":"https://data.lroc.im-ldi.com/lroc/view_lroc/LRO-L-LROC-3-CDR-V1.0/M1228233454RC","Start Time":"2016-09-11 11:43:07.055+00","label":"M1228233454RC"}},{"type":"Feature","geometry":{"type":"Polygon","coordinates":[[[21.44,1.71],[21.5,0.33],[21.38,0.33],[21.32,1.7],[21.44,1.71]]]},"properties":{"Image":"M1228233454LC","Orbit":32544,"Incidence":39.81,"Emission":1.71,"Phase":41.51,"Slew":-0.01,"SubSol Lat":0.15,"SubSol Lon":61.21,"Sun Azi":177,"Resolution":0.76,"Url":"https://data.lroc.im-ldi.com/lroc/view_lroc/LRO-L-LROC-3-CDR-V1.0/M1228233454LC","Start Time":"2016-09-11 11:43:07.055+00","label":"M1228233454LC"}},{"type":"Feature","geometry":{"type":"Polygon","coordinates":[[[23.25,2.01],[23.38,2.02],[23.44,0.62],[23.31,0.62],[23.25,2.01]]]},"properties":{"Image":"M1223514202RC","Orbit":31873,"Incidence":15.07,"Emission":1.15,"Phase":13.92,"Slew":-0.01,"SubSol Lat":-1.19,"SubSol Lon":8.48,"Sun Azi":187,"Resolution":0.78,"Url":"https://data.lroc.im-ldi.com/lroc/view_lroc/LRO-L-LROC-3-CDR-V1.0/M1223514202RC","Start Time":"2016-07-18 20:48:55.37+00","label":"M1223514202RC"}},{"type":"Feature","geometry":{"type":"Polygon","coordinates":[[[23.13,2],[23.26,2.01],[23.32,0.61],[23.19,0.61],[23.13,2]]]},"properties":{"Image":"M1223514202LC","Orbit":31873,"Incidence":14.95,"Emission":1.72,"Phase":16.67,"Slew":-0.01,"SubSol Lat":-1.19,"SubSol Lon":8.48,"Sun Azi":187,"Resolution":0.78,"Url":"https://data.lroc.im-ldi.com/lroc/view_lroc/LRO-L-LROC-3-CDR-V1.0/M1223514202LC","Start Time":"2016-07-18 20:48:55.37+00","label":"M1223514202LC"}},{"type":"Feature","geometry":{"type":"Polygon","coordinates":[[[22.72,1.09],[22.58,1.09],[22.58,1.13],[22.73,1.12],[22.72,1.09]]]},"properties":{"Image":"M1222336033RC","Orbit":31706,"Incidence":152.51,"Emission":1.16,"Phase":151.35,"Slew":0.01,"SubSol Lat":-1.33,"SubSol Lon":175.16,"Sun Azi":182,"Resolution":0.96,"Url":"https://data.lroc.im-ldi.com/lroc/view_lroc/LRO-L-LROC-3-CDR-V1.0/M1222336033RC","Start Time":"2016-07-05 05:32:46.093+00","label":"M1222336033RC"}},{"type":"Feature","geometry":{"type":"Polygon","coordinates":[[[22.87,1.08],[22.72,1.09],[22.72,1.13],[22.87,1.12],[22.87,1.08]]]},"properties":{"Image":"M1222336033LC","Orbit":31706,"Incidence":152.37,"Emission":1.73,"Phase":154.1,"Slew":0.01,"SubSol Lat":-1.33,"SubSol Lon":175.16,"Sun Azi":182,"Resolution":0.96,"Url":"https://data.lroc.im-ldi.com/lroc/view_lroc/LRO-L-LROC-3-CDR-V1.0/M1222336033LC","Start Time":"2016-07-05 05:32:46.093+00","label":"M1222336033LC"}},{"type":"Feature","geometry":{"type":"Polygon","coordinates":[[[22.7,0.42],[22.55,0.43],[22.55,0.46],[22.7,0.46],[22.7,0.42]]]},"properties":{"Image":"M1222336020RC","Orbit":31706,"Incidence":152.53,"Emission":1.16,"Phase":151.37,"Slew":0.01,"SubSol Lat":-1.33,"SubSol Lon":175.16,"Sun Azi":181,"Resolution":0.95,"Url":"https://data.lroc.im-ldi.com/lroc/view_lroc/LRO-L-LROC-3-CDR-V1.0/M1222336020RC","Start Time":"2016-07-05 05:32:33.148+00","label":"M1222336020RC"}},{"type":"Feature","geometry":{"type":"Polygon","coordinates":[[[22.84,0.42],[22.69,0.43],[22.69,0.46],[22.84,0.45],[22.84,0.42]]]},"properties":{"Image":"M1222336020LC","Orbit":31706,"Incidence":152.39,"Emission":1.73,"Phase":154.12,"Slew":0.01,"SubSol Lat":-1.33,"SubSol Lon":175.16,"Sun Azi":181,"Resolution":0.95,"Url":"https://data.lroc.im-ldi.com/lroc/view_lroc/LRO-L-LROC-3-CDR-V1.0/M1222336020LC","Start Time":"2016-07-05 05:32:33.148+00","label":"M1222336020LC"}},{"type":"Feature","geometry":{"type":"Polygon","coordinates":[[[22.67,-0.24],[22.52,-0.24],[22.52,-0.2],[22.67,-0.21],[22.67,-0.24]]]},"properties":{"Image":"M1222336007RC","Orbit":31705,"Incidence":152.53,"Emission":1.16,"Phase":151.37,"Slew":0.01,"SubSol Lat":-1.33,"SubSol Lon":175.17,"Sun Azi":180,"Resolution":0.94,"Url":"https://data.lroc.im-ldi.com/lroc/view_lroc/LRO-L-LROC-3-CDR-V1.0/M1222336007RC","Start Time":"2016-07-05 05:32:20.237+00","label":"M1222336007RC"}},{"type":"Feature","geometry":{"type":"Polygon","coordinates":[[[22.8,-0.25],[22.66,-0.24],[22.66,-0.2],[22.81,-0.21],[22.8,-0.25]]]},"properties":{"Image":"M1222336007LC","Orbit":31705,"Incidence":152.39,"Emission":1.73,"Phase":154.12,"Slew":0.01,"SubSol Lat":-1.33,"SubSol Lon":175.17,"Sun Azi":180,"Resolution":0.95,"Url":"https://data.lroc.im-ldi.com/lroc/view_lroc/LRO-L-LROC-3-CDR-V1.0/M1222336007LC","Start Time":"2016-07-05 05:32:20.237+00","label":"M1222336007LC"}},{"type":"Feature","geometry":{"type":"Polygon","coordinates":[[[22.64,-0.91],[22.49,-0.9],[22.49,-0.87],[22.64,-0.87],[22.64,-0.91]]]},"properties":{"Image":"M1222335994RC","Orbit":31705,"Incidence":152.51,"Emission":1.16,"Phase":151.36,"Slew":0.01,"SubSol Lat":-1.33,"SubSol Lon":175.17,"Sun Azi":178,"Resolution":0.93,"Url":"https://data.lroc.im-ldi.com/lroc/view_lroc/LRO-L-LROC-3-CDR-V1.0/M1222335994RC","Start Time":"2016-07-05 05:32:07.355+00","label":"M1222335994RC"}},{"type":"Feature","geometry":{"type":"Polygon","coordinates":[[[22.77,-0.91],[22.63,-0.9],[22.63,-0.87],[22.78,-0.88],[22.77,-0.91]]]},"properties":{"Image":"M1222335994LC","Orbit":31705,"Incidence":152.38,"Emission":1.73,"Phase":154.1,"Slew":0.01,"SubSol Lat":-1.33,"SubSol Lon":175.17,"Sun Azi":178,"Resolution":0.93,"Url":"https://data.lroc.im-ldi.com/lroc/view_lroc/LRO-L-LROC-3-CDR-V1.0/M1222335994LC","Start Time":"2016-07-05 05:32:07.355+00","label":"M1222335994LC"}},{"type":"Feature","geometry":{"type":"Polygon","coordinates":[[[21.62,-0.36],[21.62,0.05],[21.69,0.05],[21.69,-0.36],[21.62,-0.36]]]},"properties":{"Image":"M122068252RC","Orbit":3122,"Incidence":27.79,"Emission":1.13,"Phase":26.67,"Slew":-0.01,"SubSol Lat":1.21,"SubSol Lon":353.89,"Sun Azi":176,"Resolution":0.48,"Url":"https://data.lroc.im-ldi.com/lroc/view_lroc/LRO-L-LROC-3-CDR-V1.0/M122068252RC","Start Time":"2010-03-01 07:36:25.477+00","label":"M122068252RC"}},{"type":"Feature","geometry":{"type":"Polygon","coordinates":[[[21.56,-0.36],[21.55,0.05],[21.62,0.05],[21.63,-0.36],[21.56,-0.36]]]},"properties":{"Image":"M122068252LC","Orbit":3122,"Incidence":27.73,"Emission":1.69,"Phase":29.41,"Slew":-0.01,"SubSol Lat":1.21,"SubSol Lon":353.89,"Sun Azi":177,"Resolution":0.48,"Url":"https://data.lroc.im-ldi.com/lroc/view_lroc/LRO-L-LROC-3-CDR-V1.0/M122068252LC","Start Time":"2010-03-01 07:36:25.477+00","label":"M122068252LC"}},{"type":"Feature","geometry":{"type":"Polygon","coordinates":[[[23.45,-0.14],[23.44,0.81],[23.51,0.81],[23.52,-0.14],[23.45,-0.14]]]},"properties":{"Image":"M122054682RC","Orbit":3120,"Incidence":27.69,"Emission":8.96,"Phase":36.64,"Slew":9.84,"SubSol Lat":1.21,"SubSol Lon":355.8,"Sun Azi":177,"Resolution":0.49,"Url":"https://data.lroc.im-ldi.com/lroc/view_lroc/LRO-L-LROC-3-CDR-V1.0/M122054682RC","Start Time":"2010-03-01 03:50:15.616+00","label":"M122054682RC"}},{"type":"Feature","geometry":{"type":"Polygon","coordinates":[[[23.38,-0.15],[23.37,0.8],[23.44,0.8],[23.45,-0.15],[23.38,-0.15]]]},"properties":{"Image":"M122054682LC","Orbit":3120,"Incidence":27.62,"Emission":11.77,"Phase":39.39,"Slew":9.84,"SubSol Lat":1.21,"SubSol Lon":355.8,"Sun Azi":178,"Resolution":0.49,"Url":"https://data.lroc.im-ldi.com/lroc/view_lroc/LRO-L-LROC-3-CDR-V1.0/M122054682LC","Start Time":"2010-03-01 03:50:15.616+00","label":"M122054682LC"}},{"type":"Feature","geometry":{"type":"Polygon","coordinates":[[[23.05,2.07],[23.18,2.07],[23.24,0.66],[23.11,0.65],[23.05,2.07]]]},"properties":{"Image":"M1218808909RC","Orbit":31204,"Incidence":69.07,"Emission":1.16,"Phase":67.92,"Slew":-0.01,"SubSol Lat":-1.52,"SubSol Lon":314.13,"Sun Azi":179,"Resolution":0.79,"Url":"https://data.lroc.im-ldi.com/lroc/view_lroc/LRO-L-LROC-3-CDR-V1.0/M1218808909RC","Start Time":"2016-05-25 09:47:21.597+00","label":"M1218808909RC"}},{"type":"Feature","geometry":{"type":"Polygon","coordinates":[[[22.92,2.06],[23.05,2.06],[23.12,0.65],[22.99,0.65],[22.92,2.06]]]},"properties":{"Image":"M1218808909LC","Orbit":31204,"Incidence":68.95,"Emission":1.72,"Phase":70.67,"Slew":-0.01,"SubSol Lat":-1.52,"SubSol Lon":314.13,"Sun Azi":180,"Resolution":0.8,"Url":"https://data.lroc.im-ldi.com/lroc/view_lroc/LRO-L-LROC-3-CDR-V1.0/M1218808909LC","Start Time":"2016-05-25 09:47:21.597+00","label":"M1218808909LC"}},{"type":"Feature","geometry":{"type":"Polygon","coordinates":[[[22.5,-0.41],[22.63,-0.41],[22.63,-0.44],[22.51,-0.45],[22.5,-0.41]]]},"properties":{"Image":"M1216459851RC","Orbit":30870,"Incidence":96.42,"Emission":1.16,"Phase":95.27,"Slew":-0.01,"SubSol Lat":-1.17,"SubSol Lon":286.14,"Sun Azi":179,"Resolution":0.91,"Url":"https://data.lroc.im-ldi.com/lroc/view_lroc/LRO-L-LROC-3-CDR-V1.0/M1216459851RC","Start Time":"2016-04-28 05:16:23.971+00","label":"M1216459851RC"}},{"type":"Feature","geometry":{"type":"Polygon","coordinates":[[[22.38,-0.42],[22.51,-0.42],[22.51,-0.45],[22.38,-0.46],[22.38,-0.42]]]},"properties":{"Image":"M1216459851LC","Orbit":30870,"Incidence":96.3,"Emission":1.72,"Phase":98.02,"Slew":-0.01,"SubSol Lat":-1.17,"SubSol Lon":286.14,"Sun Azi":179,"Resolution":0.91,"Url":"https://data.lroc.im-ldi.com/lroc/view_lroc/LRO-L-LROC-3-CDR-V1.0/M1216459851LC","Start Time":"2016-04-28 05:16:23.971+00","label":"M1216459851LC"}},{"type":"Feature","geometry":{"type":"Polygon","coordinates":[[[22.48,0.26],[22.6,0.27],[22.61,0.23],[22.48,0.23],[22.48,0.26]]]},"properties":{"Image":"M1216459838RC","Orbit":30870,"Incidence":96.4,"Emission":1.16,"Phase":95.25,"Slew":-0.01,"SubSol Lat":-1.17,"SubSol Lon":286.14,"Sun Azi":178,"Resolution":0.9,"Url":"https://data.lroc.im-ldi.com/lroc/view_lroc/LRO-L-LROC-3-CDR-V1.0/M1216459838RC","Start Time":"2016-04-28 05:16:11.06+00","label":"M1216459838RC"}},{"type":"Feature","geometry":{"type":"Polygon","coordinates":[[[22.35,0.25],[22.48,0.26],[22.48,0.22],[22.35,0.22],[22.35,0.25]]]},"properties":{"Image":"M1216459838LC","Orbit":30870,"Incidence":96.28,"Emission":1.72,"Phase":98,"Slew":-0.01,"SubSol Lat":-1.17,"SubSol Lon":286.14,"Sun Azi":179,"Resolution":0.9,"Url":"https://data.lroc.im-ldi.com/lroc/view_lroc/LRO-L-LROC-3-CDR-V1.0/M1216459838LC","Start Time":"2016-04-28 05:16:11.06+00","label":"M1216459838LC"}},{"type":"Feature","geometry":{"type":"Polygon","coordinates":[[[22.45,0.93],[22.58,0.94],[22.58,0.9],[22.45,0.9],[22.45,0.93]]]},"properties":{"Image":"M1216459825RC","Orbit":30870,"Incidence":96.39,"Emission":1.16,"Phase":95.24,"Slew":-0.01,"SubSol Lat":-1.17,"SubSol Lon":286.14,"Sun Azi":178,"Resolution":0.9,"Url":"https://data.lroc.im-ldi.com/lroc/view_lroc/LRO-L-LROC-3-CDR-V1.0/M1216459825RC","Start Time":"2016-04-28 05:15:58.179+00","label":"M1216459825RC"}},{"type":"Feature","geometry":{"type":"Polygon","coordinates":[[[22.32,0.92],[22.45,0.93],[22.45,0.89],[22.32,0.89],[22.32,0.92]]]},"properties":{"Image":"M1216459825LC","Orbit":30870,"Incidence":96.26,"Emission":1.72,"Phase":97.98,"Slew":-0.01,"SubSol Lat":-1.17,"SubSol Lon":286.14,"Sun Azi":179,"Resolution":0.9,"Url":"https://data.lroc.im-ldi.com/lroc/view_lroc/LRO-L-LROC-3-CDR-V1.0/M1216459825LC","Start Time":"2016-04-28 05:15:58.179+00","label":"M1216459825LC"}},{"type":"Feature","geometry":{"type":"Polygon","coordinates":[[[22.78,-1.49],[22.65,-1.48],[22.73,0.49],[22.87,0.48],[22.78,-1.49]]]},"properties":{"Image":"M1215274564RC","Orbit":30701,"Incidence":70.48,"Emission":1.16,"Phase":69.32,"Slew":-0.01,"SubSol Lat":-0.88,"SubSol Lon":93.24,"Sun Azi":182,"Resolution":1.71,"Url":"https://data.lroc.im-ldi.com/lroc/view_lroc/LRO-L-LROC-3-CDR-V1.0/M1215274564RC","Start Time":"2016-04-14 12:01:37.271+00","label":"M1215274564RC"}},{"type":"Feature","geometry":{"type":"Polygon","coordinates":[[[22.91,-1.49],[22.78,-1.48],[22.87,0.49],[23,0.48],[22.91,-1.49]]]},"properties":{"Image":"M1215274564LC","Orbit":30701,"Incidence":70.35,"Emission":1.72,"Phase":72.07,"Slew":-0.01,"SubSol Lat":-0.88,"SubSol Lon":93.24,"Sun Azi":182,"Resolution":1.71,"Url":"https://data.lroc.im-ldi.com/lroc/view_lroc/LRO-L-LROC-3-CDR-V1.0/M1215274564LC","Start Time":"2016-04-14 12:01:37.271+00","label":"M1215274564LC"}},{"type":"Feature","geometry":{"type":"Polygon","coordinates":[[[23.49,1.08],[23.66,1.09],[23.74,-0.24],[23.57,-0.25],[23.49,1.08]]]},"properties":{"Image":"M1214089667RC","Orbit":30533,"Incidence":122.87,"Emission":29.43,"Phase":152.26,"Slew":-29.13,"SubSol Lat":-0.54,"SubSol Lon":260.75,"Sun Azi":49,"Resolution":1.46,"Url":"https://data.lroc.im-ldi.com/lroc/view_lroc/LRO-L-LROC-3-CDR-V1.0/M1214089667RC","Start Time":"2016-03-31 18:53:20.855+00","label":"M1214089667RC"}},{"type":"Feature","geometry":{"type":"Polygon","coordinates":[[[23.31,1.07],[23.49,1.08],[23.58,-0.26],[23.4,-0.26],[23.31,1.07]]]},"properties":{"Image":"M1214089667LC","Orbit":30533,"Incidence":122.7,"Emission":32.35,"Phase":155,"Slew":-29.13,"SubSol Lat":-0.54,"SubSol Lon":260.75,"Sun Azi":17,"Resolution":1.47,"Url":"https://data.lroc.im-ldi.com/lroc/view_lroc/LRO-L-LROC-3-CDR-V1.0/M1214089667LC","Start Time":"2016-03-31 18:53:20.855+00","label":"M1214089667LC"}},{"type":"Feature","geometry":{"type":"Polygon","coordinates":[[[23.14,-2.02],[23.01,-2.02],[23.07,-0.69],[23.2,-0.69],[23.14,-2.02]]]},"properties":{"Image":"M1212918491RC","Orbit":30366,"Incidence":42.57,"Emission":1.16,"Phase":41.42,"Slew":0.01,"SubSol Lat":-0.18,"SubSol Lon":65.67,"Sun Azi":184,"Resolution":0.83,"Url":"https://data.lroc.im-ldi.com/lroc/view_lroc/LRO-L-LROC-3-CDR-V1.0/M1212918491RC","Start Time":"2016-03-18 05:33:43.644+00","label":"M1212918491RC"}},{"type":"Feature","geometry":{"type":"Polygon","coordinates":[[[23.27,-2.03],[23.14,-2.02],[23.2,-0.69],[23.33,-0.7],[23.27,-2.03]]]},"properties":{"Image":"M1212918491LC","Orbit":30366,"Incidence":42.45,"Emission":1.72,"Phase":44.17,"Slew":0.01,"SubSol Lat":-0.18,"SubSol Lon":65.67,"Sun Azi":184,"Resolution":0.83,"Url":"https://data.lroc.im-ldi.com/lroc/view_lroc/LRO-L-LROC-3-CDR-V1.0/M1212918491LC","Start Time":"2016-03-18 05:33:43.644+00","label":"M1212918491LC"}},{"type":"Feature","geometry":{"type":"Polygon","coordinates":[[[23.52,1.04],[23.81,1.06],[23.88,0.17],[23.59,0.15],[23.52,1.04]]]},"properties":{"Image":"M1211726595RC","Orbit":30197,"Incidence":149.78,"Emission":47.92,"Phase":162.13,"Slew":-46.25,"SubSol Lat":0.22,"SubSol Lon":233.92,"Sun Azi":2,"Resolution":2.64,"Url":"https://data.lroc.im-ldi.com/lroc/view_lroc/LRO-L-LROC-3-CDR-V1.0/M1211726595RC","Start Time":"2016-03-04 10:28:48.649+00","label":"M1211726595RC"}},{"type":"Feature","geometry":{"type":"Polygon","coordinates":[[[23.2,1.02],[23.53,1.04],[23.6,0.15],[23.28,0.13],[23.2,1.02]]]},"properties":{"Image":"M1211726595LC","Orbit":30197,"Incidence":149.48,"Emission":50.96,"Phase":159.38,"Slew":-46.25,"SubSol Lat":0.22,"SubSol Lon":233.92,"Sun Azi":2,"Resolution":2.74,"Url":"https://data.lroc.im-ldi.com/lroc/view_lroc/LRO-L-LROC-3-CDR-V1.0/M1211726595LC","Start Time":"2016-03-04 10:28:48.649+00","label":"M1211726595LC"}},{"type":"Feature","geometry":{"type":"Polygon","coordinates":[[[22.5,-0.82],[22.37,-0.81],[22.43,0.66],[22.56,0.65],[22.5,-0.82]]]},"properties":{"Image":"M1210569513RC","Orbit":30032,"Incidence":14.28,"Emission":1.16,"Phase":13.12,"Slew":0.01,"SubSol Lat":0.57,"SubSol Lon":36.73,"Sun Azi":185,"Resolution":0.83,"Url":"https://data.lroc.im-ldi.com/lroc/view_lroc/LRO-L-LROC-3-CDR-V1.0/M1210569513RC","Start Time":"2016-02-20 01:04:06.145+00","label":"M1210569513RC"}},{"type":"Feature","geometry":{"type":"Polygon","coordinates":[[[22.63,-0.82],[22.49,-0.82],[22.56,0.66],[22.69,0.65],[22.63,-0.82]]]},"properties":{"Image":"M1210569513LC","Orbit":30032,"Incidence":14.15,"Emission":1.72,"Phase":15.87,"Slew":0.01,"SubSol Lat":0.57,"SubSol Lon":36.73,"Sun Azi":186,"Resolution":0.83,"Url":"https://data.lroc.im-ldi.com/lroc/view_lroc/LRO-L-LROC-3-CDR-V1.0/M1210569513LC","Start Time":"2016-02-20 01:04:06.145+00","label":"M1210569513LC"}},{"type":"Feature","geometry":{"type":"Polygon","coordinates":[[[23.61,0.25],[23.48,0.25],[23.51,1.03],[23.64,1.02],[23.61,0.25]]]},"properties":{"Image":"M1210562501RC","Orbit":30032,"Incidence":14.15,"Emission":1.16,"Phase":12.99,"Slew":0.01,"SubSol Lat":0.57,"SubSol Lon":37.71,"Sun Azi":182,"Resolution":0.85,"Url":"https://data.lroc.im-ldi.com/lroc/view_lroc/LRO-L-LROC-3-CDR-V1.0/M1210562501RC","Start Time":"2016-02-19 23:07:14.045+00","label":"M1210562501RC"}},{"type":"Feature","geometry":{"type":"Polygon","coordinates":[[[23.74,0.24],[23.6,0.25],[23.64,1.03],[23.77,1.02],[23.74,0.24]]]},"properties":{"Image":"M1210562501LC","Orbit":30032,"Incidence":14.02,"Emission":1.72,"Phase":15.74,"Slew":0.01,"SubSol Lat":0.57,"SubSol Lon":37.71,"Sun Azi":183,"Resolution":0.85,"Url":"https://data.lroc.im-ldi.com/lroc/view_lroc/LRO-L-LROC-3-CDR-V1.0/M1210562501LC","Start Time":"2016-02-19 23:07:14.045+00","label":"M1210562501LC"}},{"type":"Feature","geometry":{"type":"Polygon","coordinates":[[[23.45,-1.85],[23.5,-0.59],[23.63,-0.59],[23.57,-1.86],[23.45,-1.85]]]},"properties":{"Image":"M1203501610RC","Orbit":29027,"Incidence":71.89,"Emission":1.16,"Phase":70.73,"Slew":-0.01,"SubSol Lat":1.47,"SubSol Lon":311.69,"Sun Azi":181,"Resolution":1.59,"Url":"https://data.lroc.im-ldi.com/lroc/view_lroc/LRO-L-LROC-3-CDR-V1.0/M1203501610RC","Start Time":"2015-11-30 05:45:43.629+00","label":"M1203501610RC"}},{"type":"Feature","geometry":{"type":"Polygon","coordinates":[[[23.32,-1.85],[23.37,-0.58],[23.5,-0.59],[23.45,-1.86],[23.32,-1.85]]]},"properties":{"Image":"M1203501610LC","Orbit":29027,"Incidence":71.76,"Emission":1.72,"Phase":73.48,"Slew":-0.01,"SubSol Lat":1.47,"SubSol Lon":311.69,"Sun Azi":181,"Resolution":1.59,"Url":"https://data.lroc.im-ldi.com/lroc/view_lroc/LRO-L-LROC-3-CDR-V1.0/M1203501610LC","Start Time":"2015-11-30 05:45:43.629+00","label":"M1203501610LC"}},{"type":"Feature","geometry":{"type":"Polygon","coordinates":[[[23.63,-0.32],[23.63,-0.36],[23.5,-0.36],[23.5,-0.33],[23.63,-0.32]]]},"properties":{"Image":"M1202330877RC","Orbit":28861,"Incidence":92.73,"Emission":1.17,"Phase":91.57,"Slew":-0.02,"SubSol Lat":1.25,"SubSol Lon":116.29,"Sun Azi":179,"Resolution":1.35,"Url":"https://data.lroc.im-ldi.com/lroc/view_lroc/LRO-L-LROC-3-CDR-V1.0/M1202330877RC","Start Time":"2015-11-16 16:33:30.285+00","label":"M1202330877RC"}},{"type":"Feature","geometry":{"type":"Polygon","coordinates":[[[23.76,-0.31],[23.76,-0.35],[23.63,-0.35],[23.63,-0.32],[23.76,-0.31]]]},"properties":{"Image":"M1202330877LC","Orbit":28861,"Incidence":92.6,"Emission":1.71,"Phase":94.32,"Slew":-0.02,"SubSol Lat":1.25,"SubSol Lon":116.29,"Sun Azi":179,"Resolution":1.36,"Url":"https://data.lroc.im-ldi.com/lroc/view_lroc/LRO-L-LROC-3-CDR-V1.0/M1202330877LC","Start Time":"2015-11-16 16:33:30.285+00","label":"M1202330877LC"}},{"type":"Feature","geometry":{"type":"Polygon","coordinates":[[[21.71,2.74],[21.77,1.2],[21.63,1.19],[21.57,2.73],[21.71,2.74]]]},"properties":{"Image":"M1199988892RC","Orbit":28528,"Incidence":64.63,"Emission":1.15,"Phase":63.49,"Slew":0.02,"SubSol Lat":0.67,"SubSol Lon":86.3,"Sun Azi":177,"Resolution":0.87,"Url":"https://data.lroc.im-ldi.com/lroc/view_lroc/LRO-L-LROC-3-CDR-V1.0/M1199988892RC","Start Time":"2015-10-20 14:00:25.107+00","label":"M1199988892RC"}},{"type":"Feature","geometry":{"type":"Polygon","coordinates":[[[21.84,2.75],[21.9,1.21],[21.76,1.2],[21.7,2.74],[21.84,2.75]]]},"properties":{"Image":"M1199988892LC","Orbit":28528,"Incidence":64.49,"Emission":1.74,"Phase":66.23,"Slew":0.02,"SubSol Lat":0.67,"SubSol Lon":86.3,"Sun Azi":178,"Resolution":0.87,"Url":"https://data.lroc.im-ldi.com/lroc/view_lroc/LRO-L-LROC-3-CDR-V1.0/M1199988892LC","Start Time":"2015-10-20 14:00:25.107+00","label":"M1199988892LC"}},{"type":"Feature","geometry":{"type":"Polygon","coordinates":[[[23.14,1.54],[23.08,0.02],[22.43,-0.01],[22.47,1.51],[23.14,1.54]]]},"properties":{"Image":"M1197661005RC","Orbit":28197,"Incidence":32.02,"Emission":64.15,"Phase":96.12,"Slew":60.31,"SubSol Lat":-0.05,"SubSol Lon":54.78,"Sun Azi":161,"Resolution":2.19,"Url":"https://data.lroc.im-ldi.com/lroc/view_lroc/LRO-L-LROC-3-CDR-V1.0/M1197661005RC","Start Time":"2015-09-23 15:22:17.773+00","label":"M1197661005RC"}},{"type":"Feature","geometry":{"type":"Polygon","coordinates":[[[23.97,1.58],[23.89,0.06],[23.05,0.03],[23.11,1.54],[23.97,1.58]]]},"properties":{"Image":"M1197661005LC","Orbit":28197,"Incidence":31.31,"Emission":67.61,"Phase":98.86,"Slew":60.31,"SubSol Lat":-0.05,"SubSol Lon":54.78,"Sun Azi":152,"Resolution":2.39,"Url":"https://data.lroc.im-ldi.com/lroc/view_lroc/LRO-L-LROC-3-CDR-V1.0/M1197661005LC","Start Time":"2015-09-23 15:22:17.773+00","label":"M1197661005LC"}},{"type":"Feature","geometry":{"type":"Polygon","coordinates":[[[23.15,1.85],[23.18,1.09],[23.04,1.08],[23.01,1.85],[23.15,1.85]]]},"properties":{"Image":"M1197625833RC","Orbit":28192,"Incidence":36.67,"Emission":1.17,"Phase":35.51,"Slew":-0.01,"SubSol Lat":-0.06,"SubSol Lon":59.74,"Sun Azi":175,"Resolution":0.87,"Url":"https://data.lroc.im-ldi.com/lroc/view_lroc/LRO-L-LROC-3-CDR-V1.0/M1197625833RC","Start Time":"2015-09-23 05:36:06.3+00","label":"M1197625833RC"}},{"type":"Feature","geometry":{"type":"Polygon","coordinates":[[[23.29,1.86],[23.32,1.1],[23.18,1.09],[23.15,1.86],[23.29,1.86]]]},"properties":{"Image":"M1197625833LC","Orbit":28192,"Incidence":36.53,"Emission":1.72,"Phase":38.25,"Slew":-0.01,"SubSol Lat":-0.06,"SubSol Lon":59.74,"Sun Azi":176,"Resolution":0.87,"Url":"https://data.lroc.im-ldi.com/lroc/view_lroc/LRO-L-LROC-3-CDR-V1.0/M1197625833LC","Start Time":"2015-09-23 05:36:06.3+00","label":"M1197625833LC"}},{"type":"Feature","geometry":{"type":"Polygon","coordinates":[[[23.42,-0.75],[23.4,0.81],[23.48,0.81],[23.5,-0.74],[23.42,-0.75]]]},"properties":{"Image":"M119699983RC","Orbit":2773,"Incidence":55.99,"Emission":20.05,"Phase":35.95,"Slew":-18.46,"SubSol Lat":0.61,"SubSol Lon":327.46,"Sun Azi":179,"Resolution":0.91,"Url":"https://data.lroc.im-ldi.com/lroc/view_lroc/LRO-L-LROC-3-CDR-V1.0/M119699983RC","Start Time":"2010-02-01 21:45:17.008+00","label":"M119699983RC"}},{"type":"Feature","geometry":{"type":"Polygon","coordinates":[[[23.35,-0.75],[23.33,0.8],[23.41,0.8],[23.42,-0.75],[23.35,-0.75]]]},"properties":{"Image":"M119699983LC","Orbit":2773,"Incidence":55.92,"Emission":17.23,"Phase":38.7,"Slew":-18.46,"SubSol Lat":0.61,"SubSol Lon":327.46,"Sun Azi":179,"Resolution":0.9,"Url":"https://data.lroc.im-ldi.com/lroc/view_lroc/LRO-L-LROC-3-CDR-V1.0/M119699983LC","Start Time":"2010-02-01 21:45:17.008+00","label":"M119699983LC"}},{"type":"Feature","geometry":{"type":"Polygon","coordinates":[[[23.54,-0.73],[23.52,0.8],[23.6,0.8],[23.62,-0.73],[23.54,-0.73]]]},"properties":{"Image":"M119693197RC","Orbit":2772,"Incidence":55.16,"Emission":18.22,"Phase":73.37,"Slew":18.89,"SubSol Lat":0.61,"SubSol Lon":328.42,"Sun Azi":178,"Resolution":0.89,"Url":"https://data.lroc.im-ldi.com/lroc/view_lroc/LRO-L-LROC-3-CDR-V1.0/M119693197RC","Start Time":"2010-02-01 19:52:10.638+00","label":"M119693197RC"}},{"type":"Feature","geometry":{"type":"Polygon","coordinates":[[[23.47,-0.73],[23.45,0.79],[23.53,0.79],[23.54,-0.73],[23.47,-0.73]]]},"properties":{"Image":"M119693197LC","Orbit":2772,"Incidence":55.08,"Emission":21.04,"Phase":76.12,"Slew":18.89,"SubSol Lat":0.61,"SubSol Lon":328.42,"Sun Azi":179,"Resolution":0.9,"Url":"https://data.lroc.im-ldi.com/lroc/view_lroc/LRO-L-LROC-3-CDR-V1.0/M119693197LC","Start Time":"2010-02-01 19:52:10.638+00","label":"M119693197LC"}},{"type":"Feature","geometry":{"type":"Polygon","coordinates":[[[21.37,-1.03],[21.38,-1.23],[21.25,-1.23],[21.24,-1.03],[21.37,-1.03]]]},"properties":{"Image":"M1195284431RC","Orbit":27859,"Incidence":9.23,"Emission":1.17,"Phase":8.06,"Slew":-0.02,"SubSol Lat":-0.77,"SubSol Lon":30.54,"Sun Azi":180,"Resolution":0.83,"Url":"https://data.lroc.im-ldi.com/lroc/view_lroc/LRO-L-LROC-3-CDR-V1.0/M1195284431RC","Start Time":"2015-08-27 03:12:43.948+00","label":"M1195284431RC"}},{"type":"Feature","geometry":{"type":"Polygon","coordinates":[[[21.5,-1.02],[21.5,-1.22],[21.37,-1.22],[21.36,-1.02],[21.5,-1.02]]]},"properties":{"Image":"M1195284431LC","Orbit":27859,"Incidence":9.11,"Emission":1.71,"Phase":10.82,"Slew":-0.02,"SubSol Lat":-0.77,"SubSol Lon":30.54,"Sun Azi":180,"Resolution":0.83,"Url":"https://data.lroc.im-ldi.com/lroc/view_lroc/LRO-L-LROC-3-CDR-V1.0/M1195284431LC","Start Time":"2015-08-27 03:12:43.948+00","label":"M1195284431LC"}},{"type":"Feature","geometry":{"type":"Polygon","coordinates":[[[22.43,-0.78],[22.48,-2.08],[22.35,-2.08],[22.3,-0.78],[22.43,-0.78]]]},"properties":{"Image":"M1195277399RC","Orbit":27858,"Incidence":9.16,"Emission":1.18,"Phase":7.98,"Slew":-0.03,"SubSol Lat":-0.77,"SubSol Lon":31.53,"Sun Azi":182,"Resolution":0.83,"Url":"https://data.lroc.im-ldi.com/lroc/view_lroc/LRO-L-LROC-3-CDR-V1.0/M1195277399RC","Start Time":"2015-08-27 01:15:31.906+00","label":"M1195277399RC"}},{"type":"Feature","geometry":{"type":"Polygon","coordinates":[[[22.56,-0.77],[22.61,-2.07],[22.48,-2.08],[22.43,-0.77],[22.56,-0.77]]]},"properties":{"Image":"M1195277399LC","Orbit":27858,"Incidence":9.03,"Emission":1.7,"Phase":10.73,"Slew":-0.03,"SubSol Lat":-0.77,"SubSol Lon":31.53,"Sun Azi":182,"Resolution":0.83,"Url":"https://data.lroc.im-ldi.com/lroc/view_lroc/LRO-L-LROC-3-CDR-V1.0/M1195277399LC","Start Time":"2015-08-27 01:15:31.906+00","label":"M1195277399LC"}},{"type":"Feature","geometry":{"type":"Polygon","coordinates":[[[21.39,-0.91],[21.53,-0.9],[21.55,-1.67],[21.42,-1.68],[21.39,-0.91]]]},"properties":{"Image":"M1192930076RC","Orbit":27524,"Incidence":17.99,"Emission":1.16,"Phase":16.84,"Slew":0.01,"SubSol Lat":-1.29,"SubSol Lon":3.48,"Sun Azi":178,"Resolution":0.82,"Url":"https://data.lroc.im-ldi.com/lroc/view_lroc/LRO-L-LROC-3-CDR-V1.0/M1192930076RC","Start Time":"2015-07-30 21:13:29.38+00","label":"M1192930076RC"}},{"type":"Feature","geometry":{"type":"Polygon","coordinates":[[[21.27,-0.92],[21.4,-0.91],[21.43,-1.68],[21.3,-1.69],[21.27,-0.92]]]},"properties":{"Image":"M1192930076LC","Orbit":27524,"Incidence":17.87,"Emission":1.71,"Phase":19.58,"Slew":0.01,"SubSol Lat":-1.29,"SubSol Lon":3.48,"Sun Azi":178,"Resolution":0.82,"Url":"https://data.lroc.im-ldi.com/lroc/view_lroc/LRO-L-LROC-3-CDR-V1.0/M1192930076LC","Start Time":"2015-07-30 21:13:29.38+00","label":"M1192930076LC"}},{"type":"Feature","geometry":{"type":"Polygon","coordinates":[[[23.45,1.43],[23.58,1.44],[23.64,-0.06],[23.5,-0.06],[23.45,1.43]]]},"properties":{"Image":"M1192915976RC","Orbit":27522,"Incidence":18.19,"Emission":1.16,"Phase":17.03,"Slew":0.01,"SubSol Lat":-1.3,"SubSol Lon":5.46,"Sun Azi":184,"Resolution":0.84,"Url":"https://data.lroc.im-ldi.com/lroc/view_lroc/LRO-L-LROC-3-CDR-V1.0/M1192915976RC","Start Time":"2015-07-30 17:18:29.125+00","label":"M1192915976RC"}},{"type":"Feature","geometry":{"type":"Polygon","coordinates":[[[23.31,1.43],[23.45,1.43],[23.51,-0.07],[23.37,-0.07],[23.31,1.43]]]},"properties":{"Image":"M1192915976LC","Orbit":27522,"Incidence":18.06,"Emission":1.72,"Phase":19.78,"Slew":0.01,"SubSol Lat":-1.3,"SubSol Lon":5.46,"Sun Azi":184,"Resolution":0.84,"Url":"https://data.lroc.im-ldi.com/lroc/view_lroc/LRO-L-LROC-3-CDR-V1.0/M1192915976LC","Start Time":"2015-07-30 17:18:29.125+00","label":"M1192915976LC"}},{"type":"Feature","geometry":{"type":"Polygon","coordinates":[[[23.49,1.36],[23.63,1.37],[23.68,-0.13],[23.55,-0.13],[23.49,1.36]]]},"properties":{"Image":"M1190561570RC","Orbit":27187,"Incidence":45.07,"Emission":1.16,"Phase":43.91,"Slew":0.01,"SubSol Lat":-1.53,"SubSol Lon":338.56,"Sun Azi":180,"Resolution":0.84,"Url":"https://data.lroc.im-ldi.com/lroc/view_lroc/LRO-L-LROC-3-CDR-V1.0/M1190561570RC","Start Time":"2015-07-03 11:18:23.545+00","label":"M1190561570RC"}},{"type":"Feature","geometry":{"type":"Polygon","coordinates":[[[23.36,1.35],[23.5,1.36],[23.56,-0.14],[23.42,-0.14],[23.36,1.35]]]},"properties":{"Image":"M1190561570LC","Orbit":27187,"Incidence":44.94,"Emission":1.72,"Phase":46.67,"Slew":0.01,"SubSol Lat":-1.53,"SubSol Lon":338.56,"Sun Azi":181,"Resolution":0.84,"Url":"https://data.lroc.im-ldi.com/lroc/view_lroc/LRO-L-LROC-3-CDR-V1.0/M1190561570LC","Start Time":"2015-07-03 11:18:23.545+00","label":"M1190561570LC"}},{"type":"Feature","geometry":{"type":"Polygon","coordinates":[[[22.44,1.92],[22.58,1.93],[22.61,0.97],[22.48,0.97],[22.44,1.92]]]},"properties":{"Image":"M1188214183RC","Orbit":26853,"Incidence":71.93,"Emission":1.16,"Phase":70.77,"Slew":-0.01,"SubSol Lat":-1.43,"SubSol Lon":310.65,"Sun Azi":180,"Resolution":0.84,"Url":"https://data.lroc.im-ldi.com/lroc/view_lroc/LRO-L-LROC-3-CDR-V1.0/M1188214183RC","Start Time":"2015-06-06 07:15:16.052+00","label":"M1188214183RC"}},{"type":"Feature","geometry":{"type":"Polygon","coordinates":[[[22.31,1.91],[22.45,1.92],[22.48,0.96],[22.35,0.96],[22.31,1.91]]]},"properties":{"Image":"M1188214183LC","Orbit":26853,"Incidence":71.8,"Emission":1.72,"Phase":73.52,"Slew":-0.01,"SubSol Lat":-1.43,"SubSol Lon":310.65,"Sun Azi":180,"Resolution":0.85,"Url":"https://data.lroc.im-ldi.com/lroc/view_lroc/LRO-L-LROC-3-CDR-V1.0/M1188214183LC","Start Time":"2015-06-06 07:15:16.052+00","label":"M1188214183LC"}},{"type":"Feature","geometry":{"type":"Polygon","coordinates":[[[21.63,-0.39],[21.48,-0.39],[21.49,0.05],[21.65,0.04],[21.63,-0.39]]]},"properties":{"Image":"M1184682110RC","Orbit":26351,"Incidence":68.05,"Emission":1.17,"Phase":66.89,"Slew":-0.01,"SubSol Lat":-0.7,"SubSol Lon":89.62,"Sun Azi":182,"Resolution":0.97,"Url":"https://data.lroc.im-ldi.com/lroc/view_lroc/LRO-L-LROC-3-CDR-V1.0/M1184682110RC","Start Time":"2015-04-26 10:07:23.494+00","label":"M1184682110RC"}},{"type":"Feature","geometry":{"type":"Polygon","coordinates":[[[21.79,-0.39],[21.63,-0.39],[21.65,0.05],[21.8,0.04],[21.79,-0.39]]]},"properties":{"Image":"M1184682110LC","Orbit":26351,"Incidence":67.9,"Emission":1.74,"Phase":69.64,"Slew":-0.01,"SubSol Lat":-0.7,"SubSol Lon":89.62,"Sun Azi":182,"Resolution":0.97,"Url":"https://data.lroc.im-ldi.com/lroc/view_lroc/LRO-L-LROC-3-CDR-V1.0/M1184682110LC","Start Time":"2015-04-26 10:07:23.494+00","label":"M1184682110LC"}},{"type":"Feature","geometry":{"type":"Polygon","coordinates":[[[23.79,-0.31],[23.64,-0.3],[23.7,1.39],[23.86,1.38],[23.79,-0.31]]]},"properties":{"Image":"M1184667909RC","Orbit":26349,"Incidence":67.89,"Emission":1.17,"Phase":66.72,"Slew":-0.01,"SubSol Lat":-0.7,"SubSol Lon":91.62,"Sun Azi":181,"Resolution":0.96,"Url":"https://data.lroc.im-ldi.com/lroc/view_lroc/LRO-L-LROC-3-CDR-V1.0/M1184667909RC","Start Time":"2015-04-26 06:10:42.463+00","label":"M1184667909RC"}},{"type":"Feature","geometry":{"type":"Polygon","coordinates":[[[21.7,-1.1],[21.55,-1.09],[21.59,0.13],[21.75,0.13],[21.7,-1.1]]]},"properties":{"Image":"M1179973147RC","Orbit":25688,"Incidence":12.4,"Emission":1.17,"Phase":11.23,"Slew":0.01,"SubSol Lat":0.78,"SubSol Lon":33.98,"Sun Azi":188,"Resolution":0.98,"Url":"https://data.lroc.im-ldi.com/lroc/view_lroc/LRO-L-LROC-3-CDR-V1.0/M1179973147RC","Start Time":"2015-03-02 22:04:40.008+00","label":"M1179973147RC"}},{"type":"Feature","geometry":{"type":"Polygon","coordinates":[[[21.85,-1.1],[21.7,-1.09],[21.74,0.13],[21.9,0.13],[21.85,-1.1]]]},"properties":{"Image":"M1179973147LC","Orbit":25688,"Incidence":12.25,"Emission":1.74,"Phase":13.97,"Slew":0.01,"SubSol Lat":0.78,"SubSol Lon":33.98,"Sun Azi":188,"Resolution":0.98,"Url":"https://data.lroc.im-ldi.com/lroc/view_lroc/LRO-L-LROC-3-CDR-V1.0/M1179973147LC","Start Time":"2015-03-02 22:04:40.008+00","label":"M1179973147LC"}},{"type":"Feature","geometry":{"type":"Polygon","coordinates":[[[23.62,-0.16],[23.46,-0.15],[23.51,1.55],[23.68,1.55],[23.62,-0.16]]]},"properties":{"Image":"M1179958952RC","Orbit":25686,"Incidence":12.41,"Emission":6.44,"Phase":5.98,"Slew":5,"SubSol Lat":0.79,"SubSol Lon":35.98,"Sun Azi":183,"Resolution":0.98,"Url":"https://data.lroc.im-ldi.com/lroc/view_lroc/LRO-L-LROC-3-CDR-V1.0/M1179958952RC","Start Time":"2015-03-02 18:08:05.164+00","label":"M1179958952RC"}},{"type":"Feature","geometry":{"type":"Polygon","coordinates":[[[23.77,-0.16],[23.61,-0.16],[23.67,1.55],[23.83,1.55],[23.77,-0.16]]]},"properties":{"Image":"M1179958952LC","Orbit":25686,"Incidence":12.26,"Emission":3.54,"Phase":8.73,"Slew":5,"SubSol Lat":0.79,"SubSol Lon":35.98,"Sun Azi":183,"Resolution":0.98,"Url":"https://data.lroc.im-ldi.com/lroc/view_lroc/LRO-L-LROC-3-CDR-V1.0/M1179958952LC","Start Time":"2015-03-02 18:08:05.164+00","label":"M1179958952LC"}},{"type":"Feature","geometry":{"type":"Polygon","coordinates":[[[23.65,-0.94],[23.65,-0.98],[23.49,-0.98],[23.49,-0.95],[23.65,-0.94]]]},"properties":{"Image":"M1178790070RC","Orbit":25522,"Incidence":177.19,"Emission":1.18,"Phase":176.01,"Slew":-0.02,"SubSol Lat":1.05,"SubSol Lon":200.76,"Sun Azi":181,"Resolution":1,"Url":"https://data.lroc.im-ldi.com/lroc/view_lroc/LRO-L-LROC-3-CDR-V1.0/M1178790070RC","Start Time":"2015-02-17 05:26:42.749+00","label":"M1178790070RC"}},{"type":"Feature","geometry":{"type":"Polygon","coordinates":[[[23.8,-0.93],[23.8,-0.97],[23.65,-0.97],[23.64,-0.94],[23.8,-0.93]]]},"properties":{"Image":"M1178790070LC","Orbit":25522,"Incidence":177.04,"Emission":1.73,"Phase":178.76,"Slew":-0.02,"SubSol Lat":1.05,"SubSol Lon":200.76,"Sun Azi":5,"Resolution":1,"Url":"https://data.lroc.im-ldi.com/lroc/view_lroc/LRO-L-LROC-3-CDR-V1.0/M1178790070LC","Start Time":"2015-02-17 05:26:42.749+00","label":"M1178790070LC"}},{"type":"Feature","geometry":{"type":"Polygon","coordinates":[[[23.63,-0.28],[23.63,-0.31],[23.47,-0.32],[23.47,-0.28],[23.63,-0.28]]]},"properties":{"Image":"M1178790057RC","Orbit":25522,"Incidence":177.12,"Emission":1.18,"Phase":175.95,"Slew":-0.02,"SubSol Lat":1.05,"SubSol Lon":200.76,"Sun Azi":189,"Resolution":0.99,"Url":"https://data.lroc.im-ldi.com/lroc/view_lroc/LRO-L-LROC-3-CDR-V1.0/M1178790057RC","Start Time":"2015-02-17 05:26:29.806+00","label":"M1178790057RC"}},{"type":"Feature","geometry":{"type":"Polygon","coordinates":[[[23.78,-0.27],[23.78,-0.3],[23.62,-0.31],[23.62,-0.27],[23.78,-0.27]]]},"properties":{"Image":"M1178790057LC","Orbit":25522,"Incidence":176.97,"Emission":1.73,"Phase":178.61,"Slew":-0.02,"SubSol Lat":1.05,"SubSol Lon":200.76,"Sun Azi":309,"Resolution":0.99,"Url":"https://data.lroc.im-ldi.com/lroc/view_lroc/LRO-L-LROC-3-CDR-V1.0/M1178790057LC","Start Time":"2015-02-17 05:26:29.806+00","label":"M1178790057LC"}},{"type":"Feature","geometry":{"type":"Polygon","coordinates":[[[23.6,0.38],[23.6,0.35],[23.44,0.34],[23.44,0.38],[23.6,0.38]]]},"properties":{"Image":"M1178790044RC","Orbit":25522,"Incidence":176.9,"Emission":1.18,"Phase":175.78,"Slew":-0.02,"SubSol Lat":1.05,"SubSol Lon":200.77,"Sun Azi":196,"Resolution":0.99,"Url":"https://data.lroc.im-ldi.com/lroc/view_lroc/LRO-L-LROC-3-CDR-V1.0/M1178790044RC","Start Time":"2015-02-17 05:26:16.895+00","label":"M1178790044RC"}},{"type":"Feature","geometry":{"type":"Polygon","coordinates":[[[23.76,0.39],[23.76,0.36],[23.6,0.35],[23.6,0.39],[23.76,0.39]]]},"properties":{"Image":"M1178790044LC","Orbit":25522,"Incidence":176.76,"Emission":1.73,"Phase":178.21,"Slew":-0.02,"SubSol Lat":1.05,"SubSol Lon":200.77,"Sun Azi":291,"Resolution":0.99,"Url":"https://data.lroc.im-ldi.com/lroc/view_lroc/LRO-L-LROC-3-CDR-V1.0/M1178790044LC","Start Time":"2015-02-17 05:26:16.895+00","label":"M1178790044LC"}},{"type":"Feature","geometry":{"type":"Polygon","coordinates":[[[23.58,1.04],[23.58,1.01],[23.42,1],[23.42,1.03],[23.58,1.04]]]},"properties":{"Image":"M1178790031RC","Orbit":25522,"Incidence":176.57,"Emission":1.18,"Phase":175.52,"Slew":-0.02,"SubSol Lat":1.05,"SubSol Lon":200.77,"Sun Azi":202,"Resolution":0.98,"Url":"https://data.lroc.im-ldi.com/lroc/view_lroc/LRO-L-LROC-3-CDR-V1.0/M1178790031RC","Start Time":"2015-02-17 05:26:04.014+00","label":"M1178790031RC"}},{"type":"Feature","geometry":{"type":"Polygon","coordinates":[[[23.73,1.05],[23.74,1.02],[23.57,1.01],[23.57,1.05],[23.73,1.05]]]},"properties":{"Image":"M1178790031LC","Orbit":25522,"Incidence":176.44,"Emission":1.73,"Phase":177.69,"Slew":-0.02,"SubSol Lat":1.05,"SubSol Lon":200.77,"Sun Azi":285,"Resolution":0.99,"Url":"https://data.lroc.im-ldi.com/lroc/view_lroc/LRO-L-LROC-3-CDR-V1.0/M1178790031LC","Start Time":"2015-02-17 05:26:04.014+00","label":"M1178790031LC"}},{"type":"Feature","geometry":{"type":"Polygon","coordinates":[[[21.34,-1.72],[21.38,-0.78],[21.54,-0.78],[21.5,-1.72],[21.34,-1.72]]]},"properties":{"Image":"M1177620823RC","Orbit":25357,"Incidence":16.32,"Emission":1.17,"Phase":15.18,"Slew":-0.01,"SubSol Lat":1.35,"SubSol Lon":5.32,"Sun Azi":173,"Resolution":0.97,"Url":"https://data.lroc.im-ldi.com/lroc/view_lroc/LRO-L-LROC-3-CDR-V1.0/M1177620823RC","Start Time":"2015-02-03 16:39:16.691+00","label":"M1177620823RC"}},{"type":"Feature","geometry":{"type":"Polygon","coordinates":[[[21.19,-1.72],[21.23,-0.78],[21.38,-0.78],[21.35,-1.72],[21.19,-1.72]]]},"properties":{"Image":"M1177620823LC","Orbit":25357,"Incidence":16.17,"Emission":1.73,"Phase":17.9,"Slew":-0.01,"SubSol Lat":1.35,"SubSol Lon":5.32,"Sun Azi":173,"Resolution":0.97,"Url":"https://data.lroc.im-ldi.com/lroc/view_lroc/LRO-L-LROC-3-CDR-V1.0/M1177620823LC","Start Time":"2015-02-03 16:39:16.691+00","label":"M1177620823LC"}},{"type":"Feature","geometry":{"type":"Polygon","coordinates":[[[23.57,0.14],[23.6,1.18],[23.76,1.17],[23.72,0.14],[23.57,0.14]]]},"properties":{"Image":"M1177606647RC","Orbit":25356,"Incidence":16.36,"Emission":1.17,"Phase":15.2,"Slew":-0.01,"SubSol Lat":1.35,"SubSol Lon":7.31,"Sun Azi":180,"Resolution":0.99,"Url":"https://data.lroc.im-ldi.com/lroc/view_lroc/LRO-L-LROC-3-CDR-V1.0/M1177606647RC","Start Time":"2015-02-03 12:43:00.589+00","label":"M1177606647RC"}},{"type":"Feature","geometry":{"type":"Polygon","coordinates":[[[23.41,0.15],[23.45,1.18],[23.61,1.17],[23.57,0.14],[23.41,0.15]]]},"properties":{"Image":"M1177606647LC","Orbit":25356,"Incidence":16.21,"Emission":1.74,"Phase":17.95,"Slew":-0.01,"SubSol Lat":1.35,"SubSol Lon":7.31,"Sun Azi":180,"Resolution":0.99,"Url":"https://data.lroc.im-ldi.com/lroc/view_lroc/LRO-L-LROC-3-CDR-V1.0/M1177606647LC","Start Time":"2015-02-03 12:43:00.589+00","label":"M1177606647LC"}},{"type":"Feature","geometry":{"type":"Polygon","coordinates":[[[22.14,-1.1],[22.17,-0.01],[22.33,-0.02],[22.29,-1.1],[22.14,-1.1]]]},"properties":{"Image":"M1175261473RC","Orbit":25025,"Incidence":44.85,"Emission":1.17,"Phase":43.69,"Slew":-0.01,"SubSol Lat":1.58,"SubSol Lon":337.43,"Sun Azi":179,"Resolution":0.98,"Url":"https://data.lroc.im-ldi.com/lroc/view_lroc/LRO-L-LROC-3-CDR-V1.0/M1175261473RC","Start Time":"2015-01-07 09:16:46.699+00","label":"M1175261473RC"}},{"type":"Feature","geometry":{"type":"Polygon","coordinates":[[[21.98,-1.1],[22.02,-0.01],[22.18,-0.02],[22.14,-1.1],[21.98,-1.1]]]},"properties":{"Image":"M1175261473LC","Orbit":25025,"Incidence":44.7,"Emission":1.73,"Phase":46.44,"Slew":-0.01,"SubSol Lat":1.58,"SubSol Lon":337.43,"Sun Azi":180,"Resolution":0.98,"Url":"https://data.lroc.im-ldi.com/lroc/view_lroc/LRO-L-LROC-3-CDR-V1.0/M1175261473LC","Start Time":"2015-01-07 09:16:46.699+00","label":"M1175261473LC"}},{"type":"Feature","geometry":{"type":"Polygon","coordinates":[[[22.28,-1.9],[22.26,-0.35],[22.33,-0.35],[22.34,-1.9],[22.28,-1.9]]]},"properties":{"Image":"M117345188RC","Orbit":2426,"Incidence":83.38,"Emission":1.13,"Phase":82.25,"Slew":0,"SubSol Lat":-0.14,"SubSol Lon":298.91,"Sun Azi":179,"Resolution":0.86,"Url":"https://data.lroc.im-ldi.com/lroc/view_lroc/LRO-L-LROC-3-CDR-V1.0/M117345188RC","Start Time":"2010-01-05 15:38:41.052+00","label":"M117345188RC"}},{"type":"Feature","geometry":{"type":"Polygon","coordinates":[[[22.21,-1.9],[22.19,-0.35],[22.26,-0.35],[22.28,-1.9],[22.21,-1.9]]]},"properties":{"Image":"M117345188LC","Orbit":2426,"Incidence":83.32,"Emission":1.68,"Phase":85,"Slew":0,"SubSol Lat":-0.14,"SubSol Lon":298.91,"Sun Azi":180,"Resolution":0.86,"Url":"https://data.lroc.im-ldi.com/lroc/view_lroc/LRO-L-LROC-3-CDR-V1.0/M117345188LC","Start Time":"2010-01-05 15:38:41.052+00","label":"M117345188LC"}},{"type":"Feature","geometry":{"type":"Polygon","coordinates":[[[23.46,-0.22],[23.45,0.73],[23.52,0.73],[23.53,-0.22],[23.46,-0.22]]]},"properties":{"Image":"M117338434RC","Orbit":2425,"Incidence":83.63,"Emission":8.67,"Phase":74.96,"Slew":-7.36,"SubSol Lat":-0.14,"SubSol Lon":299.86,"Sun Azi":180,"Resolution":0.48,"Url":"https://data.lroc.im-ldi.com/lroc/view_lroc/LRO-L-LROC-3-CDR-V1.0/M117338434RC","Start Time":"2010-01-05 13:46:06.833+00","label":"M117338434RC"}},{"type":"Feature","geometry":{"type":"Polygon","coordinates":[[[23.4,-0.23],[23.38,0.72],[23.45,0.72],[23.46,-0.23],[23.4,-0.23]]]},"properties":{"Image":"M117338434LC","Orbit":2425,"Incidence":83.56,"Emission":5.85,"Phase":77.71,"Slew":-7.36,"SubSol Lat":-0.14,"SubSol Lon":299.86,"Sun Azi":180,"Resolution":0.48,"Url":"https://data.lroc.im-ldi.com/lroc/view_lroc/LRO-L-LROC-3-CDR-V1.0/M117338434LC","Start Time":"2010-01-05 13:46:06.833+00","label":"M117338434LC"}},{"type":"Feature","geometry":{"type":"Polygon","coordinates":[[[22.96,0.77],[22.98,1.22],[23.14,1.21],[23.12,0.76],[22.96,0.77]]]},"properties":{"Image":"M1172902144RC","Orbit":24694,"Incidence":73.55,"Emission":1.17,"Phase":72.38,"Slew":-0.02,"SubSol Lat":1.41,"SubSol Lon":309.49,"Sun Azi":181,"Resolution":1,"Url":"https://data.lroc.im-ldi.com/lroc/view_lroc/LRO-L-LROC-3-CDR-V1.0/M1172902144RC","Start Time":"2014-12-11 01:54:36.776+00","label":"M1172902144RC"}},{"type":"Feature","geometry":{"type":"Polygon","coordinates":[[[22.81,0.77],[22.82,1.22],[22.99,1.21],[22.97,0.76],[22.81,0.77]]]},"properties":{"Image":"M1172902144LC","Orbit":24694,"Incidence":73.4,"Emission":1.74,"Phase":75.13,"Slew":-0.02,"SubSol Lat":1.41,"SubSol Lon":309.49,"Sun Azi":181,"Resolution":1,"Url":"https://data.lroc.im-ldi.com/lroc/view_lroc/LRO-L-LROC-3-CDR-V1.0/M1172902144LC","Start Time":"2014-12-11 01:54:36.776+00","label":"M1172902144LC"}},{"type":"Feature","geometry":{"type":"Polygon","coordinates":[[[23.44,1.5],[23.49,-0.26],[23.32,-0.26],[23.27,1.49],[23.44,1.5]]]},"properties":{"Image":"M1171733209RC","Orbit":24529,"Incidence":90.39,"Emission":13.68,"Phase":104.07,"Slew":14.06,"SubSol Lat":1.12,"SubSol Lon":113.78,"Sun Azi":179,"Resolution":1.02,"Url":"https://data.lroc.im-ldi.com/lroc/view_lroc/LRO-L-LROC-3-CDR-V1.0/M1171733209RC","Start Time":"2014-11-27 13:12:22.146+00","label":"M1171733209RC"}},{"type":"Feature","geometry":{"type":"Polygon","coordinates":[[[23.61,1.51],[23.65,-0.25],[23.48,-0.25],[23.43,1.5],[23.61,1.51]]]},"properties":{"Image":"M1171733209LC","Orbit":24529,"Incidence":90.22,"Emission":16.59,"Phase":106.82,"Slew":14.06,"SubSol Lat":1.12,"SubSol Lon":113.78,"Sun Azi":179,"Resolution":1.03,"Url":"https://data.lroc.im-ldi.com/lroc/view_lroc/LRO-L-LROC-3-CDR-V1.0/M1171733209LC","Start Time":"2014-11-27 13:12:22.146+00","label":"M1171733209LC"}},{"type":"Feature","geometry":{"type":"Polygon","coordinates":[[[23.71,1.54],[23.89,-0.95],[23.43,-0.97],[23.23,1.52],[23.71,1.54]]]},"properties":{"Image":"M1169345323RC","Orbit":24193,"Incidence":66.55,"Emission":55.11,"Phase":11.57,"Slew":-49.83,"SubSol Lat":0.48,"SubSol Lon":90.13,"Sun Azi":178,"Resolution":1.98,"Url":"https://data.lroc.im-ldi.com/lroc/view_lroc/LRO-L-LROC-3-CDR-V1.0/M1169345323RC","Start Time":"2014-10-30 21:54:16.265+00","label":"M1169345323RC"}},{"type":"Feature","geometry":{"type":"Polygon","coordinates":[[[24.11,1.57],[24.28,-0.93],[23.88,-0.94],[23.69,1.55],[24.11,1.57]]]},"properties":{"Image":"M1169345323LC","Orbit":24193,"Incidence":66.13,"Emission":51.94,"Phase":14.28,"Slew":-49.83,"SubSol Lat":0.48,"SubSol Lon":90.13,"Sun Azi":179,"Resolution":1.91,"Url":"https://data.lroc.im-ldi.com/lroc/view_lroc/LRO-L-LROC-3-CDR-V1.0/M1169345323LC","Start Time":"2014-10-30 21:54:16.265+00","label":"M1169345323LC"}},{"type":"Feature","geometry":{"type":"Polygon","coordinates":[[[21.97,2.16],[22.01,0.88],[21.85,0.87],[21.81,2.16],[21.97,2.16]]]},"properties":{"Image":"M1167028432RC","Orbit":23867,"Incidence":35.02,"Emission":1.17,"Phase":33.86,"Slew":-0.01,"SubSol Lat":-0.25,"SubSol Lon":56.89,"Sun Azi":175,"Resolution":1,"Url":"https://data.lroc.im-ldi.com/lroc/view_lroc/LRO-L-LROC-3-CDR-V1.0/M1167028432RC","Start Time":"2014-10-04 02:19:24.931+00","label":"M1167028432RC"}},{"type":"Feature","geometry":{"type":"Polygon","coordinates":[[[22.13,2.17],[22.17,0.89],[22.01,0.88],[21.96,2.17],[22.13,2.17]]]},"properties":{"Image":"M1167028432LC","Orbit":23867,"Incidence":34.87,"Emission":1.73,"Phase":36.6,"Slew":-0.01,"SubSol Lat":-0.25,"SubSol Lon":56.89,"Sun Azi":176,"Resolution":1,"Url":"https://data.lroc.im-ldi.com/lroc/view_lroc/LRO-L-LROC-3-CDR-V1.0/M1167028432LC","Start Time":"2014-10-04 02:19:24.931+00","label":"M1167028432LC"}},{"type":"Feature","geometry":{"type":"Polygon","coordinates":[[[23.06,1.82],[23.1,0.81],[22.94,0.8],[22.9,1.81],[23.06,1.82]]]},"properties":{"Image":"M1167021332RC","Orbit":23866,"Incidence":34.93,"Emission":1.17,"Phase":33.76,"Slew":-0.01,"SubSol Lat":-0.25,"SubSol Lon":57.89,"Sun Azi":176,"Resolution":1,"Url":"https://data.lroc.im-ldi.com/lroc/view_lroc/LRO-L-LROC-3-CDR-V1.0/M1167021332RC","Start Time":"2014-10-04 00:21:05.154+00","label":"M1167021332RC"}},{"type":"Feature","geometry":{"type":"Polygon","coordinates":[[[23.22,1.83],[23.25,0.82],[23.09,0.81],[23.06,1.82],[23.22,1.83]]]},"properties":{"Image":"M1167021332LC","Orbit":23866,"Incidence":34.77,"Emission":1.73,"Phase":36.5,"Slew":-0.01,"SubSol Lat":-0.25,"SubSol Lon":57.89,"Sun Azi":176,"Resolution":1,"Url":"https://data.lroc.im-ldi.com/lroc/view_lroc/LRO-L-LROC-3-CDR-V1.0/M1167021332LC","Start Time":"2014-10-04 00:21:05.154+00","label":"M1167021332LC"}},{"type":"Feature","geometry":{"type":"Polygon","coordinates":[[[23.01,-0.49],[23.17,-0.49],[23.2,-1.55],[23.04,-1.56],[23.01,-0.49]]]},"properties":{"Image":"M1162312727RC","Orbit":23204,"Incidence":19.91,"Emission":1.17,"Phase":18.74,"Slew":0.01,"SubSol Lat":-1.38,"SubSol Lon":3.19,"Sun Azi":179,"Resolution":0.99,"Url":"https://data.lroc.im-ldi.com/lroc/view_lroc/LRO-L-LROC-3-CDR-V1.0/M1162312727RC","Start Time":"2014-08-10 12:24:20.164+00","label":"M1162312727RC"}},{"type":"Feature","geometry":{"type":"Polygon","coordinates":[[[22.85,-0.5],[23.01,-0.5],[23.05,-1.56],[22.89,-1.57],[22.85,-0.5]]]},"properties":{"Image":"M1162312727LC","Orbit":23204,"Incidence":19.76,"Emission":1.73,"Phase":21.49,"Slew":0.01,"SubSol Lat":-1.38,"SubSol Lon":3.19,"Sun Azi":179,"Resolution":0.99,"Url":"https://data.lroc.im-ldi.com/lroc/view_lroc/LRO-L-LROC-3-CDR-V1.0/M1162312727LC","Start Time":"2014-08-10 12:24:20.164+00","label":"M1162312727LC"}},{"type":"Feature","geometry":{"type":"Polygon","coordinates":[[[23.53,0.91],[23.52,-0.03],[23.44,-0.03],[23.45,0.91],[23.53,0.91]]]},"properties":{"Image":"M116161085RC","Orbit":2252,"Incidence":81.78,"Emission":6.34,"Phase":75.43,"Slew":-5.07,"SubSol Lat":-0.58,"SubSol Lon":105.26,"Sun Azi":180,"Resolution":0.51,"Url":"https://data.lroc.im-ldi.com/lroc/view_lroc/LRO-L-LROC-3-CDR-V1.0/M116161085RC","Start Time":"2009-12-22 22:43:38.135+00","label":"M116161085RC"}},{"type":"Feature","geometry":{"type":"Polygon","coordinates":[[[23.61,0.91],[23.6,-0.03],[23.52,-0.03],[23.53,0.91],[23.61,0.91]]]},"properties":{"Image":"M116161085LC","Orbit":2252,"Incidence":81.7,"Emission":3.52,"Phase":78.18,"Slew":-5.07,"SubSol Lat":-0.58,"SubSol Lon":105.26,"Sun Azi":180,"Resolution":0.51,"Url":"https://data.lroc.im-ldi.com/lroc/view_lroc/LRO-L-LROC-3-CDR-V1.0/M116161085LC","Start Time":"2009-12-22 22:43:38.135+00","label":"M116161085LC"}},{"type":"Feature","geometry":{"type":"Polygon","coordinates":[[[23.28,-0.05],[23.11,-0.04],[23.13,0.58],[23.3,0.57],[23.28,-0.05]]]},"properties":{"Image":"M1161127261RC","Orbit":23037,"Incidence":147.59,"Emission":1.17,"Phase":146.43,"Slew":0.01,"SubSol Lat":-1.53,"SubSol Lon":170.82,"Sun Azi":180,"Resolution":9.63,"Url":"https://data.lroc.im-ldi.com/lroc/view_lroc/LRO-L-LROC-3-CDR-V1.0/M1161127261RC","Start Time":"2014-07-27 19:06:46.136+00","label":"M1161127261RC"}},{"type":"Feature","geometry":{"type":"Polygon","coordinates":[[[23.43,-0.05],[23.27,-0.04],[23.29,0.58],[23.46,0.57],[23.43,-0.05]]]},"properties":{"Image":"M1161127261LC","Orbit":23037,"Incidence":147.44,"Emission":1.74,"Phase":149.18,"Slew":0.01,"SubSol Lat":-1.53,"SubSol Lon":170.82,"Sun Azi":180,"Resolution":9.63,"Url":"https://data.lroc.im-ldi.com/lroc/view_lroc/LRO-L-LROC-3-CDR-V1.0/M1161127261LC","Start Time":"2014-07-27 19:06:46.136+00","label":"M1161127261LC"}},{"type":"Feature","geometry":{"type":"Polygon","coordinates":[[[23.35,1.55],[23.52,1.55],[23.56,0],[23.4,0],[23.35,1.55]]]},"properties":{"Image":"M1159956344RC","Orbit":22873,"Incidence":46.99,"Emission":4.34,"Phase":42.65,"Slew":3,"SubSol Lat":-1.52,"SubSol Lon":336.52,"Sun Azi":181,"Resolution":1.01,"Url":"https://data.lroc.im-ldi.com/lroc/view_lroc/LRO-L-LROC-3-CDR-V1.0/M1159956344RC","Start Time":"2014-07-14 05:51:16.955+00","label":"M1159956344RC"}},{"type":"Feature","geometry":{"type":"Polygon","coordinates":[[[23.2,1.54],[23.36,1.54],[23.41,-0.01],[23.24,-0.01],[23.2,1.54]]]},"properties":{"Image":"M1159956344LC","Orbit":22873,"Incidence":46.83,"Emission":1.43,"Phase":45.4,"Slew":3,"SubSol Lat":-1.52,"SubSol Lon":336.52,"Sun Azi":181,"Resolution":1.01,"Url":"https://data.lroc.im-ldi.com/lroc/view_lroc/LRO-L-LROC-3-CDR-V1.0/M1159956344LC","Start Time":"2014-07-14 05:51:16.955+00","label":"M1159956344LC"}},{"type":"Feature","geometry":{"type":"Polygon","coordinates":[[[23.5,-0.02],[23.34,-0.01],[23.35,0.3],[23.51,0.3],[23.5,-0.02]]]},"properties":{"Image":"M1158770926RC","Orbit":22707,"Incidence":120.64,"Emission":1.17,"Phase":119.47,"Slew":0.03,"SubSol Lat":-1.5,"SubSol Lon":144.07,"Sun Azi":180,"Resolution":5.15,"Url":"https://data.lroc.im-ldi.com/lroc/view_lroc/LRO-L-LROC-3-CDR-V1.0/M1158770926RC","Start Time":"2014-06-30 12:34:24.304+00","label":"M1158770926RC"}},{"type":"Feature","geometry":{"type":"Polygon","coordinates":[[[23.66,-0.02],[23.5,-0.01],[23.51,0.3],[23.67,0.3],[23.66,-0.02]]]},"properties":{"Image":"M1158770926LC","Orbit":22707,"Incidence":120.48,"Emission":1.74,"Phase":122.22,"Slew":0.03,"SubSol Lat":-1.5,"SubSol Lon":144.07,"Sun Azi":181,"Resolution":5.15,"Url":"https://data.lroc.im-ldi.com/lroc/view_lroc/LRO-L-LROC-3-CDR-V1.0/M1158770926LC","Start Time":"2014-06-30 12:34:24.304+00","label":"M1158770926LC"}},{"type":"Feature","geometry":{"type":"Polygon","coordinates":[[[23.41,1.64],[23.57,1.64],[23.62,-0.13],[23.46,-0.14],[23.41,1.64]]]},"properties":{"Image":"M1157600009RC","Orbit":22542,"Incidence":73.64,"Emission":1.17,"Phase":72.48,"Slew":0,"SubSol Lat":-1.33,"SubSol Lon":309.9,"Sun Azi":180,"Resolution":1,"Url":"https://data.lroc.im-ldi.com/lroc/view_lroc/LRO-L-LROC-3-CDR-V1.0/M1157600009RC","Start Time":"2014-06-16 23:19:02.662+00","label":"M1157600009RC"}},{"type":"Feature","geometry":{"type":"Polygon","coordinates":[[[23.25,1.63],[23.41,1.63],[23.47,-0.14],[23.31,-0.15],[23.25,1.63]]]},"properties":{"Image":"M1157600009LC","Orbit":22542,"Incidence":73.49,"Emission":1.74,"Phase":75.23,"Slew":0,"SubSol Lat":-1.33,"SubSol Lon":309.9,"Sun Azi":180,"Resolution":1,"Url":"https://data.lroc.im-ldi.com/lroc/view_lroc/LRO-L-LROC-3-CDR-V1.0/M1157600009LC","Start Time":"2014-06-16 23:19:02.662+00","label":"M1157600009LC"}},{"type":"Feature","geometry":{"type":"Polygon","coordinates":[[[21.88,-1.77],[21.72,-1.76],[21.74,-0.88],[21.91,-0.89],[21.88,-1.77]]]},"properties":{"Image":"M1151716309RC","Orbit":21715,"Incidence":39.36,"Emission":1.17,"Phase":38.18,"Slew":0.01,"SubSol Lat":0.28,"SubSol Lon":61.14,"Sun Azi":184,"Resolution":1.02,"Url":"https://data.lroc.im-ldi.com/lroc/view_lroc/LRO-L-LROC-3-CDR-V1.0/M1151716309RC","Start Time":"2014-04-09 20:57:22.222+00","label":"M1151716309RC"}},{"type":"Feature","geometry":{"type":"Polygon","coordinates":[[[22.04,-1.77],[21.88,-1.76],[21.9,-0.88],[22.07,-0.89],[22.04,-1.77]]]},"properties":{"Image":"M1151716309LC","Orbit":21715,"Incidence":39.2,"Emission":1.74,"Phase":40.93,"Slew":0.01,"SubSol Lat":0.28,"SubSol Lon":61.14,"Sun Azi":184,"Resolution":1.02,"Url":"https://data.lroc.im-ldi.com/lroc/view_lroc/LRO-L-LROC-3-CDR-V1.0/M1151716309LC","Start Time":"2014-04-09 20:57:22.222+00","label":"M1151716309LC"}},{"type":"Feature","geometry":{"type":"Polygon","coordinates":[[[21.9,0.32],[22.06,0.33],[22.07,0.01],[21.91,0.01],[21.9,0.32]]]},"properties":{"Image":"M1150545419RC","Orbit":21551,"Incidence":155.39,"Emission":1.17,"Phase":154.24,"Slew":0.01,"SubSol Lat":0.57,"SubSol Lon":226.58,"Sun Azi":177,"Resolution":5.13,"Url":"https://data.lroc.im-ldi.com/lroc/view_lroc/LRO-L-LROC-3-CDR-V1.0/M1150545419RC","Start Time":"2014-03-27 07:42:37.48+00","label":"M1150545419RC"}},{"type":"Feature","geometry":{"type":"Polygon","coordinates":[[[21.75,0.31],[21.91,0.32],[21.92,0],[21.76,0],[21.75,0.31]]]},"properties":{"Image":"M1150545419LC","Orbit":21551,"Incidence":155.24,"Emission":1.74,"Phase":156.98,"Slew":0.01,"SubSol Lat":0.57,"SubSol Lon":226.58,"Sun Azi":176,"Resolution":5.13,"Url":"https://data.lroc.im-ldi.com/lroc/view_lroc/LRO-L-LROC-3-CDR-V1.0/M1150545419LC","Start Time":"2014-03-27 07:42:37.48+00","label":"M1150545419LC"}},{"type":"Feature","geometry":{"type":"Polygon","coordinates":[[[23.44,-0.17],[23.24,-0.16],[23.32,1.59],[23.52,1.58],[23.44,-0.17]]]},"properties":{"Image":"M1149360102RC","Orbit":21384,"Incidence":10.15,"Emission":23.13,"Phase":33.27,"Slew":-22.92,"SubSol Lat":0.98,"SubSol Lon":33.53,"Sun Azi":184,"Resolution":1.09,"Url":"https://data.lroc.im-ldi.com/lroc/view_lroc/LRO-L-LROC-3-CDR-V1.0/M1149360102RC","Start Time":"2014-03-13 14:27:15.384+00","label":"M1149360102RC"}},{"type":"Feature","geometry":{"type":"Polygon","coordinates":[[[23.63,-0.17],[23.43,-0.16],[23.51,1.59],[23.72,1.58],[23.63,-0.17]]]},"properties":{"Image":"M1149360102LC","Orbit":21384,"Incidence":9.96,"Emission":26.07,"Phase":36.02,"Slew":-22.92,"SubSol Lat":0.98,"SubSol Lon":33.53,"Sun Azi":184,"Resolution":1.1,"Url":"https://data.lroc.im-ldi.com/lroc/view_lroc/LRO-L-LROC-3-CDR-V1.0/M1149360102LC","Start Time":"2014-03-13 14:27:15.384+00","label":"M1149360102LC"}},{"type":"Feature","geometry":{"type":"Polygon","coordinates":[[[23.14,-0.16],[22.97,-0.15],[23.02,1.46],[23.19,1.46],[23.14,-0.16]]]},"properties":{"Image":"M1149352984RC","Orbit":21383,"Incidence":11.45,"Emission":1.17,"Phase":10.29,"Slew":-0.01,"SubSol Lat":0.99,"SubSol Lon":34.53,"Sun Azi":184,"Resolution":1,"Url":"https://data.lroc.im-ldi.com/lroc/view_lroc/LRO-L-LROC-3-CDR-V1.0/M1149352984RC","Start Time":"2014-03-13 12:28:37.054+00","label":"M1149352984RC"}},{"type":"Feature","geometry":{"type":"Polygon","coordinates":[[[23.29,-0.16],[23.13,-0.15],[23.18,1.46],[23.35,1.45],[23.29,-0.16]]]},"properties":{"Image":"M1149352984LC","Orbit":21383,"Incidence":11.3,"Emission":1.75,"Phase":13.04,"Slew":-0.01,"SubSol Lat":0.99,"SubSol Lon":34.53,"Sun Azi":184,"Resolution":1,"Url":"https://data.lroc.im-ldi.com/lroc/view_lroc/LRO-L-LROC-3-CDR-V1.0/M1149352984LC","Start Time":"2014-03-13 12:28:37.054+00","label":"M1149352984LC"}},{"type":"Feature","geometry":{"type":"Polygon","coordinates":[[[23.54,-0.14],[23.32,-0.14],[23.32,1.61],[23.55,1.61],[23.54,-0.14]]]},"properties":{"Image":"M1149338748RC","Orbit":21381,"Incidence":13.1,"Emission":31.62,"Phase":18.55,"Slew":28.64,"SubSol Lat":0.99,"SubSol Lon":36.53,"Sun Azi":183,"Resolution":1.16,"Url":"https://data.lroc.im-ldi.com/lroc/view_lroc/LRO-L-LROC-3-CDR-V1.0/M1149338748RC","Start Time":"2014-03-13 08:31:20.846+00","label":"M1149338748RC"}},{"type":"Feature","geometry":{"type":"Polygon","coordinates":[[[23.74,-0.15],[23.53,-0.14],[23.54,1.61],[23.75,1.61],[23.74,-0.15]]]},"properties":{"Image":"M1149338748LC","Orbit":21381,"Incidence":12.89,"Emission":28.66,"Phase":15.8,"Slew":28.64,"SubSol Lat":0.99,"SubSol Lon":36.53,"Sun Azi":184,"Resolution":1.14,"Url":"https://data.lroc.im-ldi.com/lroc/view_lroc/LRO-L-LROC-3-CDR-V1.0/M1149338748LC","Start Time":"2014-03-13 08:31:20.846+00","label":"M1149338748LC"}},{"type":"Feature","geometry":{"type":"Polygon","coordinates":[[[23.12,-0.25],[23.15,0.65],[23.31,0.65],[23.28,-0.26],[23.12,-0.25]]]},"properties":{"Image":"M1146997536RC","Orbit":21052,"Incidence":16.82,"Emission":1.62,"Phase":15.64,"Slew":-1.14,"SubSol Lat":1.46,"SubSol Lon":6.44,"Sun Azi":177,"Resolution":0.74,"Url":"https://data.lroc.im-ldi.com/lroc/view_lroc/LRO-L-LROC-3-CDR-V1.0/M1146997536RC","Start Time":"2014-02-14 06:11:09.277+00","label":"M1146997536RC"}},{"type":"Feature","geometry":{"type":"Polygon","coordinates":[[[22.97,-0.25],[22.99,0.65],[23.15,0.65],[23.13,-0.26],[22.97,-0.25]]]},"properties":{"Image":"M1146997536LC","Orbit":21052,"Incidence":16.67,"Emission":2.12,"Phase":18.39,"Slew":-1.14,"SubSol Lat":1.46,"SubSol Lon":6.44,"Sun Azi":177,"Resolution":0.74,"Url":"https://data.lroc.im-ldi.com/lroc/view_lroc/LRO-L-LROC-3-CDR-V1.0/M1146997536LC","Start Time":"2014-02-14 06:11:09.277+00","label":"M1146997536LC"}},{"type":"Feature","geometry":{"type":"Polygon","coordinates":[[[23.66,-0.1],[23.73,1.61],[23.91,1.6],[23.83,-0.1],[23.66,-0.1]]]},"properties":{"Image":"M1144643927RC","Orbit":20721,"Incidence":45.98,"Emission":16.15,"Phase":29.83,"Slew":-14.18,"SubSol Lat":1.58,"SubSol Lon":337.8,"Sun Azi":180,"Resolution":1.01,"Url":"https://data.lroc.im-ldi.com/lroc/view_lroc/LRO-L-LROC-3-CDR-V1.0/M1144643927RC","Start Time":"2014-01-18 00:24:20.639+00","label":"M1144643927RC"}},{"type":"Feature","geometry":{"type":"Polygon","coordinates":[[[23.5,-0.1],[23.57,1.61],[23.74,1.6],[23.67,-0.1],[23.5,-0.1]]]},"properties":{"Image":"M1144643927LC","Orbit":20721,"Incidence":45.81,"Emission":13.23,"Phase":32.58,"Slew":-14.18,"SubSol Lat":1.58,"SubSol Lon":337.8,"Sun Azi":181,"Resolution":1,"Url":"https://data.lroc.im-ldi.com/lroc/view_lroc/LRO-L-LROC-3-CDR-V1.0/M1144643927LC","Start Time":"2014-01-18 00:24:20.639+00","label":"M1144643927LC"}},{"type":"Feature","geometry":{"type":"Polygon","coordinates":[[[23.7,-0.1],[23.75,1.61],[23.91,1.61],[23.86,-0.1],[23.7,-0.1]]]},"properties":{"Image":"M1144636817RC","Orbit":20720,"Incidence":45,"Emission":3.52,"Phase":48.52,"Slew":4.44,"SubSol Lat":1.58,"SubSol Lon":338.8,"Sun Azi":180,"Resolution":0.98,"Url":"https://data.lroc.im-ldi.com/lroc/view_lroc/LRO-L-LROC-3-CDR-V1.0/M1144636817RC","Start Time":"2014-01-17 22:25:49.914+00","label":"M1144636817RC"}},{"type":"Feature","geometry":{"type":"Polygon","coordinates":[[[23.55,-0.1],[23.59,1.61],[23.75,1.61],[23.71,-0.1],[23.55,-0.1]]]},"properties":{"Image":"M1144636817LC","Orbit":20720,"Incidence":44.85,"Emission":6.43,"Phase":51.27,"Slew":4.44,"SubSol Lat":1.58,"SubSol Lon":338.8,"Sun Azi":181,"Resolution":0.98,"Url":"https://data.lroc.im-ldi.com/lroc/view_lroc/LRO-L-LROC-3-CDR-V1.0/M1144636817LC","Start Time":"2014-01-17 22:25:49.914+00","label":"M1144636817LC"}},{"type":"Feature","geometry":{"type":"Polygon","coordinates":[[[23.82,-0.03],[23.84,-0.76],[23.68,-0.77],[23.66,-0.03],[23.82,-0.03]]]},"properties":{"Image":"M1143467323RC","Orbit":20556,"Incidence":119.48,"Emission":1.17,"Phase":118.31,"Slew":0,"SubSol Lat":1.41,"SubSol Lon":143.23,"Sun Azi":180,"Resolution":11.34,"Url":"https://data.lroc.im-ldi.com/lroc/view_lroc/LRO-L-LROC-3-CDR-V1.0/M1143467323RC","Start Time":"2014-01-04 09:34:30.067+00","label":"M1143467323RC"}},{"type":"Feature","geometry":{"type":"Polygon","coordinates":[[[23.57,-0.96],[23.67,-4.48],[23.52,-4.48],[23.41,-0.96],[23.57,-0.96]]]},"properties":{"Image":"M1141113806RC","Orbit":20225,"Incidence":90.89,"Emission":1.17,"Phase":89.72,"Slew":0.01,"SubSol Lat":0.98,"SubSol Lon":114.39,"Sun Azi":179,"Resolution":1.97,"Url":"https://data.lroc.im-ldi.com/lroc/view_lroc/LRO-L-LROC-3-CDR-V1.0/M1141113806RC","Start Time":"2013-12-08 03:48:59.911+00","label":"M1141113806RC"}},{"type":"Feature","geometry":{"type":"Polygon","coordinates":[[[23.73,-0.95],[23.82,-4.47],[23.67,-4.47],[23.57,-0.95],[23.73,-0.95]]]},"properties":{"Image":"M1141113806LC","Orbit":20225,"Incidence":90.74,"Emission":1.73,"Phase":92.47,"Slew":0.01,"SubSol Lat":0.98,"SubSol Lon":114.39,"Sun Azi":179,"Resolution":1.97,"Url":"https://data.lroc.im-ldi.com/lroc/view_lroc/LRO-L-LROC-3-CDR-V1.0/M1141113806LC","Start Time":"2013-12-08 03:48:59.911+00","label":"M1141113806LC"}},{"type":"Feature","geometry":{"type":"Polygon","coordinates":[[[23.22,1.51],[23.27,-0.31],[23.1,-0.32],[23.05,1.5],[23.22,1.51]]]},"properties":{"Image":"M1138760178RC","Orbit":19894,"Incidence":62.63,"Emission":1.18,"Phase":61.46,"Slew":0,"SubSol Lat":0.31,"SubSol Lon":85.8,"Sun Azi":178,"Resolution":1.02,"Url":"https://data.lroc.im-ldi.com/lroc/view_lroc/LRO-L-LROC-3-CDR-V1.0/M1138760178RC","Start Time":"2013-11-10 22:01:51.552+00","label":"M1138760178RC"}},{"type":"Feature","geometry":{"type":"Polygon","coordinates":[[[23.38,1.52],[23.43,-0.3],[23.26,-0.31],[23.21,1.51],[23.38,1.52]]]},"properties":{"Image":"M1138760178LC","Orbit":19894,"Incidence":62.48,"Emission":1.73,"Phase":64.21,"Slew":0,"SubSol Lat":0.31,"SubSol Lon":85.8,"Sun Azi":179,"Resolution":1.02,"Url":"https://data.lroc.im-ldi.com/lroc/view_lroc/LRO-L-LROC-3-CDR-V1.0/M1138760178LC","Start Time":"2013-11-10 22:01:51.552+00","label":"M1138760178LC"}},{"type":"Feature","geometry":{"type":"Polygon","coordinates":[[[23.54,1.55],[23.53,0.6],[23.44,0.6],[23.45,1.55],[23.54,1.55]]]},"properties":{"Image":"M113799518RC","Orbit":1904,"Incidence":54.21,"Emission":17.3,"Phase":36.93,"Slew":-15.72,"SubSol Lat":-1.22,"SubSol Lon":77.66,"Sun Azi":178,"Resolution":0.53,"Url":"https://data.lroc.im-ldi.com/lroc/view_lroc/LRO-L-LROC-3-CDR-V1.0/M113799518RC","Start Time":"2009-11-25 14:44:11.226+00","label":"M113799518RC"}},{"type":"Feature","geometry":{"type":"Polygon","coordinates":[[[23.62,1.55],[23.61,0.6],[23.52,0.61],[23.54,1.55],[23.62,1.55]]]},"properties":{"Image":"M113799518LC","Orbit":1904,"Incidence":54.13,"Emission":14.47,"Phase":39.67,"Slew":-15.72,"SubSol Lat":-1.22,"SubSol Lon":77.66,"Sun Azi":179,"Resolution":0.53,"Url":"https://data.lroc.im-ldi.com/lroc/view_lroc/LRO-L-LROC-3-CDR-V1.0/M113799518LC","Start Time":"2009-11-25 14:44:11.226+00","label":"M113799518LC"}},{"type":"Feature","geometry":{"type":"Polygon","coordinates":[[[21.68,1.21],[21.68,1.25],[21.84,1.24],[21.84,1.21],[21.68,1.21]]]},"properties":{"Image":"M1135230052RC","Orbit":19398,"Incidence":157.97,"Emission":1.17,"Phase":156.8,"Slew":-0.01,"SubSol Lat":-0.81,"SubSol Lon":223.79,"Sun Azi":181,"Resolution":0.99,"Url":"https://data.lroc.im-ldi.com/lroc/view_lroc/LRO-L-LROC-3-CDR-V1.0/M1135230052RC","Start Time":"2013-10-01 01:26:25.151+00","label":"M1135230052RC"}},{"type":"Feature","geometry":{"type":"Polygon","coordinates":[[[21.52,1.21],[21.52,1.25],[21.68,1.24],[21.68,1.21],[21.52,1.21]]]},"properties":{"Image":"M1135230052LC","Orbit":19398,"Incidence":157.82,"Emission":1.74,"Phase":159.55,"Slew":-0.01,"SubSol Lat":-0.81,"SubSol Lon":223.79,"Sun Azi":181,"Resolution":0.99,"Url":"https://data.lroc.im-ldi.com/lroc/view_lroc/LRO-L-LROC-3-CDR-V1.0/M1135230052LC","Start Time":"2013-10-01 01:26:25.151+00","label":"M1135230052LC"}},{"type":"Feature","geometry":{"type":"Polygon","coordinates":[[[21.66,0.47],[21.66,0.51],[21.82,0.5],[21.82,0.47],[21.66,0.47]]]},"properties":{"Image":"M1135230038RC","Orbit":19398,"Incidence":157.95,"Emission":1.17,"Phase":156.78,"Slew":-0.01,"SubSol Lat":-0.81,"SubSol Lon":223.79,"Sun Azi":183,"Resolution":0.98,"Url":"https://data.lroc.im-ldi.com/lroc/view_lroc/LRO-L-LROC-3-CDR-V1.0/M1135230038RC","Start Time":"2013-10-01 01:26:10.745+00","label":"M1135230038RC"}},{"type":"Feature","geometry":{"type":"Polygon","coordinates":[[[21.51,0.47],[21.51,0.51],[21.67,0.5],[21.66,0.47],[21.51,0.47]]]},"properties":{"Image":"M1135230038LC","Orbit":19398,"Incidence":157.8,"Emission":1.74,"Phase":159.53,"Slew":-0.01,"SubSol Lat":-0.81,"SubSol Lon":223.79,"Sun Azi":183,"Resolution":0.98,"Url":"https://data.lroc.im-ldi.com/lroc/view_lroc/LRO-L-LROC-3-CDR-V1.0/M1135230038LC","Start Time":"2013-10-01 01:26:10.745+00","label":"M1135230038LC"}},{"type":"Feature","geometry":{"type":"Polygon","coordinates":[[[21.64,-0.26],[21.64,-0.23],[21.8,-0.23],[21.8,-0.27],[21.64,-0.26]]]},"properties":{"Image":"M1135230023RC","Orbit":19397,"Incidence":157.9,"Emission":1.17,"Phase":156.73,"Slew":-0.01,"SubSol Lat":-0.81,"SubSol Lon":223.79,"Sun Azi":184,"Resolution":0.97,"Url":"https://data.lroc.im-ldi.com/lroc/view_lroc/LRO-L-LROC-3-CDR-V1.0/M1135230023RC","Start Time":"2013-10-01 01:25:56.37+00","label":"M1135230023RC"}},{"type":"Feature","geometry":{"type":"Polygon","coordinates":[[[21.49,-0.26],[21.49,-0.23],[21.65,-0.23],[21.65,-0.27],[21.49,-0.26]]]},"properties":{"Image":"M1135230023LC","Orbit":19397,"Incidence":157.75,"Emission":1.74,"Phase":159.48,"Slew":-0.01,"SubSol Lat":-0.81,"SubSol Lon":223.79,"Sun Azi":185,"Resolution":0.97,"Url":"https://data.lroc.im-ldi.com/lroc/view_lroc/LRO-L-LROC-3-CDR-V1.0/M1135230023LC","Start Time":"2013-10-01 01:25:56.37+00","label":"M1135230023LC"}},{"type":"Feature","geometry":{"type":"Polygon","coordinates":[[[21.62,-0.99],[21.62,-0.96],[21.78,-0.97],[21.78,-1],[21.62,-0.99]]]},"properties":{"Image":"M1135230009RC","Orbit":19397,"Incidence":157.83,"Emission":1.17,"Phase":156.67,"Slew":-0.01,"SubSol Lat":-0.81,"SubSol Lon":223.79,"Sun Azi":186,"Resolution":0.93,"Url":"https://data.lroc.im-ldi.com/lroc/view_lroc/LRO-L-LROC-3-CDR-V1.0/M1135230009RC","Start Time":"2013-10-01 01:25:42.139+00","label":"M1135230009RC"}},{"type":"Feature","geometry":{"type":"Polygon","coordinates":[[[21.47,-0.99],[21.47,-0.96],[21.63,-0.97],[21.63,-1],[21.47,-0.99]]]},"properties":{"Image":"M1135230009LC","Orbit":19397,"Incidence":157.69,"Emission":1.73,"Phase":159.41,"Slew":-0.01,"SubSol Lat":-0.81,"SubSol Lon":223.79,"Sun Azi":187,"Resolution":0.93,"Url":"https://data.lroc.im-ldi.com/lroc/view_lroc/LRO-L-LROC-3-CDR-V1.0/M1135230009LC","Start Time":"2013-10-01 01:25:42.139+00","label":"M1135230009LC"}},{"type":"Feature","geometry":{"type":"Polygon","coordinates":[[[23.55,0.92],[23.59,-0.88],[23.43,-0.88],[23.38,0.91],[23.55,0.92]]]},"properties":{"Image":"M1134046721RC","Orbit":19231,"Incidence":7.26,"Emission":1.18,"Phase":6.12,"Slew":-0.02,"SubSol Lat":-1.08,"SubSol Lon":30.67,"Sun Azi":170,"Resolution":1.02,"Url":"https://data.lroc.im-ldi.com/lroc/view_lroc/LRO-L-LROC-3-CDR-V1.0/M1134046721RC","Start Time":"2013-09-17 08:44:14.269+00","label":"M1134046721RC"}},{"type":"Feature","geometry":{"type":"Polygon","coordinates":[[[23.71,0.93],[23.75,-0.87],[23.59,-0.87],[23.54,0.92],[23.71,0.93]]]},"properties":{"Image":"M1134046721LC","Orbit":19231,"Incidence":7.1,"Emission":1.73,"Phase":8.81,"Slew":-0.02,"SubSol Lat":-1.08,"SubSol Lon":30.67,"Sun Azi":170,"Resolution":1.02,"Url":"https://data.lroc.im-ldi.com/lroc/view_lroc/LRO-L-LROC-3-CDR-V1.0/M1134046721LC","Start Time":"2013-09-17 08:44:14.269+00","label":"M1134046721LC"}},{"type":"Feature","geometry":{"type":"Polygon","coordinates":[[[23.06,-0.43],[23.22,-0.43],[23.25,-1.79],[23.09,-1.8],[23.06,-0.43]]]},"properties":{"Image":"M1131694125RC","Orbit":18900,"Incidence":20.03,"Emission":1.17,"Phase":18.86,"Slew":0.01,"SubSol Lat":-1.46,"SubSol Lon":3.12,"Sun Azi":180,"Resolution":0.88,"Url":"https://data.lroc.im-ldi.com/lroc/view_lroc/LRO-L-LROC-3-CDR-V1.0/M1131694125RC","Start Time":"2013-08-21 03:14:18.462+00","label":"M1131694125RC"}},{"type":"Feature","geometry":{"type":"Polygon","coordinates":[[[22.9,-0.44],[23.06,-0.44],[23.1,-1.8],[22.93,-1.81],[22.9,-0.44]]]},"properties":{"Image":"M1131694125LC","Orbit":18900,"Incidence":19.88,"Emission":1.74,"Phase":21.61,"Slew":0.01,"SubSol Lat":-1.46,"SubSol Lon":3.12,"Sun Azi":180,"Resolution":0.88,"Url":"https://data.lroc.im-ldi.com/lroc/view_lroc/LRO-L-LROC-3-CDR-V1.0/M1131694125LC","Start Time":"2013-08-21 03:14:18.462+00","label":"M1131694125LC"}},{"type":"Feature","geometry":{"type":"Polygon","coordinates":[[[23.39,1.58],[23.61,1.58],[23.61,-0.21],[23.39,-0.22],[23.39,1.58]]]},"properties":{"Image":"M1129347305RC","Orbit":18570,"Incidence":48.51,"Emission":31.06,"Phase":17.46,"Slew":28.11,"SubSol Lat":-1.51,"SubSol Lon":335.03,"Sun Azi":181,"Resolution":1.17,"Url":"https://data.lroc.im-ldi.com/lroc/view_lroc/LRO-L-LROC-3-CDR-V1.0/M1129347305RC","Start Time":"2013-07-24 23:20:37.739+00","label":"M1129347305RC"}},{"type":"Feature","geometry":{"type":"Polygon","coordinates":[[[23.18,1.57],[23.39,1.57],[23.4,-0.22],[23.19,-0.23],[23.18,1.57]]]},"properties":{"Image":"M1129347305LC","Orbit":18570,"Incidence":48.31,"Emission":28.1,"Phase":20.21,"Slew":28.11,"SubSol Lat":-1.51,"SubSol Lon":335.03,"Sun Azi":181,"Resolution":1.15,"Url":"https://data.lroc.im-ldi.com/lroc/view_lroc/LRO-L-LROC-3-CDR-V1.0/M1129347305LC","Start Time":"2013-07-24 23:20:37.739+00","label":"M1129347305LC"}},{"type":"Feature","geometry":{"type":"Polygon","coordinates":[[[23.42,1.58],[23.6,1.59],[23.62,-0.23],[23.45,-0.24],[23.42,1.58]]]},"properties":{"Image":"M1129340193RC","Orbit":18569,"Incidence":47.53,"Emission":14.26,"Phase":33.27,"Slew":12.37,"SubSol Lat":-1.51,"SubSol Lon":336.03,"Sun Azi":181,"Resolution":1.05,"Url":"https://data.lroc.im-ldi.com/lroc/view_lroc/LRO-L-LROC-3-CDR-V1.0/M1129340193RC","Start Time":"2013-07-24 21:22:06.081+00","label":"M1129340193RC"}},{"type":"Feature","geometry":{"type":"Polygon","coordinates":[[[23.25,1.57],[23.43,1.58],[23.46,-0.24],[23.29,-0.24],[23.25,1.57]]]},"properties":{"Image":"M1129340193LC","Orbit":18569,"Incidence":47.37,"Emission":11.35,"Phase":36.02,"Slew":12.37,"SubSol Lat":-1.51,"SubSol Lon":336.03,"Sun Azi":181,"Resolution":1.04,"Url":"https://data.lroc.im-ldi.com/lroc/view_lroc/LRO-L-LROC-3-CDR-V1.0/M1129340193LC","Start Time":"2013-07-24 21:22:06.081+00","label":"M1129340193LC"}},{"type":"Feature","geometry":{"type":"Polygon","coordinates":[[[23.61,1.59],[23.78,1.59],[23.82,0.23],[23.65,0.23],[23.61,1.59]]]},"properties":{"Image":"M1129333081LC","Orbit":18568,"Incidence":46.74,"Emission":1.74,"Phase":48.48,"Slew":0.01,"SubSol Lat":-1.51,"SubSol Lon":337.04,"Sun Azi":182,"Resolution":0.89,"Url":"https://data.lroc.im-ldi.com/lroc/view_lroc/LRO-L-LROC-3-CDR-V1.0/M1129333081LC","Start Time":"2013-07-24 19:23:34.312+00","label":"M1129333081LC"}},{"type":"Feature","geometry":{"type":"Polygon","coordinates":[[[23.42,1.57],[23.62,1.57],[23.69,-0.24],[23.49,-0.25],[23.42,1.57]]]},"properties":{"Image":"M1129325970RC","Orbit":18567,"Incidence":45.56,"Emission":23.39,"Phase":68.95,"Slew":-23.15,"SubSol Lat":-1.51,"SubSol Lon":338.04,"Sun Azi":181,"Resolution":1.11,"Url":"https://data.lroc.im-ldi.com/lroc/view_lroc/LRO-L-LROC-3-CDR-V1.0/M1129325970RC","Start Time":"2013-07-24 17:25:02.856+00","label":"M1129325970RC"}},{"type":"Feature","geometry":{"type":"Polygon","coordinates":[[[23.22,1.56],[23.43,1.56],[23.5,-0.25],[23.3,-0.26],[23.22,1.56]]]},"properties":{"Image":"M1129325970LC","Orbit":18567,"Incidence":45.37,"Emission":26.34,"Phase":71.7,"Slew":-23.15,"SubSol Lat":-1.51,"SubSol Lon":338.04,"Sun Azi":182,"Resolution":1.13,"Url":"https://data.lroc.im-ldi.com/lroc/view_lroc/LRO-L-LROC-3-CDR-V1.0/M1129325970LC","Start Time":"2013-07-24 17:25:02.856+00","label":"M1129325970LC"}},{"type":"Feature","geometry":{"type":"Polygon","coordinates":[[[23.43,1.7],[23.62,1.71],[23.64,-0.11],[23.45,-0.11],[23.43,1.7]]]},"properties":{"Image":"M1126986303RC","Orbit":18238,"Incidence":74.5,"Emission":20.2,"Phase":54.3,"Slew":17.96,"SubSol Lat":-1.22,"SubSol Lon":309.06,"Sun Azi":180,"Resolution":1.08,"Url":"https://data.lroc.im-ldi.com/lroc/view_lroc/LRO-L-LROC-3-CDR-V1.0/M1126986303RC","Start Time":"2013-06-27 15:30:36.576+00","label":"M1126986303RC"}},{"type":"Feature","geometry":{"type":"Polygon","coordinates":[[[23.26,1.7],[23.44,1.7],[23.46,-0.12],[23.28,-0.12],[23.26,1.7]]]},"properties":{"Image":"M1126986303LC","Orbit":18238,"Incidence":74.32,"Emission":17.28,"Phase":57.05,"Slew":17.96,"SubSol Lat":-1.22,"SubSol Lon":309.06,"Sun Azi":180,"Resolution":1.07,"Url":"https://data.lroc.im-ldi.com/lroc/view_lroc/LRO-L-LROC-3-CDR-V1.0/M1126986303LC","Start Time":"2013-06-27 15:30:36.576+00","label":"M1126986303LC"}},{"type":"Feature","geometry":{"type":"Polygon","coordinates":[[[23.44,1.7],[23.61,1.7],[23.65,-0.11],[23.49,-0.12],[23.44,1.7]]]},"properties":{"Image":"M1126979192RC","Orbit":18237,"Incidence":73.51,"Emission":1.17,"Phase":72.34,"Slew":0,"SubSol Lat":-1.22,"SubSol Lon":310.06,"Sun Azi":180,"Resolution":1.02,"Url":"https://data.lroc.im-ldi.com/lroc/view_lroc/LRO-L-LROC-3-CDR-V1.0/M1126979192RC","Start Time":"2013-06-27 13:32:05.103+00","label":"M1126979192RC"}},{"type":"Feature","geometry":{"type":"Polygon","coordinates":[[[23.28,1.69],[23.45,1.69],[23.49,-0.12],[23.33,-0.13],[23.28,1.69]]]},"properties":{"Image":"M1126979192LC","Orbit":18237,"Incidence":73.35,"Emission":1.74,"Phase":75.09,"Slew":0,"SubSol Lat":-1.22,"SubSol Lon":310.06,"Sun Azi":180,"Resolution":1.02,"Url":"https://data.lroc.im-ldi.com/lroc/view_lroc/LRO-L-LROC-3-CDR-V1.0/M1126979192LC","Start Time":"2013-06-27 13:32:05.103+00","label":"M1126979192LC"}},{"type":"Feature","geometry":{"type":"Polygon","coordinates":[[[23.46,1.69],[23.64,1.69],[23.7,-0.12],[23.52,-0.13],[23.46,1.69]]]},"properties":{"Image":"M1126972080RC","Orbit":18236,"Incidence":72.54,"Emission":17.58,"Phase":90.12,"Slew":-17.7,"SubSol Lat":-1.22,"SubSol Lon":311.07,"Sun Azi":180,"Resolution":1.07,"Url":"https://data.lroc.im-ldi.com/lroc/view_lroc/LRO-L-LROC-3-CDR-V1.0/M1126972080RC","Start Time":"2013-06-27 11:33:33.62+00","label":"M1126972080RC"}},{"type":"Feature","geometry":{"type":"Polygon","coordinates":[[[23.28,1.68],[23.47,1.68],[23.53,-0.13],[23.34,-0.14],[23.28,1.68]]]},"properties":{"Image":"M1126972080LC","Orbit":18236,"Incidence":72.36,"Emission":20.51,"Phase":92.87,"Slew":-17.7,"SubSol Lat":-1.22,"SubSol Lon":311.07,"Sun Azi":180,"Resolution":1.08,"Url":"https://data.lroc.im-ldi.com/lroc/view_lroc/LRO-L-LROC-3-CDR-V1.0/M1126972080LC","Start Time":"2013-06-27 11:33:33.62+00","label":"M1126972080LC"}},{"type":"Feature","geometry":{"type":"Polygon","coordinates":[[[23.39,-0.19],[23.2,-0.18],[23.27,1.59],[23.46,1.58],[23.39,-0.19]]]},"properties":{"Image":"M1123448288RC","Orbit":17740,"Incidence":65.82,"Emission":24.12,"Phase":89.94,"Slew":-23.85,"SubSol Lat":-0.25,"SubSol Lon":89.14,"Sun Azi":181,"Resolution":1.1,"Url":"https://data.lroc.im-ldi.com/lroc/view_lroc/LRO-L-LROC-3-CDR-V1.0/M1123448288RC","Start Time":"2013-05-17 16:43:40.796+00","label":"M1123448288RC"}},{"type":"Feature","geometry":{"type":"Polygon","coordinates":[[[23.59,-0.19],[23.38,-0.18],[23.46,1.59],[23.67,1.58],[23.59,-0.19]]]},"properties":{"Image":"M1123448288LC","Orbit":17740,"Incidence":65.62,"Emission":27.06,"Phase":92.69,"Slew":-23.85,"SubSol Lat":-0.25,"SubSol Lon":89.14,"Sun Azi":182,"Resolution":1.12,"Url":"https://data.lroc.im-ldi.com/lroc/view_lroc/LRO-L-LROC-3-CDR-V1.0/M1123448288LC","Start Time":"2013-05-17 16:43:40.796+00","label":"M1123448288LC"}},{"type":"Feature","geometry":{"type":"Polygon","coordinates":[[[23.45,-0.18],[23.28,-0.18],[23.33,1.59],[23.5,1.59],[23.45,-0.18]]]},"properties":{"Image":"M1123441176RC","Orbit":17739,"Incidence":66.76,"Emission":6.69,"Phase":73.45,"Slew":-7.43,"SubSol Lat":-0.24,"SubSol Lon":90.15,"Sun Azi":181,"Resolution":1.02,"Url":"https://data.lroc.im-ldi.com/lroc/view_lroc/LRO-L-LROC-3-CDR-V1.0/M1123441176RC","Start Time":"2013-05-17 14:45:09.517+00","label":"M1123441176RC"}},{"type":"Feature","geometry":{"type":"Polygon","coordinates":[[[23.61,-0.19],[23.44,-0.18],[23.49,1.59],[23.66,1.59],[23.61,-0.19]]]},"properties":{"Image":"M1123441176LC","Orbit":17739,"Incidence":66.6,"Emission":9.6,"Phase":76.2,"Slew":-7.43,"SubSol Lat":-0.24,"SubSol Lon":90.15,"Sun Azi":181,"Resolution":1.02,"Url":"https://data.lroc.im-ldi.com/lroc/view_lroc/LRO-L-LROC-3-CDR-V1.0/M1123441176LC","Start Time":"2013-05-17 14:45:09.517+00","label":"M1123441176LC"}},{"type":"Feature","geometry":{"type":"Polygon","coordinates":[[[23.48,-0.18],[23.31,-0.18],[23.33,1.6],[23.5,1.59],[23.48,-0.18]]]},"properties":{"Image":"M1123434065RC","Orbit":17738,"Incidence":67.75,"Emission":12.77,"Phase":54.98,"Slew":10.96,"SubSol Lat":-0.24,"SubSol Lon":91.15,"Sun Azi":181,"Resolution":1.03,"Url":"https://data.lroc.im-ldi.com/lroc/view_lroc/LRO-L-LROC-3-CDR-V1.0/M1123434065RC","Start Time":"2013-05-17 12:46:38.263+00","label":"M1123434065RC"}},{"type":"Feature","geometry":{"type":"Polygon","coordinates":[[[23.64,-0.18],[23.47,-0.17],[23.5,1.6],[23.67,1.59],[23.64,-0.18]]]},"properties":{"Image":"M1123434065LC","Orbit":17738,"Incidence":67.59,"Emission":9.86,"Phase":57.73,"Slew":10.96,"SubSol Lat":-0.24,"SubSol Lon":91.15,"Sun Azi":181,"Resolution":1.02,"Url":"https://data.lroc.im-ldi.com/lroc/view_lroc/LRO-L-LROC-3-CDR-V1.0/M1123434065LC","Start Time":"2013-05-17 12:46:38.263+00","label":"M1123434065LC"}},{"type":"Feature","geometry":{"type":"Polygon","coordinates":[[[23.53,-0.17],[23.32,-0.16],[23.32,1.61],[23.54,1.6],[23.53,-0.17]]]},"properties":{"Image":"M1123426954RC","Orbit":17737,"Incidence":68.73,"Emission":29.9,"Phase":38.84,"Slew":27.03,"SubSol Lat":-0.24,"SubSol Lon":92.16,"Sun Azi":181,"Resolution":1.14,"Url":"https://data.lroc.im-ldi.com/lroc/view_lroc/LRO-L-LROC-3-CDR-V1.0/M1123426954RC","Start Time":"2013-05-17 10:48:07.073+00","label":"M1123426954RC"}},{"type":"Feature","geometry":{"type":"Polygon","coordinates":[[[23.73,-0.17],[23.52,-0.16],[23.53,1.61],[23.74,1.6],[23.73,-0.17]]]},"properties":{"Image":"M1123426954LC","Orbit":17737,"Incidence":68.53,"Emission":26.94,"Phase":41.59,"Slew":27.03,"SubSol Lat":-0.24,"SubSol Lon":92.16,"Sun Azi":181,"Resolution":1.13,"Url":"https://data.lroc.im-ldi.com/lroc/view_lroc/LRO-L-LROC-3-CDR-V1.0/M1123426954LC","Start Time":"2013-05-17 10:48:07.073+00","label":"M1123426954LC"}},{"type":"Feature","geometry":{"type":"Polygon","coordinates":[[[22.78,-0.27],[22.94,-0.26],[22.95,-0.3],[22.78,-0.3],[22.78,-0.27]]]},"properties":{"Image":"M1122271572RC","Orbit":17575,"Incidence":127.14,"Emission":1.17,"Phase":125.97,"Slew":0.01,"SubSol Lat":0.05,"SubSol Lon":255.73,"Sun Azi":179,"Resolution":0.99,"Url":"https://data.lroc.im-ldi.com/lroc/view_lroc/LRO-L-LROC-3-CDR-V1.0/M1122271572RC","Start Time":"2013-05-04 01:51:45.191+00","label":"M1122271572RC"}},{"type":"Feature","geometry":{"type":"Polygon","coordinates":[[[22.63,-0.28],[22.79,-0.27],[22.79,-0.31],[22.63,-0.31],[22.63,-0.28]]]},"properties":{"Image":"M1122271572LC","Orbit":17575,"Incidence":126.98,"Emission":1.74,"Phase":128.72,"Slew":0.01,"SubSol Lat":0.05,"SubSol Lon":255.73,"Sun Azi":179,"Resolution":0.99,"Url":"https://data.lroc.im-ldi.com/lroc/view_lroc/LRO-L-LROC-3-CDR-V1.0/M1122271572LC","Start Time":"2013-05-04 01:51:45.191+00","label":"M1122271572LC"}},{"type":"Feature","geometry":{"type":"Polygon","coordinates":[[[22.77,0.47],[22.93,0.47],[22.93,0.44],[22.77,0.43],[22.77,0.47]]]},"properties":{"Image":"M1122271558RC","Orbit":17575,"Incidence":127.12,"Emission":1.17,"Phase":125.95,"Slew":0.01,"SubSol Lat":0.05,"SubSol Lon":255.73,"Sun Azi":178,"Resolution":0.99,"Url":"https://data.lroc.im-ldi.com/lroc/view_lroc/LRO-L-LROC-3-CDR-V1.0/M1122271558RC","Start Time":"2013-05-04 01:51:30.816+00","label":"M1122271558RC"}},{"type":"Feature","geometry":{"type":"Polygon","coordinates":[[[22.61,0.46],[22.77,0.46],[22.77,0.43],[22.61,0.42],[22.61,0.46]]]},"properties":{"Image":"M1122271558LC","Orbit":17575,"Incidence":126.96,"Emission":1.74,"Phase":128.7,"Slew":0.01,"SubSol Lat":0.05,"SubSol Lon":255.73,"Sun Azi":178,"Resolution":0.99,"Url":"https://data.lroc.im-ldi.com/lroc/view_lroc/LRO-L-LROC-3-CDR-V1.0/M1122271558LC","Start Time":"2013-05-04 01:51:30.816+00","label":"M1122271558LC"}},{"type":"Feature","geometry":{"type":"Polygon","coordinates":[[[22.75,1.19],[22.91,1.2],[22.92,1.17],[22.75,1.16],[22.75,1.19]]]},"properties":{"Image":"M1122271543RC","Orbit":17575,"Incidence":127.09,"Emission":1.17,"Phase":125.93,"Slew":0.01,"SubSol Lat":0.05,"SubSol Lon":255.73,"Sun Azi":178,"Resolution":0.95,"Url":"https://data.lroc.im-ldi.com/lroc/view_lroc/LRO-L-LROC-3-CDR-V1.0/M1122271543RC","Start Time":"2013-05-04 01:51:16.585+00","label":"M1122271543RC"}},{"type":"Feature","geometry":{"type":"Polygon","coordinates":[[[22.59,1.18],[22.76,1.19],[22.76,1.16],[22.59,1.15],[22.59,1.18]]]},"properties":{"Image":"M1122271543LC","Orbit":17575,"Incidence":126.93,"Emission":1.74,"Phase":128.67,"Slew":0.01,"SubSol Lat":0.05,"SubSol Lon":255.73,"Sun Azi":178,"Resolution":0.96,"Url":"https://data.lroc.im-ldi.com/lroc/view_lroc/LRO-L-LROC-3-CDR-V1.0/M1122271543LC","Start Time":"2013-05-04 01:51:16.585+00","label":"M1122271543LC"}},{"type":"Feature","geometry":{"type":"Polygon","coordinates":[[[23.43,-0.03],[23.27,-0.03],[23.31,1.34],[23.48,1.34],[23.43,-0.03]]]},"properties":{"Image":"M1121088726RC","Orbit":17409,"Incidence":39.15,"Emission":17.92,"Phase":57.06,"Slew":-18.09,"SubSol Lat":0.5,"SubSol Lon":62.52,"Sun Azi":182,"Resolution":0.9,"Url":"https://data.lroc.im-ldi.com/lroc/view_lroc/LRO-L-LROC-3-CDR-V1.0/M1121088726RC","Start Time":"2013-04-20 09:17:39.21+00","label":"M1121088726RC"}},{"type":"Feature","geometry":{"type":"Polygon","coordinates":[[[23.6,-0.03],[23.43,-0.03],[23.48,1.34],[23.65,1.34],[23.6,-0.03]]]},"properties":{"Image":"M1121088726LC","Orbit":17409,"Incidence":38.98,"Emission":20.84,"Phase":59.81,"Slew":-18.09,"SubSol Lat":0.5,"SubSol Lon":62.52,"Sun Azi":182,"Resolution":0.91,"Url":"https://data.lroc.im-ldi.com/lroc/view_lroc/LRO-L-LROC-3-CDR-V1.0/M1121088726LC","Start Time":"2013-04-20 09:17:39.21+00","label":"M1121088726LC"}},{"type":"Feature","geometry":{"type":"Polygon","coordinates":[[[23.52,-0.02],[23.37,-0.02],[23.4,1.35],[23.56,1.35],[23.52,-0.02]]]},"properties":{"Image":"M1121081627RC","Orbit":17407,"Incidence":40.06,"Emission":1.17,"Phase":38.89,"Slew":0.01,"SubSol Lat":0.51,"SubSol Lon":63.52,"Sun Azi":181,"Resolution":0.85,"Url":"https://data.lroc.im-ldi.com/lroc/view_lroc/LRO-L-LROC-3-CDR-V1.0/M1121081627RC","Start Time":"2013-04-20 07:19:19.86+00","label":"M1121081627RC"}},{"type":"Feature","geometry":{"type":"Polygon","coordinates":[[[23.67,-0.02],[23.52,-0.02],[23.55,1.35],[23.7,1.35],[23.67,-0.02]]]},"properties":{"Image":"M1121081627LC","Orbit":17407,"Incidence":39.91,"Emission":1.73,"Phase":41.65,"Slew":0.01,"SubSol Lat":0.51,"SubSol Lon":63.52,"Sun Azi":182,"Resolution":0.86,"Url":"https://data.lroc.im-ldi.com/lroc/view_lroc/LRO-L-LROC-3-CDR-V1.0/M1121081627LC","Start Time":"2013-04-20 07:19:19.86+00","label":"M1121081627LC"}},{"type":"Feature","geometry":{"type":"Polygon","coordinates":[[[23.52,-0.01],[23.34,-0.01],[23.35,1.36],[23.53,1.36],[23.52,-0.01]]]},"properties":{"Image":"M1121074527RC","Orbit":17406,"Incidence":41.09,"Emission":22.22,"Phase":18.88,"Slew":19.95,"SubSol Lat":0.51,"SubSol Lon":64.53,"Sun Azi":181,"Resolution":0.92,"Url":"https://data.lroc.im-ldi.com/lroc/view_lroc/LRO-L-LROC-3-CDR-V1.0/M1121074527RC","Start Time":"2013-04-20 05:21:00.394+00","label":"M1121074527RC"}},{"type":"Feature","geometry":{"type":"Polygon","coordinates":[[[23.68,-0.01],[23.51,-0.01],[23.52,1.36],[23.69,1.36],[23.68,-0.01]]]},"properties":{"Image":"M1121074527LC","Orbit":17406,"Incidence":40.92,"Emission":19.3,"Phase":21.63,"Slew":19.95,"SubSol Lat":0.51,"SubSol Lon":64.53,"Sun Azi":182,"Resolution":0.91,"Url":"https://data.lroc.im-ldi.com/lroc/view_lroc/LRO-L-LROC-3-CDR-V1.0/M1121074527LC","Start Time":"2013-04-20 05:21:00.394+00","label":"M1121074527LC"}},{"type":"Feature","geometry":{"type":"Polygon","coordinates":[[[23.4,-0.06],[23.19,-0.05],[23.24,1.31],[23.46,1.31],[23.4,-0.06]]]},"properties":{"Image":"M1118738086RC","Orbit":17078,"Incidence":10.98,"Emission":30.63,"Phase":41.58,"Slew":-29.99,"SubSol Lat":1.14,"SubSol Lon":34.29,"Sun Azi":185,"Resolution":1.02,"Url":"https://data.lroc.im-ldi.com/lroc/view_lroc/LRO-L-LROC-3-CDR-V1.0/M1118738086RC","Start Time":"2013-03-24 04:20:19.268+00","label":"M1118738086RC"}},{"type":"Feature","geometry":{"type":"Polygon","coordinates":[[[23.61,-0.06],[23.39,-0.05],[23.45,1.31],[23.67,1.31],[23.61,-0.06]]]},"properties":{"Image":"M1118738086LC","Orbit":17078,"Incidence":10.77,"Emission":33.59,"Phase":44.34,"Slew":-29.99,"SubSol Lat":1.14,"SubSol Lon":34.29,"Sun Azi":186,"Resolution":1.04,"Url":"https://data.lroc.im-ldi.com/lroc/view_lroc/LRO-L-LROC-3-CDR-V1.0/M1118738086LC","Start Time":"2013-03-24 04:20:19.268+00","label":"M1118738086LC"}},{"type":"Feature","geometry":{"type":"Polygon","coordinates":[[[23.44,-0.04],[23.28,-0.04],[23.32,1.33],[23.49,1.32],[23.44,-0.04]]]},"properties":{"Image":"M1118730984RC","Orbit":17077,"Incidence":11.91,"Emission":13.71,"Phase":25.61,"Slew":-14.09,"SubSol Lat":1.14,"SubSol Lon":35.29,"Sun Azi":184,"Resolution":0.89,"Url":"https://data.lroc.im-ldi.com/lroc/view_lroc/LRO-L-LROC-3-CDR-V1.0/M1118730984RC","Start Time":"2013-03-24 02:21:57.01+00","label":"M1118730984RC"}},{"type":"Feature","geometry":{"type":"Polygon","coordinates":[[[23.61,-0.04],[23.44,-0.04],[23.48,1.33],[23.65,1.32],[23.61,-0.04]]]},"properties":{"Image":"M1118730984LC","Orbit":17077,"Incidence":11.75,"Emission":16.62,"Phase":28.36,"Slew":-14.09,"SubSol Lat":1.14,"SubSol Lon":35.29,"Sun Azi":184,"Resolution":0.9,"Url":"https://data.lroc.im-ldi.com/lroc/view_lroc/LRO-L-LROC-3-CDR-V1.0/M1118730984LC","Start Time":"2013-03-24 02:21:57.01+00","label":"M1118730984LC"}},{"type":"Feature","geometry":{"type":"Polygon","coordinates":[[[23.48,-0.04],[23.32,-0.04],[23.34,1.33],[23.5,1.33],[23.48,-0.04]]]},"properties":{"Image":"M1118723881RC","Orbit":17075,"Incidence":12.89,"Emission":6.43,"Phase":6.47,"Slew":5,"SubSol Lat":1.15,"SubSol Lon":36.29,"Sun Azi":184,"Resolution":0.87,"Url":"https://data.lroc.im-ldi.com/lroc/view_lroc/LRO-L-LROC-3-CDR-V1.0/M1118723881RC","Start Time":"2013-03-24 00:23:34.454+00","label":"M1118723881RC"}},{"type":"Feature","geometry":{"type":"Polygon","coordinates":[[[23.63,-0.04],[23.47,-0.04],[23.49,1.33],[23.65,1.33],[23.63,-0.04]]]},"properties":{"Image":"M1118723881LC","Orbit":17075,"Incidence":12.73,"Emission":3.53,"Phase":9.22,"Slew":5,"SubSol Lat":1.15,"SubSol Lon":36.29,"Sun Azi":184,"Resolution":0.87,"Url":"https://data.lroc.im-ldi.com/lroc/view_lroc/LRO-L-LROC-3-CDR-V1.0/M1118723881LC","Start Time":"2013-03-24 00:23:34.454+00","label":"M1118723881LC"}},{"type":"Feature","geometry":{"type":"Polygon","coordinates":[[[23.52,-0.04],[23.33,-0.04],[23.33,1.33],[23.53,1.33],[23.52,-0.04]]]},"properties":{"Image":"M1118716779RC","Orbit":17074,"Incidence":13.86,"Emission":25.47,"Phase":11.66,"Slew":22.98,"SubSol Lat":1.15,"SubSol Lon":37.29,"Sun Azi":184,"Resolution":0.96,"Url":"https://data.lroc.im-ldi.com/lroc/view_lroc/LRO-L-LROC-3-CDR-V1.0/M1118716779RC","Start Time":"2013-03-23 22:25:11.803+00","label":"M1118716779RC"}},{"type":"Feature","geometry":{"type":"Polygon","coordinates":[[[23.69,-0.04],[23.51,-0.04],[23.52,1.33],[23.7,1.33],[23.69,-0.04]]]},"properties":{"Image":"M1118716779LC","Orbit":17074,"Incidence":13.69,"Emission":22.54,"Phase":8.92,"Slew":22.98,"SubSol Lat":1.15,"SubSol Lon":37.29,"Sun Azi":184,"Resolution":0.95,"Url":"https://data.lroc.im-ldi.com/lroc/view_lroc/LRO-L-LROC-3-CDR-V1.0/M1118716779LC","Start Time":"2013-03-23 22:25:11.803+00","label":"M1118716779LC"}},{"type":"Feature","geometry":{"type":"Polygon","coordinates":[[[23.42,-0.02],[23.48,1.35],[23.69,1.34],[23.63,-0.02],[23.42,-0.02]]]},"properties":{"Image":"M1116379787RC","Orbit":16746,"Incidence":16.83,"Emission":29.39,"Phase":12.58,"Slew":-26.63,"SubSol Lat":1.52,"SubSol Lon":6.74,"Sun Azi":178,"Resolution":1,"Url":"https://data.lroc.im-ldi.com/lroc/view_lroc/LRO-L-LROC-3-CDR-V1.0/M1116379787RC","Start Time":"2013-02-24 21:15:19.914+00","label":"M1116379787RC"}},{"type":"Feature","geometry":{"type":"Polygon","coordinates":[[[23.23,-0.02],[23.29,1.35],[23.48,1.34],[23.43,-0.02],[23.23,-0.02]]]},"properties":{"Image":"M1116379787LC","Orbit":16746,"Incidence":16.64,"Emission":26.45,"Phase":9.83,"Slew":-26.63,"SubSol Lat":1.52,"SubSol Lon":6.74,"Sun Azi":178,"Resolution":0.99,"Url":"https://data.lroc.im-ldi.com/lroc/view_lroc/LRO-L-LROC-3-CDR-V1.0/M1116379787LC","Start Time":"2013-02-24 21:15:19.914+00","label":"M1116379787LC"}},{"type":"Feature","geometry":{"type":"Polygon","coordinates":[[[23.45,-0.02],[23.49,1.35],[23.66,1.34],[23.62,-0.02],[23.45,-0.02]]]},"properties":{"Image":"M1116372683RC","Orbit":16745,"Incidence":15.84,"Emission":11.35,"Phase":4.52,"Slew":-9.66,"SubSol Lat":1.52,"SubSol Lon":7.74,"Sun Azi":178,"Resolution":0.89,"Url":"https://data.lroc.im-ldi.com/lroc/view_lroc/LRO-L-LROC-3-CDR-V1.0/M1116372683RC","Start Time":"2013-02-24 19:16:56.533+00","label":"M1116372683RC"}},{"type":"Feature","geometry":{"type":"Polygon","coordinates":[[[23.3,-0.02],[23.33,1.35],[23.5,1.34],[23.46,-0.02],[23.3,-0.02]]]},"properties":{"Image":"M1116372683LC","Orbit":16745,"Incidence":15.68,"Emission":8.44,"Phase":7.25,"Slew":-9.66,"SubSol Lat":1.52,"SubSol Lon":7.74,"Sun Azi":178,"Resolution":0.88,"Url":"https://data.lroc.im-ldi.com/lroc/view_lroc/LRO-L-LROC-3-CDR-V1.0/M1116372683LC","Start Time":"2013-02-24 19:16:56.533+00","label":"M1116372683LC"}},{"type":"Feature","geometry":{"type":"Polygon","coordinates":[[[23.47,-0.01],[23.49,1.35],[23.66,1.35],[23.63,-0.02],[23.47,-0.01]]]},"properties":{"Image":"M1116365580RC","Orbit":16744,"Incidence":14.85,"Emission":8.98,"Phase":23.83,"Slew":9.61,"SubSol Lat":1.52,"SubSol Lon":8.73,"Sun Azi":178,"Resolution":0.88,"Url":"https://data.lroc.im-ldi.com/lroc/view_lroc/LRO-L-LROC-3-CDR-V1.0/M1116365580RC","Start Time":"2013-02-24 17:18:33.135+00","label":"M1116365580RC"}},{"type":"Feature","geometry":{"type":"Polygon","coordinates":[[[23.32,-0.01],[23.33,1.35],[23.5,1.35],[23.48,-0.02],[23.32,-0.01]]]},"properties":{"Image":"M1116365580LC","Orbit":16744,"Incidence":14.7,"Emission":11.89,"Phase":26.58,"Slew":9.61,"SubSol Lat":1.52,"SubSol Lon":8.73,"Sun Azi":178,"Resolution":0.89,"Url":"https://data.lroc.im-ldi.com/lroc/view_lroc/LRO-L-LROC-3-CDR-V1.0/M1116365580LC","Start Time":"2013-02-24 17:18:33.135+00","label":"M1116365580LC"}},{"type":"Feature","geometry":{"type":"Polygon","coordinates":[[[23.52,-0.02],[23.52,1.35],[23.72,1.35],[23.72,-0.02],[23.52,-0.02]]]},"properties":{"Image":"M1116358477RC","Orbit":16742,"Incidence":13.91,"Emission":26.83,"Phase":40.73,"Slew":26.43,"SubSol Lat":1.52,"SubSol Lon":9.73,"Sun Azi":177,"Resolution":0.98,"Url":"https://data.lroc.im-ldi.com/lroc/view_lroc/LRO-L-LROC-3-CDR-V1.0/M1116358477RC","Start Time":"2013-02-24 15:20:09.623+00","label":"M1116358477RC"}},{"type":"Feature","geometry":{"type":"Polygon","coordinates":[[[23.32,-0.01],[23.32,1.35],[23.53,1.35],[23.53,-0.02],[23.32,-0.01]]]},"properties":{"Image":"M1116358477LC","Orbit":16742,"Incidence":13.72,"Emission":29.77,"Phase":43.48,"Slew":26.43,"SubSol Lat":1.52,"SubSol Lon":9.73,"Sun Azi":177,"Resolution":1,"Url":"https://data.lroc.im-ldi.com/lroc/view_lroc/LRO-L-LROC-3-CDR-V1.0/M1116358477LC","Start Time":"2013-02-24 15:20:09.623+00","label":"M1116358477LC"}},{"type":"Feature","geometry":{"type":"Polygon","coordinates":[[[23.49,1.11],[23.48,0.17],[23.4,0.17],[23.41,1.11],[23.49,1.11]]]},"properties":{"Image":"M111443315RC","Orbit":1557,"Incidence":26.24,"Emission":0.93,"Phase":27.17,"Slew":2,"SubSol Lat":-1.54,"SubSol Lon":49.6,"Sun Azi":176,"Resolution":0.52,"Url":"https://data.lroc.im-ldi.com/lroc/view_lroc/LRO-L-LROC-3-CDR-V1.0/M111443315RC","Start Time":"2009-10-29 08:14:07.674+00","label":"M111443315RC"}},{"type":"Feature","geometry":{"type":"Polygon","coordinates":[[[23.57,1.11],[23.56,0.17],[23.47,0.17],[23.49,1.12],[23.57,1.11]]]},"properties":{"Image":"M111443315LC","Orbit":1557,"Incidence":26.16,"Emission":3.75,"Phase":29.91,"Slew":2,"SubSol Lat":-1.54,"SubSol Lon":49.6,"Sun Azi":176,"Resolution":0.52,"Url":"https://data.lroc.im-ldi.com/lroc/view_lroc/LRO-L-LROC-3-CDR-V1.0/M111443315LC","Start Time":"2009-10-29 08:14:07.674+00","label":"M111443315LC"}},{"type":"Feature","geometry":{"type":"Polygon","coordinates":[[[23.11,0.24],[23.19,1.6],[23.54,1.6],[23.45,0.24],[23.11,0.24]]]},"properties":{"Image":"M1114035714RC","Orbit":16416,"Incidence":46.45,"Emission":48.12,"Phase":1.67,"Slew":-43.72,"SubSol Lat":1.52,"SubSol Lon":336.85,"Sun Azi":180,"Resolution":1.37,"Url":"https://data.lroc.im-ldi.com/lroc/view_lroc/LRO-L-LROC-3-CDR-V1.0/M1114035714RC","Start Time":"2013-01-28 18:07:26.998+00","label":"M1114035714RC"}},{"type":"Feature","geometry":{"type":"Polygon","coordinates":[[[22.8,0.24],[22.88,1.6],[23.2,1.6],[23.12,0.24],[22.8,0.24]]]},"properties":{"Image":"M1114035714LC","Orbit":16416,"Incidence":46.13,"Emission":45.05,"Phase":1.08,"Slew":-43.72,"SubSol Lat":1.52,"SubSol Lon":336.85,"Sun Azi":180,"Resolution":1.33,"Url":"https://data.lroc.im-ldi.com/lroc/view_lroc/LRO-L-LROC-3-CDR-V1.0/M1114035714LC","Start Time":"2013-01-28 18:07:26.998+00","label":"M1114035714LC"}},{"type":"Feature","geometry":{"type":"Polygon","coordinates":[[[23.29,-0.31],[23.35,1.42],[23.53,1.42],[23.47,-0.31],[23.29,-0.31]]]},"properties":{"Image":"M1114021499RC","Orbit":16413,"Incidence":44.56,"Emission":22.43,"Phase":22.13,"Slew":-20.09,"SubSol Lat":1.52,"SubSol Lon":338.85,"Sun Azi":180,"Resolution":1.05,"Url":"https://data.lroc.im-ldi.com/lroc/view_lroc/LRO-L-LROC-3-CDR-V1.0/M1114021499RC","Start Time":"2013-01-28 14:10:31.807+00","label":"M1114021499RC"}},{"type":"Feature","geometry":{"type":"Polygon","coordinates":[[[23.11,-0.31],[23.17,1.42],[23.35,1.42],[23.29,-0.31],[23.11,-0.31]]]},"properties":{"Image":"M1114021499LC","Orbit":16413,"Incidence":44.38,"Emission":19.51,"Phase":24.88,"Slew":-20.09,"SubSol Lat":1.52,"SubSol Lon":338.85,"Sun Azi":180,"Resolution":1.05,"Url":"https://data.lroc.im-ldi.com/lroc/view_lroc/LRO-L-LROC-3-CDR-V1.0/M1114021499LC","Start Time":"2013-01-28 14:10:31.807+00","label":"M1114021499LC"}},{"type":"Feature","geometry":{"type":"Polygon","coordinates":[[[23.34,-0.31],[23.38,1.42],[23.54,1.42],[23.5,-0.31],[23.34,-0.31]]]},"properties":{"Image":"M1114014396RC","Orbit":16412,"Incidence":43.6,"Emission":3.83,"Phase":39.77,"Slew":-2.53,"SubSol Lat":1.52,"SubSol Lon":339.85,"Sun Azi":180,"Resolution":0.98,"Url":"https://data.lroc.im-ldi.com/lroc/view_lroc/LRO-L-LROC-3-CDR-V1.0/M1114014396RC","Start Time":"2013-01-28 12:12:09.328+00","label":"M1114014396RC"}},{"type":"Feature","geometry":{"type":"Polygon","coordinates":[[[23.19,-0.31],[23.22,1.42],[23.39,1.42],[23.35,-0.31],[23.19,-0.31]]]},"properties":{"Image":"M1114014396LC","Orbit":16412,"Incidence":43.44,"Emission":0.92,"Phase":42.52,"Slew":-2.53,"SubSol Lat":1.52,"SubSol Lon":339.85,"Sun Azi":180,"Resolution":0.98,"Url":"https://data.lroc.im-ldi.com/lroc/view_lroc/LRO-L-LROC-3-CDR-V1.0/M1114014396LC","Start Time":"2013-01-28 12:12:09.328+00","label":"M1114014396LC"}},{"type":"Feature","geometry":{"type":"Polygon","coordinates":[[[23.36,-0.3],[23.37,1.43],[23.55,1.43],[23.53,-0.3],[23.36,-0.3]]]},"properties":{"Image":"M1114007294RC","Orbit":16411,"Incidence":42.61,"Emission":16.12,"Phase":58.73,"Slew":16.35,"SubSol Lat":1.52,"SubSol Lon":340.84,"Sun Azi":180,"Resolution":1.02,"Url":"https://data.lroc.im-ldi.com/lroc/view_lroc/LRO-L-LROC-3-CDR-V1.0/M1114007294RC","Start Time":"2013-01-28 10:13:47.01+00","label":"M1114007294RC"}},{"type":"Feature","geometry":{"type":"Polygon","coordinates":[[[23.19,-0.3],[23.2,1.43],[23.38,1.43],[23.36,-0.3],[23.19,-0.3]]]},"properties":{"Image":"M1114007294LC","Orbit":16411,"Incidence":42.44,"Emission":19.04,"Phase":61.48,"Slew":16.35,"SubSol Lat":1.52,"SubSol Lon":340.84,"Sun Azi":180,"Resolution":1.03,"Url":"https://data.lroc.im-ldi.com/lroc/view_lroc/LRO-L-LROC-3-CDR-V1.0/M1114007294LC","Start Time":"2013-01-28 10:13:47.01+00","label":"M1114007294LC"}},{"type":"Feature","geometry":{"type":"Polygon","coordinates":[[[21.29,0.11],[21.32,1.28],[21.48,1.27],[21.46,0.11],[21.29,0.11]]]},"properties":{"Image":"M1111670621RC","Orbit":16083,"Incidence":71.64,"Emission":1.17,"Phase":70.47,"Slew":-0.01,"SubSol Lat":1.14,"SubSol Lon":309.73,"Sun Azi":180,"Resolution":1,"Url":"https://data.lroc.im-ldi.com/lroc/view_lroc/LRO-L-LROC-3-CDR-V1.0/M1111670621RC","Start Time":"2013-01-01 09:09:14.188+00","label":"M1111670621RC"}},{"type":"Feature","geometry":{"type":"Polygon","coordinates":[[[22.37,0.11],[22.39,1.07],[22.55,1.07],[22.53,0.11],[22.37,0.11]]]},"properties":{"Image":"M1111663519RC","Orbit":16082,"Incidence":71.72,"Emission":1.17,"Phase":70.55,"Slew":-0.01,"SubSol Lat":1.14,"SubSol Lon":310.73,"Sun Azi":180,"Resolution":1,"Url":"https://data.lroc.im-ldi.com/lroc/view_lroc/LRO-L-LROC-3-CDR-V1.0/M1111663519RC","Start Time":"2013-01-01 07:10:52.256+00","label":"M1111663519RC"}},{"type":"Feature","geometry":{"type":"Polygon","coordinates":[[[22.22,0.11],[22.23,1.07],[22.4,1.06],[22.38,0.1],[22.22,0.11]]]},"properties":{"Image":"M1111663519LC","Orbit":16082,"Incidence":71.57,"Emission":1.74,"Phase":73.3,"Slew":-0.01,"SubSol Lat":1.14,"SubSol Lon":310.73,"Sun Azi":181,"Resolution":1,"Url":"https://data.lroc.im-ldi.com/lroc/view_lroc/LRO-L-LROC-3-CDR-V1.0/M1111663519LC","Start Time":"2013-01-01 07:10:52.256+00","label":"M1111663519LC"}},{"type":"Feature","geometry":{"type":"Polygon","coordinates":[[[23.45,-0.05],[23.48,1.7],[23.65,1.7],[23.61,-0.05],[23.45,-0.05]]]},"properties":{"Image":"M1111656414RC","Orbit":16080,"Incidence":71.8,"Emission":1.17,"Phase":70.64,"Slew":-0.01,"SubSol Lat":1.14,"SubSol Lon":311.73,"Sun Azi":180,"Resolution":1,"Url":"https://data.lroc.im-ldi.com/lroc/view_lroc/LRO-L-LROC-3-CDR-V1.0/M1111656414RC","Start Time":"2013-01-01 05:12:27.225+00","label":"M1111656414RC"}},{"type":"Feature","geometry":{"type":"Polygon","coordinates":[[[23.29,-0.05],[23.32,1.7],[23.49,1.7],[23.45,-0.05],[23.29,-0.05]]]},"properties":{"Image":"M1111656414LC","Orbit":16080,"Incidence":71.65,"Emission":1.74,"Phase":73.39,"Slew":-0.01,"SubSol Lat":1.14,"SubSol Lon":311.73,"Sun Azi":181,"Resolution":1,"Url":"https://data.lroc.im-ldi.com/lroc/view_lroc/LRO-L-LROC-3-CDR-V1.0/M1111656414LC","Start Time":"2013-01-01 05:12:27.225+00","label":"M1111656414LC"}},{"type":"Feature","geometry":{"type":"Polygon","coordinates":[[[22.23,1.17],[22.23,1.21],[22.41,1.2],[22.41,1.17],[22.23,1.17]]]},"properties":{"Image":"M1109307936RC","Orbit":15751,"Incidence":100.03,"Emission":1.18,"Phase":98.85,"Slew":0.01,"SubSol Lat":0.48,"SubSol Lon":282.28,"Sun Azi":181,"Resolution":1.04,"Url":"https://data.lroc.im-ldi.com/lroc/view_lroc/LRO-L-LROC-3-CDR-V1.0/M1109307936RC","Start Time":"2012-12-05 00:51:09.477+00","label":"M1109307936RC"}},{"type":"Feature","geometry":{"type":"Polygon","coordinates":[[[22.06,1.17],[22.06,1.21],[22.24,1.2],[22.24,1.17],[22.06,1.17]]]},"properties":{"Image":"M1109307936LC","Orbit":15751,"Incidence":99.86,"Emission":1.74,"Phase":101.6,"Slew":0.01,"SubSol Lat":0.48,"SubSol Lon":282.28,"Sun Azi":181,"Resolution":1.05,"Url":"https://data.lroc.im-ldi.com/lroc/view_lroc/LRO-L-LROC-3-CDR-V1.0/M1109307936LC","Start Time":"2012-12-05 00:51:09.477+00","label":"M1109307936LC"}},{"type":"Feature","geometry":{"type":"Polygon","coordinates":[[[22.22,0.44],[22.22,0.48],[22.4,0.47],[22.4,0.44],[22.22,0.44]]]},"properties":{"Image":"M1109307922RC","Orbit":15751,"Incidence":100.02,"Emission":1.18,"Phase":98.85,"Slew":0.01,"SubSol Lat":0.48,"SubSol Lon":282.28,"Sun Azi":181,"Resolution":1.03,"Url":"https://data.lroc.im-ldi.com/lroc/view_lroc/LRO-L-LROC-3-CDR-V1.0/M1109307922RC","Start Time":"2012-12-05 00:50:55.071+00","label":"M1109307922RC"}},{"type":"Feature","geometry":{"type":"Polygon","coordinates":[[[22.05,0.44],[22.05,0.47],[22.23,0.47],[22.23,0.44],[22.05,0.44]]]},"properties":{"Image":"M1109307922LC","Orbit":15751,"Incidence":99.85,"Emission":1.74,"Phase":101.6,"Slew":0.01,"SubSol Lat":0.48,"SubSol Lon":282.28,"Sun Azi":181,"Resolution":1.03,"Url":"https://data.lroc.im-ldi.com/lroc/view_lroc/LRO-L-LROC-3-CDR-V1.0/M1109307922LC","Start Time":"2012-12-05 00:50:55.071+00","label":"M1109307922LC"}},{"type":"Feature","geometry":{"type":"Polygon","coordinates":[[[22.21,-0.29],[22.21,-0.25],[22.38,-0.26],[22.38,-0.29],[22.21,-0.29]]]},"properties":{"Image":"M1109307908RC","Orbit":15750,"Incidence":100.01,"Emission":1.18,"Phase":98.84,"Slew":0.01,"SubSol Lat":0.48,"SubSol Lon":282.28,"Sun Azi":181,"Resolution":1.02,"Url":"https://data.lroc.im-ldi.com/lroc/view_lroc/LRO-L-LROC-3-CDR-V1.0/M1109307908RC","Start Time":"2012-12-05 00:50:40.697+00","label":"M1109307908RC"}},{"type":"Feature","geometry":{"type":"Polygon","coordinates":[[[22.04,-0.29],[22.04,-0.26],[22.21,-0.26],[22.21,-0.29],[22.04,-0.29]]]},"properties":{"Image":"M1109307908LC","Orbit":15750,"Incidence":99.84,"Emission":1.74,"Phase":101.59,"Slew":0.01,"SubSol Lat":0.48,"SubSol Lon":282.28,"Sun Azi":181,"Resolution":1.02,"Url":"https://data.lroc.im-ldi.com/lroc/view_lroc/LRO-L-LROC-3-CDR-V1.0/M1109307908LC","Start Time":"2012-12-05 00:50:40.697+00","label":"M1109307908LC"}},{"type":"Feature","geometry":{"type":"Polygon","coordinates":[[[21.99,2.2],[22.01,0.85],[21.84,0.85],[21.81,2.2],[21.99,2.2]]]},"properties":{"Image":"M1105781421RC","Orbit":15257,"Incidence":36.92,"Emission":1.18,"Phase":35.76,"Slew":-0.01,"SubSol Lat":-0.65,"SubSol Lon":58.78,"Sun Azi":176,"Resolution":0.92,"Url":"https://data.lroc.im-ldi.com/lroc/view_lroc/LRO-L-LROC-3-CDR-V1.0/M1105781421RC","Start Time":"2012-10-25 05:15:54.425+00","label":"M1105781421RC"}},{"type":"Feature","geometry":{"type":"Polygon","coordinates":[[[22.16,2.21],[22.18,0.86],[22.01,0.86],[21.98,2.21],[22.16,2.21]]]},"properties":{"Image":"M1105781421LC","Orbit":15257,"Incidence":36.75,"Emission":1.74,"Phase":38.49,"Slew":-0.01,"SubSol Lat":-0.65,"SubSol Lon":58.78,"Sun Azi":176,"Resolution":0.92,"Url":"https://data.lroc.im-ldi.com/lroc/view_lroc/LRO-L-LROC-3-CDR-V1.0/M1105781421LC","Start Time":"2012-10-25 05:15:54.425+00","label":"M1105781421LC"}},{"type":"Feature","geometry":{"type":"Polygon","coordinates":[[[23.08,1.97],[23.11,0.62],[22.93,0.62],[22.91,1.97],[23.08,1.97]]]},"properties":{"Image":"M1105774283RC","Orbit":15256,"Incidence":36.82,"Emission":1.17,"Phase":35.66,"Slew":-0.01,"SubSol Lat":-0.65,"SubSol Lon":59.78,"Sun Azi":176,"Resolution":0.92,"Url":"https://data.lroc.im-ldi.com/lroc/view_lroc/LRO-L-LROC-3-CDR-V1.0/M1105774283RC","Start Time":"2012-10-25 03:16:56.196+00","label":"M1105774283RC"}},{"type":"Feature","geometry":{"type":"Polygon","coordinates":[[[23.25,1.98],[23.28,0.63],[23.1,0.63],[23.08,1.98],[23.25,1.98]]]},"properties":{"Image":"M1105774283LC","Orbit":15256,"Incidence":36.65,"Emission":1.75,"Phase":38.4,"Slew":-0.01,"SubSol Lat":-0.65,"SubSol Lon":59.78,"Sun Azi":176,"Resolution":0.92,"Url":"https://data.lroc.im-ldi.com/lroc/view_lroc/LRO-L-LROC-3-CDR-V1.0/M1105774283LC","Start Time":"2012-10-25 03:16:56.196+00","label":"M1105774283LC"}},{"type":"Feature","geometry":{"type":"Polygon","coordinates":[[[23.15,1.13],[23.18,-0.23],[23,-0.23],[22.98,1.12],[23.15,1.13]]]},"properties":{"Image":"M1103417010RC","Orbit":14926,"Incidence":9.42,"Emission":1.18,"Phase":8.29,"Slew":-0.01,"SubSol Lat":-1.24,"SubSol Lon":32.34,"Sun Azi":168,"Resolution":0.92,"Url":"https://data.lroc.im-ldi.com/lroc/view_lroc/LRO-L-LROC-3-CDR-V1.0/M1103417010RC","Start Time":"2012-09-27 20:29:03.419+00","label":"M1103417010RC"}},{"type":"Feature","geometry":{"type":"Polygon","coordinates":[[[23.32,1.14],[23.34,-0.22],[23.17,-0.22],[23.15,1.13],[23.32,1.14]]]},"properties":{"Image":"M1103417010LC","Orbit":14926,"Incidence":9.25,"Emission":1.75,"Phase":10.97,"Slew":-0.01,"SubSol Lat":-1.24,"SubSol Lon":32.34,"Sun Azi":168,"Resolution":0.92,"Url":"https://data.lroc.im-ldi.com/lroc/view_lroc/LRO-L-LROC-3-CDR-V1.0/M1103417010LC","Start Time":"2012-09-27 20:29:03.419+00","label":"M1103417010LC"}},{"type":"Feature","geometry":{"type":"Polygon","coordinates":[[[23.24,1.77],[23.42,1.78],[23.45,-0.1],[23.27,-0.1],[23.24,1.77]]]},"properties":{"Image":"M1098701979RC","Orbit":14266,"Incidence":44.73,"Emission":1.18,"Phase":43.56,"Slew":0,"SubSol Lat":-1.48,"SubSol Lon":338.67,"Sun Azi":182,"Resolution":1.08,"Url":"https://data.lroc.im-ldi.com/lroc/view_lroc/LRO-L-LROC-3-CDR-V1.0/M1098701979RC","Start Time":"2012-08-04 06:45:12.4+00","label":"M1098701979RC"}},{"type":"Feature","geometry":{"type":"Polygon","coordinates":[[[23.07,1.76],[23.25,1.77],[23.28,-0.11],[23.1,-0.11],[23.07,1.76]]]},"properties":{"Image":"M1098701979LC","Orbit":14266,"Incidence":44.56,"Emission":1.75,"Phase":46.31,"Slew":0,"SubSol Lat":-1.48,"SubSol Lon":338.67,"Sun Azi":182,"Resolution":1.08,"Url":"https://data.lroc.im-ldi.com/lroc/view_lroc/LRO-L-LROC-3-CDR-V1.0/M1098701979LC","Start Time":"2012-08-04 06:45:12.4+00","label":"M1098701979LC"}},{"type":"Feature","geometry":{"type":"Polygon","coordinates":[[[22.31,-0.77],[22.48,-0.77],[22.5,-1.66],[22.32,-1.66],[22.31,-0.77]]]},"properties":{"Image":"M1096351242RC","Orbit":13937,"Incidence":71.16,"Emission":1.17,"Phase":69.99,"Slew":0,"SubSol Lat":-1.09,"SubSol Lon":311.22,"Sun Azi":180,"Resolution":2.13,"Url":"https://data.lroc.im-ldi.com/lroc/view_lroc/LRO-L-LROC-3-CDR-V1.0/M1096351242RC","Start Time":"2012-07-08 01:46:16.458+00","label":"M1096351242RC"}},{"type":"Feature","geometry":{"type":"Polygon","coordinates":[[[22.14,-0.78],[22.31,-0.78],[22.33,-1.67],[22.16,-1.67],[22.14,-0.78]]]},"properties":{"Image":"M1096351242LC","Orbit":13937,"Incidence":71,"Emission":1.74,"Phase":72.74,"Slew":0,"SubSol Lat":-1.09,"SubSol Lon":311.22,"Sun Azi":180,"Resolution":2.14,"Url":"https://data.lroc.im-ldi.com/lroc/view_lroc/LRO-L-LROC-3-CDR-V1.0/M1096351242LC","Start Time":"2012-07-08 01:46:16.458+00","label":"M1096351242LC"}},{"type":"Feature","geometry":{"type":"Polygon","coordinates":[[[22.91,1.9],[22.9,0.96],[22.82,0.96],[22.83,1.9],[22.91,1.9]]]},"properties":{"Image":"M109087086RC","Orbit":1210,"Incidence":3.07,"Emission":1.14,"Phase":3.63,"Slew":-0.01,"SubSol Lat":-1.49,"SubSol Lon":21.94,"Sun Azi":73,"Resolution":0.52,"Url":"https://data.lroc.im-ldi.com/lroc/view_lroc/LRO-L-LROC-3-CDR-V1.0/M109087086RC","Start Time":"2009-10-02 01:43:38.882+00","label":"M109087086RC"}},{"type":"Feature","geometry":{"type":"Polygon","coordinates":[[[22.99,1.91],[22.98,0.96],[22.9,0.97],[22.91,1.91],[22.99,1.91]]]},"properties":{"Image":"M109087086LC","Orbit":1210,"Incidence":3.09,"Emission":1.7,"Phase":3.02,"Slew":-0.01,"SubSol Lat":-1.49,"SubSol Lon":21.94,"Sun Azi":72,"Resolution":0.52,"Url":"https://data.lroc.im-ldi.com/lroc/view_lroc/LRO-L-LROC-3-CDR-V1.0/M109087086LC","Start Time":"2009-10-02 01:43:38.882+00","label":"M109087086LC"}},{"type":"Feature","geometry":{"type":"Polygon","coordinates":[[[23.53,1.09],[23.52,0.15],[23.43,0.15],[23.44,1.09],[23.53,1.09]]]},"properties":{"Image":"M109080308RC","Orbit":1209,"Incidence":2.19,"Emission":15.54,"Phase":16.24,"Slew":-14,"SubSol Lat":-1.49,"SubSol Lon":22.9,"Sun Azi":76,"Resolution":0.54,"Url":"https://data.lroc.im-ldi.com/lroc/view_lroc/LRO-L-LROC-3-CDR-V1.0/M109080308RC","Start Time":"2009-10-01 23:50:40.981+00","label":"M109080308RC"}},{"type":"Feature","geometry":{"type":"Polygon","coordinates":[[[23.61,1.09],[23.6,0.15],[23.51,0.15],[23.53,1.09],[23.61,1.09]]]},"properties":{"Image":"M109080308LC","Orbit":1209,"Incidence":2.21,"Emission":12.7,"Phase":13.51,"Slew":-14,"SubSol Lat":-1.49,"SubSol Lon":22.9,"Sun Azi":74,"Resolution":0.54,"Url":"https://data.lroc.im-ldi.com/lroc/view_lroc/LRO-L-LROC-3-CDR-V1.0/M109080308LC","Start Time":"2009-10-01 23:50:40.981+00","label":"M109080308LC"}},{"type":"Feature","geometry":{"type":"Polygon","coordinates":[[[23.22,2.12],[23.43,2.12],[23.4,-0.06],[23.2,-0.06],[23.22,2.12]]]},"properties":{"Image":"M106726943RC","Orbit":870,"Incidence":28.13,"Emission":1.19,"Phase":26.94,"Slew":0.01,"SubSol Lat":-1.09,"SubSol Lon":355.26,"Sun Azi":185,"Resolution":1.24,"Url":"https://data.lroc.im-ldi.com/lroc/view_lroc/LRO-L-LROC-3-CDR-V1.0/M106726943RC","Start Time":"2009-09-04 18:07:56.887+00","label":"M106726943RC"}},{"type":"Feature","geometry":{"type":"Polygon","coordinates":[[[23.03,2.12],[23.23,2.11],[23.2,-0.07],[23,-0.06],[23.03,2.12]]]},"properties":{"Image":"M106726943LC","Orbit":870,"Incidence":27.94,"Emission":1.76,"Phase":29.69,"Slew":0.01,"SubSol Lat":-1.09,"SubSol Lon":355.26,"Sun Azi":185,"Resolution":1.24,"Url":"https://data.lroc.im-ldi.com/lroc/view_lroc/LRO-L-LROC-3-CDR-V1.0/M106726943LC","Start Time":"2009-09-04 18:07:56.887+00","label":"M106726943LC"}},{"type":"Feature","geometry":{"type":"Polygon","coordinates":[[[23.52,2.05],[23.74,2.05],[23.72,-0.13],[23.52,-0.13],[23.52,2.05]]]},"properties":{"Image":"M106719774RC","Orbit":869,"Incidence":27.43,"Emission":10.55,"Phase":37.95,"Slew":-10.95,"SubSol Lat":-1.09,"SubSol Lon":356.27,"Sun Azi":185,"Resolution":1.26,"Url":"https://data.lroc.im-ldi.com/lroc/view_lroc/LRO-L-LROC-3-CDR-V1.0/M106719774RC","Start Time":"2009-09-04 16:08:27.426+00","label":"M106719774RC"}},{"type":"Feature","geometry":{"type":"Polygon","coordinates":[[[23.32,2.05],[23.53,2.04],[23.52,-0.14],[23.31,-0.13],[23.32,2.05]]]},"properties":{"Image":"M106719774LC","Orbit":869,"Incidence":27.23,"Emission":13.5,"Phase":40.7,"Slew":-10.95,"SubSol Lat":-1.09,"SubSol Lon":356.27,"Sun Azi":185,"Resolution":1.27,"Url":"https://data.lroc.im-ldi.com/lroc/view_lroc/LRO-L-LROC-3-CDR-V1.0/M106719774LC","Start Time":"2009-09-04 16:08:27.426+00","label":"M106719774LC"}},{"type":"Feature","geometry":{"type":"Polygon","coordinates":[[[23.45,1.87],[23.64,1.86],[23.62,-0.2],[23.43,-0.19],[23.45,1.87]]]},"properties":{"Image":"M104362199RC","Orbit":540,"Incidence":53.97,"Emission":6.27,"Phase":60.23,"Slew":-6.98,"SubSol Lat":-0.44,"SubSol Lon":329.58,"Sun Azi":182,"Resolution":1.18,"Url":"https://data.lroc.im-ldi.com/lroc/view_lroc/LRO-L-LROC-3-CDR-V1.0/M104362199RC","Start Time":"2009-08-08 09:15:32.766+00","label":"M104362199RC"}},{"type":"Feature","geometry":{"type":"Polygon","coordinates":[[[23.26,1.86],[23.46,1.86],[23.44,-0.2],[23.25,-0.2],[23.26,1.86]]]},"properties":{"Image":"M104362199LC","Orbit":540,"Incidence":53.78,"Emission":9.2,"Phase":62.98,"Slew":-6.98,"SubSol Lat":-0.44,"SubSol Lon":329.58,"Sun Azi":182,"Resolution":1.18,"Url":"https://data.lroc.im-ldi.com/lroc/view_lroc/LRO-L-LROC-3-CDR-V1.0/M104362199LC","Start Time":"2009-08-08 09:15:32.766+00","label":"M104362199LC"}},{"type":"Feature","geometry":{"type":"Polygon","coordinates":[[[23.39,1.53],[23.61,1.52],[23.55,-0.5],[23.33,-0.49],[23.39,1.53]]]},"properties":{"Image":"M102014464RC","Orbit":212,"Incidence":81.76,"Emission":22.55,"Phase":59.21,"Slew":20,"SubSol Lat":0.3,"SubSol Lon":301.71,"Sun Azi":180,"Resolution":1.23,"Url":"https://data.lroc.im-ldi.com/lroc/view_lroc/LRO-L-LROC-3-CDR-V1.0/M102014464RC","Start Time":"2009-07-12 05:06:37.568+00","label":"M102014464RC"}},{"type":"Feature","geometry":{"type":"Polygon","coordinates":[[[23.19,1.52],[23.4,1.52],[23.34,-0.5],[23.13,-0.5],[23.19,1.52]]]},"properties":{"Image":"M102014464LC","Orbit":212,"Incidence":81.56,"Emission":19.6,"Phase":61.96,"Slew":20,"SubSol Lat":0.3,"SubSol Lon":301.71,"Sun Azi":181,"Resolution":1.22,"Url":"https://data.lroc.im-ldi.com/lroc/view_lroc/LRO-L-LROC-3-CDR-V1.0/M102014464LC","Start Time":"2009-07-12 05:06:37.568+00","label":"M102014464LC"}},{"type":"Feature","geometry":{"type":"Polygon","coordinates":[[[23.11,1.56],[23.3,1.56],[23.27,-0.49],[23.08,-0.48],[23.11,1.56]]]},"properties":{"Image":"M102007306RC","Orbit":211,"Incidence":80.47,"Emission":1.18,"Phase":79.29,"Slew":0,"SubSol Lat":0.3,"SubSol Lon":302.72,"Sun Azi":180,"Resolution":1.16,"Url":"https://data.lroc.im-ldi.com/lroc/view_lroc/LRO-L-LROC-3-CDR-V1.0/M102007306RC","Start Time":"2009-07-12 03:07:19.237+00","label":"M102007306RC"}},{"type":"Feature","geometry":{"type":"Polygon","coordinates":[[[22.93,1.56],[23.12,1.55],[23.09,-0.49],[22.9,-0.49],[22.93,1.56]]]},"properties":{"Image":"M102007306LC","Orbit":211,"Incidence":80.29,"Emission":1.75,"Phase":82.04,"Slew":0,"SubSol Lat":0.3,"SubSol Lon":302.72,"Sun Azi":181,"Resolution":1.16,"Url":"https://data.lroc.im-ldi.com/lroc/view_lroc/LRO-L-LROC-3-CDR-V1.0/M102007306LC","Start Time":"2009-07-12 03:07:19.237+00","label":"M102007306LC"}},{"type":"Feature","geometry":{"type":"Polygon","coordinates":[[[23.39,1.5],[23.59,1.5],[23.57,-0.54],[23.38,-0.54],[23.39,1.5]]]},"properties":{"Image":"M102000149RC","Orbit":210,"Incidence":79.75,"Emission":11.76,"Phase":91.51,"Slew":-12.14,"SubSol Lat":0.3,"SubSol Lon":303.73,"Sun Azi":180,"Resolution":1.18,"Url":"https://data.lroc.im-ldi.com/lroc/view_lroc/LRO-L-LROC-3-CDR-V1.0/M102000149RC","Start Time":"2009-07-12 01:08:02.537+00","label":"M102000149RC"}},{"type":"Feature","geometry":{"type":"Polygon","coordinates":[[[23.19,1.5],[23.4,1.49],[23.39,-0.55],[23.19,-0.55],[23.19,1.5]]]},"properties":{"Image":"M102000149LC","Orbit":210,"Incidence":79.56,"Emission":14.7,"Phase":94.26,"Slew":-12.14,"SubSol Lat":0.3,"SubSol Lon":303.73,"Sun Azi":181,"Resolution":1.19,"Url":"https://data.lroc.im-ldi.com/lroc/view_lroc/LRO-L-LROC-3-CDR-V1.0/M102000149LC","Start Time":"2009-07-12 01:08:02.537+00","label":"M102000149LC"}}],"meta":{"filters":[],"searchFeature":{"type":"Feature","geometry":{"type":"Polygon","coordinates":[[[21.551997,1.053487],[21.744001,-1.251777],[24.144001,-1.251777],[23.76,1.14954],[21.551997,1.053487]]]},"properties":{},"id":"ACPJe"},"productName":"cognac16"}}