Image,Start,Res,Inc,Emis,Phase,Sun,cover_ohrc,tmc_km2,tmc_km2_margin,area_km2,Url
M190444453RC,2012-04-30,0.78,42.97,1.17,41.8,east,0.0,0.0,0.0,148.94319211722302,https://data.lroc.im-ldi.com/lroc/view_lroc/LRO-L-LROC-3-CDR-V1.0/M190444453RC
M190444453LC,2012-04-30,0.79,42.8,1.75,44.55,east,0.0,0.0,0.0,144.7797118563229,https://data.lroc.im-ldi.com/lroc/view_lroc/LRO-L-LROC-3-CDR-V1.0/M190444453LC
M188099822RC,2012-04-03,1.09,14.01,30.83,44.81,east,0.0,0.0,0.0,292.45423244194853,https://data.lroc.im-ldi.com/lroc/view_lroc/LRO-L-LROC-3-CDR-V1.0/M188099822RC
M188099822LC,2012-04-03,1.11,13.78,33.81,47.56,east,0.5664871920378528,24.610744241168653,0.0588349291846747,310.8283667612744,https://data.lroc.im-ldi.com/lroc/view_lroc/LRO-L-LROC-3-CDR-V1.0/M188099822LC
M188085530RC,2012-04-03,0.78,15.85,1.17,14.68,east,0.12856909773209332,0.0,0.0,144.65501161991315,https://data.lroc.im-ldi.com/lroc/view_lroc/LRO-L-LROC-3-CDR-V1.0/M188085530RC
M188085530LC,2012-04-03,0.78,15.68,1.75,17.43,east,0.17196932615434818,70.11364815938617,42.80968524729374,140.3594650167591,https://data.lroc.im-ldi.com/lroc/view_lroc/LRO-L-LROC-3-CDR-V1.0/M188085530LC
M188071231RC,2012-04-03,1.1,17.71,33.2,15.53,east,0.44052863436123346,109.33130155419303,68.05311506387366,300.09793931899947,https://data.lroc.im-ldi.com/lroc/view_lroc/LRO-L-LROC-3-CDR-V1.0/M188071231RC
M188071231LC,2012-04-03,1.08,17.49,30.22,12.79,east,0.0,292.4626482288693,292.4626482288693,292.4626482288693,https://data.lroc.im-ldi.com/lroc/view_lroc/LRO-L-LROC-3-CDR-V1.0/M188071231LC
M183367718LC,2012-02-08,1.05,39.59,1.74,41.33,west,0.0,295.95460449114006,295.95460449114006,295.95460449114006,https://data.lroc.im-ldi.com/lroc/view_lroc/LRO-L-LROC-3-CDR-V1.0/M183367718LC
M181023150RC,2012-01-12,1.06,67.7,1.17,66.53,west,0.0,0.0,0.0,205.121326375743,https://data.lroc.im-ldi.com/lroc/view_lroc/LRO-L-LROC-3-CDR-V1.0/M181023150RC
M181023150LC,2012-01-12,1.06,67.54,1.74,69.28,west,0.0,0.0,0.0,199.1779325795443,https://data.lroc.im-ldi.com/lroc/view_lroc/LRO-L-LROC-3-CDR-V1.0/M181023150LC
M181016020RC,2012-01-12,1.07,67.78,1.18,66.61,west,0.0,0.0,0.0,302.3656000506621,https://data.lroc.im-ldi.com/lroc/view_lroc/LRO-L-LROC-3-CDR-V1.0/M181016020RC
M181016020LC,2012-01-12,1.08,67.61,1.75,69.36,west,0.0,0.0,0.0,293.45201815598875,https://data.lroc.im-ldi.com/lroc/view_lroc/LRO-L-LROC-3-CDR-V1.0/M181016020LC
M177494781RC,2011-12-02,0.47,69.1,1.13,67.97,east,0.0,0.0,0.0,60.89517388521973,https://data.lroc.im-ldi.com/lroc/view_lroc/LRO-L-LROC-3-CDR-V1.0/M177494781RC
M177494781LC,2011-12-02,0.47,69.04,1.68,70.72,east,0.0,0.0,0.0,58.8211698596892,https://data.lroc.im-ldi.com/lroc/view_lroc/LRO-L-LROC-3-CDR-V1.0/M177494781LC
M177481212RC,2011-12-02,0.47,69.07,6.22,62.85,east,0.21292217327459617,0.0,0.0,58.831439851683825,https://data.lroc.im-ldi.com/lroc/view_lroc/LRO-L-LROC-3-CDR-V1.0/M177481212RC
M177481212LC,2011-12-02,0.47,69,3.41,65.6,east,0.26594876815141133,0.0,0.0,56.80102750740628,https://data.lroc.im-ldi.com/lroc/view_lroc/LRO-L-LROC-3-CDR-V1.0/M177481212LC
M176302339RC,2011-11-19,0.74,124.16,1.13,123.03,west,0.0,0.0,0.0,2.118299962436809,https://data.lroc.im-ldi.com/lroc/view_lroc/LRO-L-LROC-3-CDR-V1.0/M176302339RC
M176302339LC,2011-11-19,0.74,124.1,1.68,125.78,west,0.0,0.0,0.0,2.162432616327982,https://data.lroc.im-ldi.com/lroc/view_lroc/LRO-L-LROC-3-CDR-V1.0/M176302339LC
M176302325RC,2011-11-19,0.73,124.15,1.13,123.02,west,0.0,0.0,0.0,2.118537980263475,https://data.lroc.im-ldi.com/lroc/view_lroc/LRO-L-LROC-3-CDR-V1.0/M176302325RC
M176302325LC,2011-11-19,0.73,124.09,1.68,125.77,west,0.0,0.0,0.0,2.118537980263475,https://data.lroc.im-ldi.com/lroc/view_lroc/LRO-L-LROC-3-CDR-V1.0/M176302325LC
M176302310RC,2011-11-19,0.69,124.14,1.13,123,west,0.0,0.0,0.0,2.1183977098064712,https://data.lroc.im-ldi.com/lroc/view_lroc/LRO-L-LROC-3-CDR-V1.0/M176302310RC
M176302310LC,2011-11-19,0.69,124.07,1.68,125.75,west,0.0,0.0,0.0,2.6479938799569274,https://data.lroc.im-ldi.com/lroc/view_lroc/LRO-L-LROC-3-CDR-V1.0/M176302310LC
M175124932RC,2011-11-05,0.4,40.98,1.12,39.86,east,0.06444770761951378,0.0,0.0,35.306480396484744,https://data.lroc.im-ldi.com/lroc/view_lroc/LRO-L-LROC-3-CDR-V1.0/M175124932RC
M175124932LC,2011-11-05,0.4,40.94,1.67,42.61,east,0.08973731440691793,0.0,0.0,35.306480396484744,https://data.lroc.im-ldi.com/lroc/view_lroc/LRO-L-LROC-3-CDR-V1.0/M175124932LC
M172778760RC,2011-10-09,0.48,13.5,1.13,12.37,east,0.0,0.0,0.0,60.898878612557006,https://data.lroc.im-ldi.com/lroc/view_lroc/LRO-L-LROC-3-CDR-V1.0/M172778760RC
M172778760LC,2011-10-09,0.48,13.43,1.69,15.12,east,0.0,0.0,0.0,63.01709252732697,https://data.lroc.im-ldi.com/lroc/view_lroc/LRO-L-LROC-3-CDR-V1.0/M172778760LC
M172771948RC,2011-10-09,0.48,13.56,1.13,12.45,east,0.0,0.0,0.0,60.90518363046449,https://data.lroc.im-ldi.com/lroc/view_lroc/LRO-L-LROC-3-CDR-V1.0/M172771948RC
M172771948LC,2011-10-09,0.48,13.49,1.69,15.16,east,0.0,0.0,0.0,63.02352296850462,https://data.lroc.im-ldi.com/lroc/view_lroc/LRO-L-LROC-3-CDR-V1.0/M172771948LC
M170409762RC,2011-09-11,0.49,14.03,1.14,12.9,west,0.06363191385217817,0.5590502907476431,0.0,63.71209539524506,https://data.lroc.im-ldi.com/lroc/view_lroc/LRO-L-LROC-3-CDR-V1.0/M170409762RC
M170409762LC,2011-09-11,0.49,13.96,1.69,15.63,west,0.08451623429596998,0.0,0.0,63.02083384831509,https://data.lroc.im-ldi.com/lroc/view_lroc/LRO-L-LROC-3-CDR-V1.0/M170409762LC
M168055210RC,2011-08-15,0.4,40.6,1.11,39.49,west,0.0,0.0,0.0,35.74802710797938,https://data.lroc.im-ldi.com/lroc/view_lroc/LRO-L-LROC-3-CDR-V1.0/M168055210RC
M168055210LC,2011-08-15,0.4,40.56,1.68,42.24,west,0.0,0.0,0.0,35.74802710797938,https://data.lroc.im-ldi.com/lroc/view_lroc/LRO-L-LROC-3-CDR-V1.0/M168055210LC
M165693550LC,2011-07-19,0.49,67.12,1.69,68.8,west,0.0,59.26963232799274,31.664827940321068,63.004726421688126,https://data.lroc.im-ldi.com/lroc/view_lroc/LRO-L-LROC-3-CDR-V1.0/M165693550LC
M163345662RC,2011-06-22,0.74,93.47,1.13,92.34,west,0.0,0.0,0.0,2.1183363844010694,https://data.lroc.im-ldi.com/lroc/view_lroc/LRO-L-LROC-3-CDR-V1.0/M163345662RC
M163345662LC,2011-06-22,0.75,93.4,1.69,95.09,west,0.0,0.0,0.0,2.1183363844010694,https://data.lroc.im-ldi.com/lroc/view_lroc/LRO-L-LROC-3-CDR-V1.0/M163345662LC
M163345647RC,2011-06-22,0.74,93.47,1.13,92.34,west,0.0,0.0,0.0,2.1185406132681615,https://data.lroc.im-ldi.com/lroc/view_lroc/LRO-L-LROC-3-CDR-V1.0/M163345647RC
M163345647LC,2011-06-22,0.74,93.4,1.69,95.09,west,0.0,0.0,0.0,2.1185406132681615,https://data.lroc.im-ldi.com/lroc/view_lroc/LRO-L-LROC-3-CDR-V1.0/M163345647LC
M163345633RC,2011-06-22,0.7,93.47,1.13,92.34,west,0.0,0.0,0.0,2.6479563460603197,https://data.lroc.im-ldi.com/lroc/view_lroc/LRO-L-LROC-3-CDR-V1.0/M163345633RC
M163345633LC,2011-06-22,0.7,93.4,1.69,95.08,west,0.0,0.0,0.0,2.118366992177024,https://data.lroc.im-ldi.com/lroc/view_lroc/LRO-L-LROC-3-CDR-V1.0/M163345633LC
M162161495RC,2011-06-08,0.82,73.73,1.13,72.6,east,0.0,0.0,0.0,91.40200961797218,https://data.lroc.im-ldi.com/lroc/view_lroc/LRO-L-LROC-3-CDR-V1.0/M162161495RC
M162161495LC,2011-06-08,0.82,73.67,1.68,75.35,east,0.0,0.0,0.0,98.7722700876187,https://data.lroc.im-ldi.com/lroc/view_lroc/LRO-L-LROC-3-CDR-V1.0/M162161495LC
M162154734RC,2011-06-08,0.47,73.47,7.14,80.6,east,0.0708108990047316,0.0,0.0,63.022246653961005,https://data.lroc.im-ldi.com/lroc/view_lroc/LRO-L-LROC-3-CDR-V1.0/M162154734RC
M162154734LC,2011-06-08,0.47,73.41,9.95,83.35,east,0.1395007342143906,0.0,0.0,52.518538878300845,https://data.lroc.im-ldi.com/lroc/view_lroc/LRO-L-LROC-3-CDR-V1.0/M162154734LC
M159806785RC,2011-05-12,0.47,47.15,1.13,46.02,east,0.0,0.0,0.0,35.749976324125335,https://data.lroc.im-ldi.com/lroc/view_lroc/LRO-L-LROC-3-CDR-V1.0/M159806785RC
M159806785LC,2011-05-12,0.47,47.08,1.68,48.77,east,0.0,0.0,0.0,35.749976324125335,https://data.lroc.im-ldi.com/lroc/view_lroc/LRO-L-LROC-3-CDR-V1.0/M159806785LC
M159799990RC,2011-05-12,0.47,47.09,1.13,45.96,east,0.0,0.0,0.0,36.4097152857765,https://data.lroc.im-ldi.com/lroc/view_lroc/LRO-L-LROC-3-CDR-V1.0/M159799990RC
M159799990LC,2011-05-12,0.47,47.03,1.68,48.71,east,0.0,0.0,0.0,43.16212101243764,https://data.lroc.im-ldi.com/lroc/view_lroc/LRO-L-LROC-3-CDR-V1.0/M159799990LC
M157438732RC,2011-04-14,0.46,20.13,1.13,19,east,0.0,0.0,0.0,52.51781206020671,https://data.lroc.im-ldi.com/lroc/view_lroc/LRO-L-LROC-3-CDR-V1.0/M157438732RC
M157438732LC,2011-04-14,0.46,20.07,1.68,21.76,east,0.0,0.0,0.0,52.51781206020671,https://data.lroc.im-ldi.com/lroc/view_lroc/LRO-L-LROC-3-CDR-V1.0/M157438732LC
M155091312RC,2011-03-18,0.47,7.68,1.14,6.68,west,0.0,0.0,0.0,51.9313652475336,https://data.lroc.im-ldi.com/lroc/view_lroc/LRO-L-LROC-3-CDR-V1.0/M155091312RC
M155091312LC,2011-03-18,0.47,7.62,1.68,9.19,west,0.0,0.0,0.0,57.711042218854644,https://data.lroc.im-ldi.com/lroc/view_lroc/LRO-L-LROC-3-CDR-V1.0/M155091312LC
M155084545RC,2011-03-18,0.47,7.42,1.13,6.36,west,0.0,0.0,0.0,56.93347945141376,https://data.lroc.im-ldi.com/lroc/view_lroc/LRO-L-LROC-3-CDR-V1.0/M155084545RC
M155084545LC,2011-03-18,0.47,7.36,1.68,8.99,west,0.0,0.0,0.0,56.93347945141376,https://data.lroc.im-ldi.com/lroc/view_lroc/LRO-L-LROC-3-CDR-V1.0/M155084545LC
M155077753RC,2011-03-18,0.47,7.57,1.13,6.53,west,0.0,52.95865005002122,52.95865005002122,52.95865005002122,https://data.lroc.im-ldi.com/lroc/view_lroc/LRO-L-LROC-3-CDR-V1.0/M155077753RC
M155077753LC,2011-03-18,0.47,7.52,1.68,9.14,west,0.0,53.752967871143454,53.752967871143454,53.752967871143454,https://data.lroc.im-ldi.com/lroc/view_lroc/LRO-L-LROC-3-CDR-V1.0/M155077753LC
M1532168912RC,2026-04-30,0.7,2.35,1.15,1.93,west,0.0,0.0,0.0,32.57105065372153,https://data.lroc.im-ldi.com/lroc/view_lroc/LRO-L-LROC-3-CDR-V1.0/M1532168912RC
M1532168912LC,2026-04-30,0.7,2.29,1.71,3.58,west,0.0,0.0,0.0,32.65937379195594,https://data.lroc.im-ldi.com/lroc/view_lroc/LRO-L-LROC-3-CDR-V1.0/M1532168912LC
M1521647205RC,2025-12-29,0.77,41.76,1.17,40.61,east,0.0,0.0,0.0,158.7054395142821,https://data.lroc.im-ldi.com/lroc/view_lroc/LRO-L-LROC-3-CDR-V1.0/M1521647205RC
M1521647205LC,2025-12-29,0.77,41.64,1.7,43.33,east,0.0,0.0,0.0,157.5297259177542,https://data.lroc.im-ldi.com/lroc/view_lroc/LRO-L-LROC-3-CDR-V1.0/M1521647205LC
M1521640200LC,2025-12-29,0.78,41.51,1.7,43.21,east,0.0,0.0,0.0,161.00658223025107,https://data.lroc.im-ldi.com/lroc/view_lroc/LRO-L-LROC-3-CDR-V1.0/M1521640200LC
M1521633149RC,2025-12-29,0.76,41.68,1.96,43.63,east,0.2964594550497634,0.0,0.0,150.25892793259624,https://data.lroc.im-ldi.com/lroc/view_lroc/LRO-L-LROC-3-CDR-V1.0/M1521633149RC
M1521633149LC,2025-12-29,0.76,41.57,4.83,46.34,east,0.3101647903410018,20.71453165624225,6.60572180627555,149.16992284555894,https://data.lroc.im-ldi.com/lroc/view_lroc/LRO-L-LROC-3-CDR-V1.0/M1521633149LC
M1519298532RC,2025-12-02,0.75,11.04,1.16,9.91,east,0.0,0.0,0.0,144.0441175215525,https://data.lroc.im-ldi.com/lroc/view_lroc/LRO-L-LROC-3-CDR-V1.0/M1519298532RC
M1519298532LC,2025-12-02,0.75,10.93,1.71,12.62,east,0.0,0.0,0.0,149.0317856049808,https://data.lroc.im-ldi.com/lroc/view_lroc/LRO-L-LROC-3-CDR-V1.0/M1519298532LC
M1519291490RC,2025-12-02,0.73,11.31,1.15,10.23,east,0.24816446402349487,22.847729994504046,7.150065956230755,138.84296430694212,https://data.lroc.im-ldi.com/lroc/view_lroc/LRO-L-LROC-3-CDR-V1.0/M1519291490RC
M1519291490LC,2025-12-02,0.73,11.2,1.71,12.85,east,0.0,117.60223288080647,92.24134899756852,144.88895443857578,https://data.lroc.im-ldi.com/lroc/view_lroc/LRO-L-LROC-3-CDR-V1.0/M1519291490LC
M1516957228RC,2025-11-05,0.72,19.36,1.15,18.21,west,0.0,0.0,0.0,144.8962447738275,https://data.lroc.im-ldi.com/lroc/view_lroc/LRO-L-LROC-3-CDR-V1.0/M1516957228RC
M1516957228LC,2025-11-05,0.72,19.25,1.71,20.96,west,0.0,0.0,0.0,144.88150284929722,https://data.lroc.im-ldi.com/lroc/view_lroc/LRO-L-LROC-3-CDR-V1.0/M1516957228LC
M1516950214RC,2025-11-05,0.73,19.45,1.16,18.29,west,0.0,141.8796656488148,141.8796656488148,141.8796656488148,https://data.lroc.im-ldi.com/lroc/view_lroc/LRO-L-LROC-3-CDR-V1.0/M1516950214RC
M1516950214LC,2025-11-05,0.73,19.33,1.71,21.04,west,0.0,134.7004158707297,133.37644548309842,134.7004158707297,https://data.lroc.im-ldi.com/lroc/view_lroc/LRO-L-LROC-3-CDR-V1.0/M1516950214LC
M1515748104RC,2025-10-22,2.19,150.57,65.76,84.97,east,0.0,0.0,0.0,13.66525139063563,https://data.lroc.im-ldi.com/lroc/view_lroc/LRO-L-LROC-3-CDR-V1.0/M1515748104RC
M1515748104LC,2025-10-22,2.08,150.16,63.33,86.89,east,0.0,11.474302216921117,10.268054065083785,13.9750409572416,https://data.lroc.im-ldi.com/lroc/view_lroc/LRO-L-LROC-3-CDR-V1.0/M1515748104LC
M1515748091RC,2025-10-22,2.19,150.64,65.78,84.97,east,0.0,0.0,0.0,16.91852456872777,https://data.lroc.im-ldi.com/lroc/view_lroc/LRO-L-LROC-3-CDR-V1.0/M1515748091RC
M1515748091LC,2025-10-22,2.07,150.22,63.34,86.91,east,0.04780551476586719,8.665400077148341,7.54728674032499,13.446792026331345,https://data.lroc.im-ldi.com/lroc/view_lroc/LRO-L-LROC-3-CDR-V1.0/M1515748091LC
M1515748078RC,2025-10-22,2.19,150.7,65.78,84.98,east,0.0,0.0,0.0,13.667349764738844,https://data.lroc.im-ldi.com/lroc/view_lroc/LRO-L-LROC-3-CDR-V1.0/M1515748078RC
M1515748078LC,2025-10-22,2.07,150.28,63.35,86.93,east,0.0019579050416054823,6.016944857637003,5.045987748530091,11.695626673957083,https://data.lroc.im-ldi.com/lroc/view_lroc/LRO-L-LROC-3-CDR-V1.0/M1515748078LC
M1515748065RC,2025-10-22,2.15,150.74,65.8,84.98,east,0.0,0.0,0.0,12.69478142253873,https://data.lroc.im-ldi.com/lroc/view_lroc/LRO-L-LROC-3-CDR-V1.0/M1515748065RC
M1515748065LC,2025-10-22,2.04,150.31,63.37,86.95,east,0.0,3.647732645097494,2.7652072510370735,10.825815935941755,https://data.lroc.im-ldi.com/lroc/view_lroc/LRO-L-LROC-3-CDR-V1.0/M1515748065LC
M1514615937RC,2025-10-09,0.71,49.63,12.42,37.25,west,0.0,0.0,0.0,131.1266446977299,https://data.lroc.im-ldi.com/lroc/view_lroc/LRO-L-LROC-3-CDR-V1.0/M1514615937RC
M1514615937LC,2025-10-09,0.71,49.52,9.55,39.99,west,0.0,0.0,0.0,125.44985578229415,https://data.lroc.im-ldi.com/lroc/view_lroc/LRO-L-LROC-3-CDR-V1.0/M1514615937LC
M1514608925RC,2025-10-09,0.72,48.69,14.46,63.13,west,0.0,0.0,0.0,136.71470627952874,https://data.lroc.im-ldi.com/lroc/view_lroc/LRO-L-LROC-3-CDR-V1.0/M1514608925RC
M1514608925LC,2025-10-09,0.72,48.57,17.33,65.88,west,0.0,0.0,0.0,143.46568483825192,https://data.lroc.im-ldi.com/lroc/view_lroc/LRO-L-LROC-3-CDR-V1.0/M1514608925LC
M1512281754RC,2025-09-12,1.69,80.36,34.59,46.04,west,0.22466960352422907,184.3644548075574,107.71391820534839,370.8147621712658,https://data.lroc.im-ldi.com/lroc/view_lroc/LRO-L-LROC-3-CDR-V1.0/M1512281754RC
M1512281754LC,2025-09-12,1.66,80.21,31.69,48.75,west,0.17914831130690162,0.0,0.0,359.07434975566304,https://data.lroc.im-ldi.com/lroc/view_lroc/LRO-L-LROC-3-CDR-V1.0/M1512281754LC
M1512274747RC,2025-09-12,1.44,79.41,10.59,68.9,west,0.018436939141784958,250.9248382840709,178.7212751461424,283.94769095237444,https://data.lroc.im-ldi.com/lroc/view_lroc/LRO-L-LROC-3-CDR-V1.0/M1512274747RC
M1512274747LC,2025-09-12,1.44,79.3,7.73,71.62,west,0.06151085005710556,14.844224670216834,0.0,283.37249373795305,https://data.lroc.im-ldi.com/lroc/view_lroc/LRO-L-LROC-3-CDR-V1.0/M1512274747LC
M1511107606RC,2025-08-29,1.66,87.26,1.17,86.09,east,0.0,0.0,0.0,381.9914511955234,https://data.lroc.im-ldi.com/lroc/view_lroc/LRO-L-LROC-3-CDR-V1.0/M1511107606RC
M1511107606LC,2025-08-29,1.66,87.13,1.71,88.83,east,0.0,0.0,0.0,368.38820909623615,https://data.lroc.im-ldi.com/lroc/view_lroc/LRO-L-LROC-3-CDR-V1.0/M1511107606LC
M1511100689RC,2025-08-29,0.82,86.77,1.16,85.62,east,0.0,0.0,0.0,116.62924280492813,https://data.lroc.im-ldi.com/lroc/view_lroc/LRO-L-LROC-3-CDR-V1.0/M1511100689RC
M1511100689LC,2025-08-29,0.82,86.65,1.72,88.36,east,0.0,0.0,0.0,116.42385456290489,https://data.lroc.im-ldi.com/lroc/view_lroc/LRO-L-LROC-3-CDR-V1.0/M1511100689LC
M1508766533RC,2025-08-02,0.87,56.83,18.97,75.7,east,0.0,0.0,0.0,201.08335721250825,https://data.lroc.im-ldi.com/lroc/view_lroc/LRO-L-LROC-3-CDR-V1.0/M1508766533RC
M1508766533LC,2025-08-02,0.88,56.68,21.87,78.45,east,0.0,0.0,0.0,209.0842654539668,https://data.lroc.im-ldi.com/lroc/view_lroc/LRO-L-LROC-3-CDR-V1.0/M1508766533LC
M1508759520RC,2025-08-02,0.84,57.72,1.16,56.57,east,0.0,0.0,0.0,95.00780971101656,https://data.lroc.im-ldi.com/lroc/view_lroc/LRO-L-LROC-3-CDR-V1.0/M1508759520RC
M1508759520LC,2025-08-02,0.84,57.6,1.72,59.31,east,0.0,0.0,0.0,91.40445626616457,https://data.lroc.im-ldi.com/lroc/view_lroc/LRO-L-LROC-3-CDR-V1.0/M1508759520LC
M1508752510RC,2025-08-02,0.87,58.49,20.39,38.24,east,0.0,0.0,0.0,201.1743526248451,https://data.lroc.im-ldi.com/lroc/view_lroc/LRO-L-LROC-3-CDR-V1.0/M1508752510RC
M1508752510LC,2025-08-02,0.86,58.35,17.5,40.98,east,0.0,0.0,0.0,194.52703488787498,https://data.lroc.im-ldi.com/lroc/view_lroc/LRO-L-LROC-3-CDR-V1.0/M1508752510LC
M1506418355RC,2025-07-06,0.85,29.1,1.16,27.95,east,0.0,0.0,0.0,40.8098235683381,https://data.lroc.im-ldi.com/lroc/view_lroc/LRO-L-LROC-3-CDR-V1.0/M1506418355RC
M1506418355LC,2025-07-06,0.85,28.98,1.72,30.67,east,0.0,0.0,0.0,40.80976275162877,https://data.lroc.im-ldi.com/lroc/view_lroc/LRO-L-LROC-3-CDR-V1.0/M1506418355LC
M150368601RC,2011-01-22,0.54,63.51,31.85,31.66,west,0.01484744656550824,0.0,0.0,81.20267632800918,https://data.lroc.im-ldi.com/lroc/view_lroc/LRO-L-LROC-3-CDR-V1.0/M150368601RC
M150368601LC,2011-01-22,0.53,63.43,29.02,34.41,west,0.0,0.0,0.0,70.02267580360581,https://data.lroc.im-ldi.com/lroc/view_lroc/LRO-L-LROC-3-CDR-V1.0/M150368601LC
M150361817RC,2011-01-22,0.47,62.61,9.41,72.02,west,0.023984336759667158,0.0,0.0,63.01981384721373,https://data.lroc.im-ldi.com/lroc/view_lroc/LRO-L-LROC-3-CDR-V1.0/M150361817RC
M150361817LC,2011-01-22,0.48,62.54,12.22,74.77,west,0.0,0.0,0.0,63.54947165727144,https://data.lroc.im-ldi.com/lroc/view_lroc/LRO-L-LROC-3-CDR-V1.0/M150361817LC
M1499401290RC,2025-04-16,0.85,58.03,1.16,56.87,west,0.0,0.0,0.0,188.65220623874126,https://data.lroc.im-ldi.com/lroc/view_lroc/LRO-L-LROC-3-CDR-V1.0/M1499401290RC
M1499401290LC,2025-04-16,0.85,57.9,1.72,59.61,west,0.0,0.0,0.0,188.65166854565103,https://data.lroc.im-ldi.com/lroc/view_lroc/LRO-L-LROC-3-CDR-V1.0/M1499401290LC
M1497059967RC,2025-03-19,1.68,87.36,1.16,86.2,west,0.0,0.0,0.0,375.4427889720978,https://data.lroc.im-ldi.com/lroc/view_lroc/LRO-L-LROC-3-CDR-V1.0/M1497059967RC
M1497059967LC,2025-03-19,1.68,87.23,1.72,88.94,west,0.0,0.0,0.0,375.44459539056834,https://data.lroc.im-ldi.com/lroc/view_lroc/LRO-L-LROC-3-CDR-V1.0/M1497059967LC
M1491210217RC,2025-01-11,0.73,16.15,1.17,15,east,0.0,0.0,0.0,132.61771357833476,https://data.lroc.im-ldi.com/lroc/view_lroc/LRO-L-LROC-3-CDR-V1.0/M1491210217RC
M1491210217LC,2025-01-11,0.73,16.04,1.69,17.71,east,0.0,0.0,0.0,132.6179801148234,https://data.lroc.im-ldi.com/lroc/view_lroc/LRO-L-LROC-3-CDR-V1.0/M1491210217LC
M1491203184RC,2025-01-11,0.73,16.29,1.18,15.16,east,0.0,0.0,0.0,140.7401125306809,https://data.lroc.im-ldi.com/lroc/view_lroc/LRO-L-LROC-3-CDR-V1.0/M1491203184RC
M1491203184LC,2025-01-11,0.73,16.18,1.69,17.83,east,0.0,0.0,0.0,141.68119480736806,https://data.lroc.im-ldi.com/lroc/view_lroc/LRO-L-LROC-3-CDR-V1.0/M1491203184LC
M1488861930RC,2024-12-15,0.77,15.09,15.83,1.58,west,0.0,0.0,0.0,121.33900510945708,https://data.lroc.im-ldi.com/lroc/view_lroc/LRO-L-LROC-3-CDR-V1.0/M1488861930RC
M1488861930LC,2024-12-15,0.77,14.97,12.96,2.42,west,0.0,0.0,0.0,115.92694082718944,https://data.lroc.im-ldi.com/lroc/view_lroc/LRO-L-LROC-3-CDR-V1.0/M1488861930LC
M1486519197RC,2024-11-17,0.76,44.49,1.15,43.35,west,0.0,0.0,0.0,152.10259165257781,https://data.lroc.im-ldi.com/lroc/view_lroc/LRO-L-LROC-3-CDR-V1.0/M1486519197RC
M1486519197LC,2024-11-17,0.76,44.38,1.72,46.09,west,0.0,0.0,0.0,152.25049811172462,https://data.lroc.im-ldi.com/lroc/view_lroc/LRO-L-LROC-3-CDR-V1.0/M1486519197LC
M1485337339RC,2024-11-04,0.88,121.02,1.16,119.86,east,0.0,4.14832342230583,4.14832342230583,4.14832342230583,https://data.lroc.im-ldi.com/lroc/view_lroc/LRO-L-LROC-3-CDR-V1.0/M1485337339RC
M1484169495RC,2024-10-21,0.8,73.92,12.51,86.4,west,0.14178495676293032,52.43297481539372,26.658102734916213,166.14504922922018,https://data.lroc.im-ldi.com/lroc/view_lroc/LRO-L-LROC-3-CDR-V1.0/M1484169495RC
M1484169495LC,2024-10-21,0.8,73.79,15.39,89.13,west,0.4467286669929842,0.0,0.0,173.60363571319266,https://data.lroc.im-ldi.com/lroc/view_lroc/LRO-L-LROC-3-CDR-V1.0/M1484169495LC
M1478323503RC,2024-08-15,0.75,32.91,1.15,31.76,east,0.0,0.0,0.0,87.7356775121118,https://data.lroc.im-ldi.com/lroc/view_lroc/LRO-L-LROC-3-CDR-V1.0/M1478323503RC
M1478323503LC,2024-08-15,0.75,32.8,1.71,34.51,east,0.0,0.0,0.0,84.92729223791193,https://data.lroc.im-ldi.com/lroc/view_lroc/LRO-L-LROC-3-CDR-V1.0/M1478323503LC
M1478316469RC,2024-08-14,0.74,32.91,1.15,31.76,east,0.0,0.0,0.0,144.52745748158924,https://data.lroc.im-ldi.com/lroc/view_lroc/LRO-L-LROC-3-CDR-V1.0/M1478316469RC
M1478316469LC,2024-08-14,0.75,32.8,1.71,34.5,east,0.0,0.0,0.0,138.54040236984804,https://data.lroc.im-ldi.com/lroc/view_lroc/LRO-L-LROC-3-CDR-V1.0/M1478316469LC
M1475980894RC,2024-07-18,0.74,4.45,1.16,3.32,east,0.0,0.0,0.0,146.51807402162146,https://data.lroc.im-ldi.com/lroc/view_lroc/LRO-L-LROC-3-CDR-V1.0/M1475980894RC
M1475980894LC,2024-07-18,0.74,4.34,1.71,6,east,0.0,0.0,0.0,141.61924483129545,https://data.lroc.im-ldi.com/lroc/view_lroc/LRO-L-LROC-3-CDR-V1.0/M1475980894LC
M1475973855RC,2024-07-18,0.73,4.91,1.15,3.92,east,0.0,0.0,0.0,138.5617083294071,https://data.lroc.im-ldi.com/lroc/view_lroc/LRO-L-LROC-3-CDR-V1.0/M1475973855RC
M1475973855LC,2024-07-18,0.74,4.81,1.71,6.34,east,0.0,0.0,0.0,144.53429977276642,https://data.lroc.im-ldi.com/lroc/view_lroc/LRO-L-LROC-3-CDR-V1.0/M1475973855LC
M1470128920RC,2024-05-12,0.92,112.1,1.16,110.96,east,0.0,0.0,0.0,4.398789263416894,https://data.lroc.im-ldi.com/lroc/view_lroc/LRO-L-LROC-3-CDR-V1.0/M1470128920RC
M1470128920LC,2024-05-12,0.92,111.98,1.72,113.69,east,0.0,0.0,0.0,4.4135097017772615,https://data.lroc.im-ldi.com/lroc/view_lroc/LRO-L-LROC-3-CDR-V1.0/M1470128920LC
M1470128907RC,2024-05-12,0.91,112.15,1.16,111,east,0.0,0.0,0.0,4.972644098454924,https://data.lroc.im-ldi.com/lroc/view_lroc/LRO-L-LROC-3-CDR-V1.0/M1470128907RC
M1470128907LC,2024-05-12,0.91,112.03,1.72,113.74,east,0.0,0.0,0.0,3.751547057106187,https://data.lroc.im-ldi.com/lroc/view_lroc/LRO-L-LROC-3-CDR-V1.0/M1470128907LC
M1470128895RC,2024-05-12,0.9,112.2,1.16,111.05,east,0.0,0.0,0.0,4.192424705181857,https://data.lroc.im-ldi.com/lroc/view_lroc/LRO-L-LROC-3-CDR-V1.0/M1470128895RC
M1470128895LC,2024-05-12,0.91,112.07,1.72,113.79,east,0.0,0.0,0.0,4.339510046397359,https://data.lroc.im-ldi.com/lroc/view_lroc/LRO-L-LROC-3-CDR-V1.0/M1470128895LC
M1468954313RC,2024-04-28,1.93,83.53,41.68,42.04,west,0.6563876651982379,2.749461013836952,0.0,474.1658739895586,https://data.lroc.im-ldi.com/lroc/view_lroc/LRO-L-LROC-3-CDR-V1.0/M1468954313RC
M1468954313LC,2024-04-28,1.89,83.34,38.74,44.77,west,0.0,0.0,0.0,436.4337209469254,https://data.lroc.im-ldi.com/lroc/view_lroc/LRO-L-LROC-3-CDR-V1.0/M1468954313LC
M146838426RC,2010-12-13,0.91,74.22,1.13,73.1,east,0.0,0.0,0.0,46.33829831765739,https://data.lroc.im-ldi.com/lroc/view_lroc/LRO-L-LROC-3-CDR-V1.0/M146838426RC
M146838426LC,2010-12-13,0.91,74.16,1.69,75.85,east,0.0,0.0,0.0,47.13259000333963,https://data.lroc.im-ldi.com/lroc/view_lroc/LRO-L-LROC-3-CDR-V1.0/M146838426LC
M1465444452RC,2024-03-18,0.82,53.64,1.16,52.5,east,0.0,0.0,0.0,176.83153399300699,https://data.lroc.im-ldi.com/lroc/view_lroc/LRO-L-LROC-3-CDR-V1.0/M1465444452RC
M1465444452LC,2024-03-18,0.82,53.52,1.72,55.23,east,0.0,0.0,0.0,178.0380729524726,https://data.lroc.im-ldi.com/lroc/view_lroc/LRO-L-LROC-3-CDR-V1.0/M1465444452LC
M1463102146LC,2024-02-20,0.8,23.98,1.71,25.66,east,0.0,0.0,0.0,172.01405748569601,https://data.lroc.im-ldi.com/lroc/view_lroc/LRO-L-LROC-3-CDR-V1.0/M1463102146LC
M1463088154RC,2024-02-20,0.81,23.68,1.16,22.54,east,0.26138032305433184,18.50318976225812,4.735936341639839,175.61329555925363,https://data.lroc.im-ldi.com/lroc/view_lroc/LRO-L-LROC-3-CDR-V1.0/M1463088154RC
M1463088154LC,2024-02-20,0.81,23.56,1.72,25.26,east,0.27182248327622777,136.0540464971751,105.35155375131154,174.4077240452835,https://data.lroc.im-ldi.com/lroc/view_lroc/LRO-L-LROC-3-CDR-V1.0/M1463088154LC
M1458409717RC,2023-12-28,0.64,36.5,1.16,35.35,west,0.0,0.0,0.0,102.24548737939918,https://data.lroc.im-ldi.com/lroc/view_lroc/LRO-L-LROC-3-CDR-V1.0/M1458409717RC
M1458409717LC,2023-12-28,0.64,36.38,1.71,38.09,west,0.0,0.0,0.0,102.24560897125002,https://data.lroc.im-ldi.com/lroc/view_lroc/LRO-L-LROC-3-CDR-V1.0/M1458409717LC
M1458402717RC,2023-12-28,0.64,36.62,1.16,35.48,west,0.008157937673356175,0.0,0.0,110.77719675412543,https://data.lroc.im-ldi.com/lroc/view_lroc/LRO-L-LROC-3-CDR-V1.0/M1458402717RC
M1458402717LC,2023-12-28,0.65,36.5,1.72,38.22,west,0.0,0.0,0.0,110.77703821395238,https://data.lroc.im-ldi.com/lroc/view_lroc/LRO-L-LROC-3-CDR-V1.0/M1458402717LC
M1456065577RC,2023-12-01,1.7,67.72,28.47,39.31,west,0.0,0.0,0.0,201.15564624989403,https://data.lroc.im-ldi.com/lroc/view_lroc/LRO-L-LROC-3-CDR-V1.0/M1456065577RC
M1456065577LC,2023-12-01,1.68,67.58,25.58,42.04,west,0.0,0.0,0.0,188.64433553469223,https://data.lroc.im-ldi.com/lroc/view_lroc/LRO-L-LROC-3-CDR-V1.0/M1456065577LC
M1456058565RC,2023-12-01,1.52,66.67,1.15,65.52,west,0.6059716103768967,0.16182386669841278,0.0,311.1976893425058,https://data.lroc.im-ldi.com/lroc/view_lroc/LRO-L-LROC-3-CDR-V1.0/M1456058565RC
M1456058565LC,2023-12-01,1.52,66.55,1.71,68.26,west,0.0,0.0,0.0,300.00321747692595,https://data.lroc.im-ldi.com/lroc/view_lroc/LRO-L-LROC-3-CDR-V1.0/M1456058565LC
M1447850428RC,2023-08-28,0.89,10.88,1.18,9.7,east,0.15304291075216186,0.0,0.0,132.03595804789003,https://data.lroc.im-ldi.com/lroc/view_lroc/LRO-L-LROC-3-CDR-V1.0/M1447850428RC
M1447850428LC,2023-08-28,0.89,10.75,1.73,12.43,east,0.48050252896067874,46.41429692154069,17.41791165514678,132.08025220106782,https://data.lroc.im-ldi.com/lroc/view_lroc/LRO-L-LROC-3-CDR-V1.0/M1447850428LC
M1443174042RC,2023-07-05,1.08,47.76,34.52,13.4,west,0.8531571218795888,30.21474615224025,7.3989136037985395,309.8618710425527,https://data.lroc.im-ldi.com/lroc/view_lroc/LRO-L-LROC-3-CDR-V1.0/M1443174042RC
M1443174042LC,2023-07-05,1.07,47.56,31.58,16.12,west,0.0,0.0,0.0,294.81191719933213,https://data.lroc.im-ldi.com/lroc/view_lroc/LRO-L-LROC-3-CDR-V1.0/M1443174042LC
M1443167025RC,2023-07-05,0.93,46.79,16.67,30.16,west,0.4377549355522924,23.975058514460322,4.529975296635781,226.37806258031355,https://data.lroc.im-ldi.com/lroc/view_lroc/LRO-L-LROC-3-CDR-V1.0/M1443167025RC
M1443167025LC,2023-07-05,0.92,46.64,13.77,32.9,west,0.0,0.0,0.0,219.00812333090525,https://data.lroc.im-ldi.com/lroc/view_lroc/LRO-L-LROC-3-CDR-V1.0/M1443167025LC
M1440829054RC,2023-06-08,0.92,74.33,1.17,73.16,west,0.0,0.0,0.0,221.02015243042723,https://data.lroc.im-ldi.com/lroc/view_lroc/LRO-L-LROC-3-CDR-V1.0/M1440829054RC
M1440829054LC,2023-06-08,0.92,74.19,1.73,75.91,west,0.0,0.0,0.0,228.39825529987348,https://data.lroc.im-ldi.com/lroc/view_lroc/LRO-L-LROC-3-CDR-V1.0/M1440829054LC
M1440822005RC,2023-06-08,1.82,74.36,1.16,73.19,west,0.0,0.0,0.0,450.34237708756007,https://data.lroc.im-ldi.com/lroc/view_lroc/LRO-L-LROC-3-CDR-V1.0/M1440822005RC
M1440822005LC,2023-06-08,1.83,74.22,1.73,75.94,west,0.0,0.0,0.0,435.4325859064494,https://data.lroc.im-ldi.com/lroc/view_lroc/LRO-L-LROC-3-CDR-V1.0/M1440822005LC
M1439653033RC,2023-05-25,1.4,90.55,1.14,89.42,east,0.0,0.0,0.0,257.49381291329814,https://data.lroc.im-ldi.com/lroc/view_lroc/LRO-L-LROC-3-CDR-V1.0/M1439653033RC
M1439653033LC,2023-05-25,1.4,90.45,1.71,92.16,east,0.0,0.0,0.0,257.4532491021118,https://data.lroc.im-ldi.com/lroc/view_lroc/LRO-L-LROC-3-CDR-V1.0/M1439653033LC
M1434963991RC,2023-04-01,0.71,33.33,1.15,32.21,east,0.0,0.0,0.0,130.367142679791,https://data.lroc.im-ldi.com/lroc/view_lroc/LRO-L-LROC-3-CDR-V1.0/M1434963991RC
M1434963991LC,2023-04-01,0.71,33.23,1.71,34.92,east,0.0,0.0,0.0,130.38118994840067,https://data.lroc.im-ldi.com/lroc/view_lroc/LRO-L-LROC-3-CDR-V1.0/M1434963991LC
M1434957003RC,2023-04-01,0.71,33.06,1.15,31.93,east,0.0,130.47844635912037,130.47844635912037,130.47844635912037,https://data.lroc.im-ldi.com/lroc/view_lroc/LRO-L-LROC-3-CDR-V1.0/M1434957003RC
M1432621085RC,2023-03-05,0.71,4.08,1.16,3.08,east,0.0,0.0,0.0,130.40518825084786,https://data.lroc.im-ldi.com/lroc/view_lroc/LRO-L-LROC-3-CDR-V1.0/M1432621085RC
M1432621085LC,2023-03-05,0.71,3.98,1.71,5.59,east,0.0,0.0,0.0,136.33408454905612,https://data.lroc.im-ldi.com/lroc/view_lroc/LRO-L-LROC-3-CDR-V1.0/M1432621085LC
M1432614084RC,2023-03-05,0.71,3.79,1.16,2.71,east,0.1838799151574482,4.927395953054477,0.0,136.32351419099604,https://data.lroc.im-ldi.com/lroc/view_lroc/LRO-L-LROC-3-CDR-V1.0/M1432614084RC
M1432614084LC,2023-03-05,0.71,3.69,1.7,5.35,east,0.29596997878936204,79.34644710041024,46.67395000714965,130.41037031565736,https://data.lroc.im-ldi.com/lroc/view_lroc/LRO-L-LROC-3-CDR-V1.0/M1432614084LC
M1430277864RC,2023-02-05,0.74,25.84,1.16,24.69,west,0.0,0.0,0.0,146.58800267677114,https://data.lroc.im-ldi.com/lroc/view_lroc/LRO-L-LROC-3-CDR-V1.0/M1430277864RC
M1430277864LC,2023-02-05,0.74,25.73,1.71,27.44,west,0.0,0.0,0.0,140.8503474006575,https://data.lroc.im-ldi.com/lroc/view_lroc/LRO-L-LROC-3-CDR-V1.0/M1430277864LC
M1427926018RC,2023-01-09,0.76,55.76,1.16,54.61,west,0.0,0.0,0.0,40.39810062070976,https://data.lroc.im-ldi.com/lroc/view_lroc/LRO-L-LROC-3-CDR-V1.0/M1427926018RC
M1427926018LC,2023-01-09,0.76,55.64,1.71,57.35,west,0.0,0.0,0.0,38.853315518625635,https://data.lroc.im-ldi.com/lroc/view_lroc/LRO-L-LROC-3-CDR-V1.0/M1427926018LC
M1426756657RC,2022-12-27,0.94,109.91,1.16,108.75,east,0.0,0.0,0.0,3.75086578415624,https://data.lroc.im-ldi.com/lroc/view_lroc/LRO-L-LROC-3-CDR-V1.0/M1426756657RC
M1426756657LC,2022-12-27,0.94,109.78,1.72,111.5,east,0.0,0.0,0.0,4.45692147596347,https://data.lroc.im-ldi.com/lroc/view_lroc/LRO-L-LROC-3-CDR-V1.0/M1426756657LC
M1426756644RC,2022-12-27,0.93,109.96,1.16,108.8,east,0.0,0.0,0.0,3.6779089203348905,https://data.lroc.im-ldi.com/lroc/view_lroc/LRO-L-LROC-3-CDR-V1.0/M1426756644RC
M1426756644LC,2022-12-27,0.93,109.83,1.72,111.54,east,0.0,0.0,0.0,4.236954918526097,https://data.lroc.im-ldi.com/lroc/view_lroc/LRO-L-LROC-3-CDR-V1.0/M1426756644LC
M1426756631RC,2022-12-27,0.92,110,1.16,108.83,east,0.0,0.0,0.0,4.340035090472307,https://data.lroc.im-ldi.com/lroc/view_lroc/LRO-L-LROC-3-CDR-V1.0/M1426756631RC
M1426756631LC,2022-12-27,0.92,109.87,1.72,111.58,east,0.0,0.0,0.0,4.928511771059409,https://data.lroc.im-ldi.com/lroc/view_lroc/LRO-L-LROC-3-CDR-V1.0/M1426756631LC
M1426756618RC,2022-12-27,0.91,110.03,1.16,108.87,east,0.0,0.0,0.0,5.060355586862363,https://data.lroc.im-ldi.com/lroc/view_lroc/LRO-L-LROC-3-CDR-V1.0/M1426756618RC
M1426756618LC,2022-12-27,0.91,109.9,1.72,111.62,east,0.0,0.0,0.0,3.7511302883620887,https://data.lroc.im-ldi.com/lroc/view_lroc/LRO-L-LROC-3-CDR-V1.0/M1426756618LC
M1425587286RC,2022-12-13,1.56,85.66,1.15,84.52,west,0.0,0.0,0.0,309.55385364654336,https://data.lroc.im-ldi.com/lroc/view_lroc/LRO-L-LROC-3-CDR-V1.0/M1425587286RC
M1425587286LC,2022-12-13,1.56,85.54,1.72,87.26,west,0.0,0.0,0.0,308.037020238499,https://data.lroc.im-ldi.com/lroc/view_lroc/LRO-L-LROC-3-CDR-V1.0/M1425587286LC
M1424410807RC,2022-11-30,1.66,80,1.14,78.86,east,0.0,0.0,0.0,355.73108310349346,https://data.lroc.im-ldi.com/lroc/view_lroc/LRO-L-LROC-3-CDR-V1.0/M1424410807RC
M1424410807LC,2022-11-30,1.66,79.88,1.73,81.61,east,0.0,0.0,0.0,354.5113819789674,https://data.lroc.im-ldi.com/lroc/view_lroc/LRO-L-LROC-3-CDR-V1.0/M1424410807LC
M1424403737RC,2022-11-29,1.63,80.14,1.14,79,east,0.0,0.0,0.0,227.09965190362573,https://data.lroc.im-ldi.com/lroc/view_lroc/LRO-L-LROC-3-CDR-V1.0/M1424403737RC
M1424403737LC,2022-11-29,1.63,80.01,1.74,81.74,east,0.0,0.0,0.0,227.1877527550416,https://data.lroc.im-ldi.com/lroc/view_lroc/LRO-L-LROC-3-CDR-V1.0/M1424403737LC
M1422057289RC,2022-11-02,0.81,50.31,1.15,49.16,east,0.0,0.0,0.0,171.78857164389197,https://data.lroc.im-ldi.com/lroc/view_lroc/LRO-L-LROC-3-CDR-V1.0/M1422057289RC
M1422057289LC,2022-11-02,0.81,50.19,1.73,51.91,east,0.0,0.0,0.0,171.78857164389197,https://data.lroc.im-ldi.com/lroc/view_lroc/LRO-L-LROC-3-CDR-V1.0/M1422057289LC
M1417367975RC,2022-09-09,0.8,7.63,1.16,6.48,west,0.0,0.0,0.0,171.80721611247458,https://data.lroc.im-ldi.com/lroc/view_lroc/LRO-L-LROC-3-CDR-V1.0/M1417367975RC
M1417367975LC,2022-09-09,0.8,7.51,1.72,9.23,west,0.0,0.0,0.0,173.01289381149348,https://data.lroc.im-ldi.com/lroc/view_lroc/LRO-L-LROC-3-CDR-V1.0/M1417367975LC
M1417360906RC,2022-09-09,0.79,7.83,1.16,6.71,west,0.0,170.46572538204987,159.1840857904511,170.6569251174555,https://data.lroc.im-ldi.com/lroc/view_lroc/LRO-L-LROC-3-CDR-V1.0/M1417360906RC
M1417360906LC,2022-09-09,0.79,7.71,1.72,9.4,west,0.20786425191711536,51.79812047636099,15.91815736852202,162.91908740770333,https://data.lroc.im-ldi.com/lroc/view_lroc/LRO-L-LROC-3-CDR-V1.0/M1417360906LC
M1415013176LC,2022-08-13,0.76,35.89,1.71,37.61,west,0.0,116.51766335935557,116.51766335935557,116.51766335935557,https://data.lroc.im-ldi.com/lroc/view_lroc/LRO-L-LROC-3-CDR-V1.0/M1415013176LC
M1410327511RC,2022-06-20,1.51,92.03,1.16,90.87,west,0.0,0.0,0.0,300.7240722396582,https://data.lroc.im-ldi.com/lroc/view_lroc/LRO-L-LROC-3-CDR-V1.0/M1410327511RC
M1410327511LC,2022-06-20,1.51,91.91,1.71,93.62,west,0.0,0.0,0.0,299.73944153747436,https://data.lroc.im-ldi.com/lroc/view_lroc/LRO-L-LROC-3-CDR-V1.0/M1410327511LC
M1404476419RC,2022-04-13,0.84,16.25,1.16,15.1,east,0.0,0.0,0.0,182.67172226017934,https://data.lroc.im-ldi.com/lroc/view_lroc/LRO-L-LROC-3-CDR-V1.0/M1404476419RC
M1404476419LC,2022-04-13,0.85,16.12,1.72,17.83,east,0.0,0.0,0.0,189.82182486188634,https://data.lroc.im-ldi.com/lroc/view_lroc/LRO-L-LROC-3-CDR-V1.0/M1404476419LC
M1404469409RC,2022-04-13,0.85,16.17,1.16,15.03,east,0.0,0.0,0.0,92.53731802490313,https://data.lroc.im-ldi.com/lroc/view_lroc/LRO-L-LROC-3-CDR-V1.0/M1404469409RC
M1404469409LC,2022-04-13,0.85,16.04,1.72,17.75,east,0.0,0.0,0.0,96.06826736705733,https://data.lroc.im-ldi.com/lroc/view_lroc/LRO-L-LROC-3-CDR-V1.0/M1404469409LC
M1404462373RC,2022-04-13,0.86,16.21,1.16,15.09,east,0.07521618534834394,0.0,0.0,128.44167095340924,https://data.lroc.im-ldi.com/lroc/view_lroc/LRO-L-LROC-3-CDR-V1.0/M1404462373RC
M1404462373LC,2022-04-13,0.86,16.09,1.72,17.78,east,0.2395170500897373,7.400087739986776,0.2648165677169497,128.44142108122287,https://data.lroc.im-ldi.com/lroc/view_lroc/LRO-L-LROC-3-CDR-V1.0/M1404462373LC
M1402125596RC,2022-03-17,0.85,13.12,1.16,11.97,west,0.0,0.0,0.0,182.55485727963816,https://data.lroc.im-ldi.com/lroc/view_lroc/LRO-L-LROC-3-CDR-V1.0/M1402125596RC
M1402125596LC,2022-03-17,0.85,12.99,1.72,14.69,west,0.0,0.0,0.0,182.55600898927162,https://data.lroc.im-ldi.com/lroc/view_lroc/LRO-L-LROC-3-CDR-V1.0/M1402125596LC
M1398595104RC,2022-02-04,0.92,123.54,1.16,122.38,east,0.0,0.0,0.0,4.63341479739602,https://data.lroc.im-ldi.com/lroc/view_lroc/LRO-L-LROC-3-CDR-V1.0/M1398595104RC
M1398595104LC,2022-02-04,0.92,123.42,1.71,125.13,east,0.0,0.0,0.0,3.574354644383955,https://data.lroc.im-ldi.com/lroc/view_lroc/LRO-L-LROC-3-CDR-V1.0/M1398595104LC
M1398595091RC,2022-02-04,0.91,123.58,1.16,122.41,east,0.0,0.0,0.0,4.825412930953121,https://data.lroc.im-ldi.com/lroc/view_lroc/LRO-L-LROC-3-CDR-V1.0/M1398595091RC
M1398595091LC,2022-02-04,0.91,123.45,1.71,125.16,east,0.0,0.0,0.0,4.854842753197008,https://data.lroc.im-ldi.com/lroc/view_lroc/LRO-L-LROC-3-CDR-V1.0/M1398595091LC
M1398595078RC,2022-02-04,0.9,123.61,1.16,122.45,east,0.0,0.0,0.0,3.486739444209218,https://data.lroc.im-ldi.com/lroc/view_lroc/LRO-L-LROC-3-CDR-V1.0/M1398595078RC
M1398595078LC,2022-02-04,0.9,123.48,1.71,125.2,east,0.0,0.0,0.0,4.85495201873131,https://data.lroc.im-ldi.com/lroc/view_lroc/LRO-L-LROC-3-CDR-V1.0/M1398595078LC
M1398595065RC,2022-02-04,0.89,123.63,1.16,122.47,east,0.0,0.0,0.0,3.4863445838901788,https://data.lroc.im-ldi.com/lroc/view_lroc/LRO-L-LROC-3-CDR-V1.0/M1398595065RC
M1398595065LC,2022-02-04,0.89,123.51,1.71,125.22,east,0.0,0.0,0.0,4.854397412293179,https://data.lroc.im-ldi.com/lroc/view_lroc/LRO-L-LROC-3-CDR-V1.0/M1398595065LC
M139755141RC,2010-09-22,0.5,8.77,1.14,7.65,west,0.10017947462881384,0.0,0.0,69.14539649120849,https://data.lroc.im-ldi.com/lroc/view_lroc/LRO-L-LROC-3-CDR-V1.0/M139755141RC
M139755141LC,2010-09-22,0.5,8.7,1.69,10.36,west,0.0,0.0,0.0,63.76093698166892,https://data.lroc.im-ldi.com/lroc/view_lroc/LRO-L-LROC-3-CDR-V1.0/M139755141LC
M1396253996RC,2022-01-08,1.65,93.87,1.16,92.7,east,0.0,0.0,0.0,366.8633662458062,https://data.lroc.im-ldi.com/lroc/view_lroc/LRO-L-LROC-3-CDR-V1.0/M1396253996RC
M1396253996LC,2022-01-08,1.65,93.74,1.72,95.45,east,0.0,0.0,0.0,352.87325264746187,https://data.lroc.im-ldi.com/lroc/view_lroc/LRO-L-LROC-3-CDR-V1.0/M1396253996LC
M1396246998RC,2022-01-08,0.82,93.74,1.16,92.58,east,0.0,0.0,0.0,176.5982565924676,https://data.lroc.im-ldi.com/lroc/view_lroc/LRO-L-LROC-3-CDR-V1.0/M1396246998RC
M1396246998LC,2022-01-08,0.82,93.61,1.72,95.33,east,0.0,0.0,0.0,184.6004545298241,https://data.lroc.im-ldi.com/lroc/view_lroc/LRO-L-LROC-3-CDR-V1.0/M1396246998LC
M1391556459RC,2021-11-14,0.87,34.43,1.15,33.28,east,0.0,0.0,0.0,166.77314857565793,https://data.lroc.im-ldi.com/lroc/view_lroc/LRO-L-LROC-3-CDR-V1.0/M1391556459RC
M1391556459LC,2021-11-14,0.87,34.29,1.74,36.03,east,0.0,0.0,0.0,165.5818268867163,https://data.lroc.im-ldi.com/lroc/view_lroc/LRO-L-LROC-3-CDR-V1.0/M1391556459LC
M1391549421RC,2021-11-14,0.86,34.35,1.15,33.2,east,0.0,162.25952705923092,162.25952705923092,162.25952705923092,https://data.lroc.im-ldi.com/lroc/view_lroc/LRO-L-LROC-3-CDR-V1.0/M1391549421RC
M1389219455RC,2021-10-18,0.91,5.38,1.17,4.23,east,0.0,0.0,0.0,225.56362123632942,https://data.lroc.im-ldi.com/lroc/view_lroc/LRO-L-LROC-3-CDR-V1.0/M1389219455RC
M1389219455LC,2021-10-18,0.92,5.24,1.72,6.95,east,0.0,0.0,0.0,216.95000084441142,https://data.lroc.im-ldi.com/lroc/view_lroc/LRO-L-LROC-3-CDR-V1.0/M1389219455LC
M1389205312RC,2021-10-18,0.9,5.54,1.16,4.45,east,0.0,0.0,0.0,209.1569776976608,https://data.lroc.im-ldi.com/lroc/view_lroc/LRO-L-LROC-3-CDR-V1.0/M1389205312RC
M1389205312LC,2021-10-18,0.9,5.41,1.73,7.05,east,0.49159732419644314,0.0,0.0,209.03898313272967,https://data.lroc.im-ldi.com/lroc/view_lroc/LRO-L-LROC-3-CDR-V1.0/M1389205312LC
M1386859256RC,2021-09-21,0.92,23.63,1.17,22.46,west,0.0,0.0,0.0,220.9229169697037,https://data.lroc.im-ldi.com/lroc/view_lroc/LRO-L-LROC-3-CDR-V1.0/M1386859256RC
M1386859256LC,2021-09-21,0.92,23.49,1.72,25.21,west,0.0,0.0,0.0,228.4700761212086,https://data.lroc.im-ldi.com/lroc/view_lroc/LRO-L-LROC-3-CDR-V1.0/M1386859256LC
M138584832RC,2010-09-08,0.73,158.9,1.13,157.78,east,0.0,0.0,0.0,2.118182379770279,https://data.lroc.im-ldi.com/lroc/view_lroc/LRO-L-LROC-3-CDR-V1.0/M138584832RC
M138584832LC,2010-09-08,0.73,158.84,1.68,160.53,east,0.0,0.0,0.0,1.765151983141899,https://data.lroc.im-ldi.com/lroc/view_lroc/LRO-L-LROC-3-CDR-V1.0/M138584832LC
M138584815RC,2010-09-08,0.72,158.87,1.13,157.74,east,0.0,0.0,0.0,2.118533178904796,https://data.lroc.im-ldi.com/lroc/view_lroc/LRO-L-LROC-3-CDR-V1.0/M138584815RC
M138584815LC,2010-09-08,0.72,158.8,1.68,160.48,east,0.0,0.0,0.0,2.6481659509026927,https://data.lroc.im-ldi.com/lroc/view_lroc/LRO-L-LROC-3-CDR-V1.0/M138584815LC
M138584799LC,2010-09-08,0.68,158.73,1.68,160.4,east,0.0,0.0,0.0,2.2066332528532984,https://data.lroc.im-ldi.com/lroc/view_lroc/LRO-L-LROC-3-CDR-V1.0/M138584799LC
M1384521516RC,2021-08-25,0.94,51.95,1.17,50.78,west,0.0,0.0,0.0,149.6883348622741,https://data.lroc.im-ldi.com/lroc/view_lroc/LRO-L-LROC-3-CDR-V1.0/M1384521516RC
M1384521516LC,2021-08-25,0.94,51.8,1.73,53.53,west,0.0,0.0,0.0,154.49522033415482,https://data.lroc.im-ldi.com/lroc/view_lroc/LRO-L-LROC-3-CDR-V1.0/M1384521516LC
M1376299219RC,2021-05-22,0.73,29.48,1.16,28.34,east,0.0,0.0,0.0,145.27566964298526,https://data.lroc.im-ldi.com/lroc/view_lroc/LRO-L-LROC-3-CDR-V1.0/M1376299219RC
M1376299219LC,2021-05-22,0.73,29.37,1.71,31.06,east,0.0,0.0,0.0,144.62778365653506,https://data.lroc.im-ldi.com/lroc/view_lroc/LRO-L-LROC-3-CDR-V1.0/M1376299219LC
M1373951792RC,2021-04-25,0.69,1.13,1.16,0.39,east,0.0,0.0,0.0,126.23159494350742,https://data.lroc.im-ldi.com/lroc/view_lroc/LRO-L-LROC-3-CDR-V1.0/M1373951792RC
M1373951792LC,2021-04-25,0.69,1.03,1.7,2.69,east,0.0,0.0,0.0,125.46697631062185,https://data.lroc.im-ldi.com/lroc/view_lroc/LRO-L-LROC-3-CDR-V1.0/M1373951792LC
M137394116RC,2010-08-25,0.5,35.32,0.92,36.23,west,0.0,62.96301836836308,62.96301836836308,62.96301836836308,https://data.lroc.im-ldi.com/lroc/view_lroc/LRO-L-LROC-3-CDR-V1.0/M137394116RC
M137394116LC,2010-08-25,0.5,35.25,3.74,38.98,west,0.0,62.0656205734744,34.4090879454104,66.34627597333647,https://data.lroc.im-ldi.com/lroc/view_lroc/LRO-L-LROC-3-CDR-V1.0/M137394116LC
M1371606073RC,2021-03-28,0.71,27.47,1.15,26.31,west,0.0,0.0,0.0,136.0872285871856,https://data.lroc.im-ldi.com/lroc/view_lroc/LRO-L-LROC-3-CDR-V1.0/M1371606073RC
M1371606073LC,2021-03-28,0.71,27.36,1.71,29.06,west,0.0,0.0,0.0,130.29361037018663,https://data.lroc.im-ldi.com/lroc/view_lroc/LRO-L-LROC-3-CDR-V1.0/M1371606073LC
M1370421863RC,2021-03-15,0.98,138.78,1.17,137.61,east,0.0,5.589698773310838,5.589698773310838,5.589698773310838,https://data.lroc.im-ldi.com/lroc/view_lroc/LRO-L-LROC-3-CDR-V1.0/M1370421863RC
M1370421850RC,2021-03-15,0.97,138.81,1.16,137.64,east,0.0,4.119303639311374,3.6043909102665213,4.119303639311374,https://data.lroc.im-ldi.com/lroc/view_lroc/LRO-L-LROC-3-CDR-V1.0/M1370421850RC
M1370421837RC,2021-03-15,0.96,138.83,1.16,137.67,east,0.0,3.810378735629092,2.942377123975207,4.119328484933895,https://data.lroc.im-ldi.com/lroc/view_lroc/LRO-L-LROC-3-CDR-V1.0/M1370421837RC
M1370421837LC,2021-03-15,0.96,138.69,1.73,140.42,east,0.0,4.869631598838792,4.869631598838792,4.869631598838792,https://data.lroc.im-ldi.com/lroc/view_lroc/LRO-L-LROC-3-CDR-V1.0/M1370421837LC
M1370421824RC,2021-03-15,0.95,138.84,1.17,137.68,east,0.0,2.8243233814678312,1.956431754486739,4.118806737350708,https://data.lroc.im-ldi.com/lroc/view_lroc/LRO-L-LROC-3-CDR-V1.0/M1370421824RC
M1370421824LC,2021-03-15,0.95,138.7,1.73,140.43,east,0.0,4.869008045687832,4.869008045687832,4.869008045687832,https://data.lroc.im-ldi.com/lroc/view_lroc/LRO-L-LROC-3-CDR-V1.0/M1370421824LC
M1365738894RC,2021-01-19,1.82,80.37,1.17,79.2,east,0.0,0.0,0.0,433.68604899572637,https://data.lroc.im-ldi.com/lroc/view_lroc/LRO-L-LROC-3-CDR-V1.0/M1365738894RC
M1365738894LC,2021-01-19,1.83,80.23,1.72,81.94,east,0.0,0.0,0.0,447.2626430915035,https://data.lroc.im-ldi.com/lroc/view_lroc/LRO-L-LROC-3-CDR-V1.0/M1365738894LC
M1365731888RC,2021-01-19,1.83,80.21,1.17,79.04,east,0.0,0.0,0.0,450.15767646308757,https://data.lroc.im-ldi.com/lroc/view_lroc/LRO-L-LROC-3-CDR-V1.0/M1365731888RC
M1365731888LC,2021-01-19,1.83,80.07,1.72,81.79,east,0.0,0.0,0.0,451.87867284297215,https://data.lroc.im-ldi.com/lroc/view_lroc/LRO-L-LROC-3-CDR-V1.0/M1365731888LC
M1364560880RC,2021-01-06,0.89,115.15,1.3,113.96,west,0.0,0.0,0.0,3.4865542635948903,https://data.lroc.im-ldi.com/lroc/view_lroc/LRO-L-LROC-3-CDR-V1.0/M1364560880RC
M1364560880LC,2021-01-06,0.89,115.03,1.84,116.71,west,0.0,0.0,0.0,4.060280496312629,https://data.lroc.im-ldi.com/lroc/view_lroc/LRO-L-LROC-3-CDR-V1.0/M1364560880LC
M1364560868RC,2021-01-06,0.89,115.11,1.29,113.93,west,0.0,0.0,0.0,4.413625320381157,https://data.lroc.im-ldi.com/lroc/view_lroc/LRO-L-LROC-3-CDR-V1.0/M1364560868RC
M1364560868LC,2021-01-06,0.89,115,1.84,116.67,west,0.0,0.0,0.0,3.6191733698202784,https://data.lroc.im-ldi.com/lroc/view_lroc/LRO-L-LROC-3-CDR-V1.0/M1364560868LC
M1364560855RC,2021-01-06,0.88,115.07,1.29,113.89,west,0.0,0.0,0.0,4.104351752797648,https://data.lroc.im-ldi.com/lroc/view_lroc/LRO-L-LROC-3-CDR-V1.0/M1364560855RC
M1364560855LC,2021-01-06,0.88,114.96,1.84,116.62,west,0.0,0.0,0.0,4.41329239140674,https://data.lroc.im-ldi.com/lroc/view_lroc/LRO-L-LROC-3-CDR-V1.0/M1364560855LC
M1364560842LC,2021-01-06,0.84,114.92,1.84,116.58,west,0.0,0.0,0.0,3.4857685841579915,https://data.lroc.im-ldi.com/lroc/view_lroc/LRO-L-LROC-3-CDR-V1.0/M1364560842LC
M1361031224RC,2020-11-26,0.9,21.3,1.17,20.14,east,0.0,0.0,0.0,188.76488593414376,https://data.lroc.im-ldi.com/lroc/view_lroc/LRO-L-LROC-3-CDR-V1.0/M1361031224RC
M1361031224LC,2020-11-26,0.9,21.17,1.72,22.88,east,0.0,0.0,0.0,189.89756419035643,https://data.lroc.im-ldi.com/lroc/view_lroc/LRO-L-LROC-3-CDR-V1.0/M1361031224LC
M1358679219LC,2020-10-30,0.89,7.88,1.73,9.61,west,0.0,64.63247134665974,64.63247134665974,64.63247134665974,https://data.lroc.im-ldi.com/lroc/view_lroc/LRO-L-LROC-3-CDR-V1.0/M1358679219LC
M1352828909LC,2020-08-23,19.86,100.26,1.7,101.95,east,0.0,0.0,0.0,154.85618486017393,https://data.lroc.im-ldi.com/lroc/view_lroc/LRO-L-LROC-3-CDR-V1.0/M1352828909LC
M1352821866RC,2020-08-23,19.89,100.3,1.18,99.13,east,0.0,0.0,0.0,321.72539540798175,https://data.lroc.im-ldi.com/lroc/view_lroc/LRO-L-LROC-3-CDR-V1.0/M1352821866RC
M1352821866LC,2020-08-23,19.89,100.17,1.7,101.87,east,0.0,0.0,0.0,309.85404209358234,https://data.lroc.im-ldi.com/lroc/view_lroc/LRO-L-LROC-3-CDR-V1.0/M1352821866LC
M1350473312RC,2020-07-27,0.87,72.53,1.17,71.37,east,0.0,0.0,0.0,194.5159263229124,https://data.lroc.im-ldi.com/lroc/view_lroc/LRO-L-LROC-3-CDR-V1.0/M1350473312RC
M1350473312LC,2020-07-27,0.87,72.4,1.72,74.11,east,0.0,0.0,0.0,201.69293967917272,https://data.lroc.im-ldi.com/lroc/view_lroc/LRO-L-LROC-3-CDR-V1.0/M1350473312LC
M1350466285RC,2020-07-27,0.85,72.44,1.16,71.29,east,0.0,0.0,0.0,188.188720085181,https://data.lroc.im-ldi.com/lroc/view_lroc/LRO-L-LROC-3-CDR-V1.0/M1350466285RC
M1350466285LC,2020-07-27,0.86,72.31,1.72,74.03,east,0.0,0.0,0.0,196.5571250706531,https://data.lroc.im-ldi.com/lroc/view_lroc/LRO-L-LROC-3-CDR-V1.0/M1350466285LC
M135039651RC,2010-07-29,0.52,62.09,16.98,45.11,west,0.4256811877957252,0.0,0.0,70.02781757711661,https://data.lroc.im-ldi.com/lroc/view_lroc/LRO-L-LROC-3-CDR-V1.0/M135039651RC
M135039651LC,2010-07-29,0.52,62.01,14.16,47.86,west,0.0,0.0,0.0,69.71889372471226,https://data.lroc.im-ldi.com/lroc/view_lroc/LRO-L-LROC-3-CDR-V1.0/M135039651LC
M135032851RC,2010-07-29,0.53,61.22,19.42,80.63,west,0.0,0.0,0.0,75.31175052279684,https://data.lroc.im-ldi.com/lroc/view_lroc/LRO-L-LROC-3-CDR-V1.0/M135032851RC
M135032851LC,2010-07-29,0.54,61.14,22.25,83.38,west,0.0,0.0,0.0,77.44483280488714,https://data.lroc.im-ldi.com/lroc/view_lroc/LRO-L-LROC-3-CDR-V1.0/M135032851LC
M1345778231RC,2020-06-02,0.87,17.35,1.16,16.23,east,0.0,0.0,0.0,173.2617265383576,https://data.lroc.im-ldi.com/lroc/view_lroc/LRO-L-LROC-3-CDR-V1.0/M1345778231RC
M1345778231LC,2020-06-02,0.87,17.22,1.72,18.92,east,0.0,0.0,0.0,174.42233772785488,https://data.lroc.im-ldi.com/lroc/view_lroc/LRO-L-LROC-3-CDR-V1.0/M1345778231LC
M1345771209RC,2020-06-02,0.87,17.24,1.16,16.11,east,0.0,0.0,0.0,202.17622327765787,https://data.lroc.im-ldi.com/lroc/view_lroc/LRO-L-LROC-3-CDR-V1.0/M1345771209RC
M1345771209LC,2020-06-02,0.87,17.11,1.72,18.81,east,0.0,0.0,0.0,201.70459969970022,https://data.lroc.im-ldi.com/lroc/view_lroc/LRO-L-LROC-3-CDR-V1.0/M1345771209LC
M1345764215RC,2020-06-02,0.87,16.97,1.16,15.82,east,0.0,201.75269214329498,201.75269214329498,201.75269214329498,https://data.lroc.im-ldi.com/lroc/view_lroc/LRO-L-LROC-3-CDR-V1.0/M1345764215RC
M1341070157RC,2020-04-09,0.89,39.12,1.16,37.96,west,0.0,0.0,0.0,204.32301290636883,https://data.lroc.im-ldi.com/lroc/view_lroc/LRO-L-LROC-3-CDR-V1.0/M1341070157RC
M1341070157LC,2020-04-09,0.89,38.99,1.73,40.71,west,0.0,0.0,0.0,219.00410591727302,https://data.lroc.im-ldi.com/lroc/view_lroc/LRO-L-LROC-3-CDR-V1.0/M1341070157LC
M1332843118RC,2020-01-05,0.83,39.8,1.16,38.65,east,0.0,0.0,0.0,92.38244483767976,https://data.lroc.im-ldi.com/lroc/view_lroc/LRO-L-LROC-3-CDR-V1.0/M1332843118RC
M1332843118LC,2020-01-05,0.84,39.68,1.72,41.4,east,0.0,0.0,0.0,94.69202440400058,https://data.lroc.im-ldi.com/lroc/view_lroc/LRO-L-LROC-3-CDR-V1.0/M1332843118LC
M132678405RC,2010-07-02,0.5,87.99,3.19,84.8,west,0.08141621798009463,0.0,0.0,67.21515606231583,https://data.lroc.im-ldi.com/lroc/view_lroc/LRO-L-LROC-3-CDR-V1.0/M132678405RC
M132678405LC,2010-07-02,0.5,87.91,0.36,87.55,west,0.0,0.0,0.0,70.02510183298554,https://data.lroc.im-ldi.com/lroc/view_lroc/LRO-L-LROC-3-CDR-V1.0/M132678405LC
M1325802542RC,2019-10-15,0.88,47.4,1.16,46.24,west,0.0,0.0,0.0,201.56435219313155,https://data.lroc.im-ldi.com/lroc/view_lroc/LRO-L-LROC-3-CDR-V1.0/M1325802542RC
M1325802542LC,2019-10-15,0.88,47.26,1.73,48.99,west,0.0,0.0,0.0,201.66731501325214,https://data.lroc.im-ldi.com/lroc/view_lroc/LRO-L-LROC-3-CDR-V1.0/M1325802542LC
M1324631086RC,2019-10-02,0.91,117.51,1.16,116.36,east,0.0,0.0,0.0,3.9721076136279967,https://data.lroc.im-ldi.com/lroc/view_lroc/LRO-L-LROC-3-CDR-V1.0/M1324631086RC
M1324631086LC,2019-10-02,0.91,117.39,1.72,119.11,east,0.0,0.0,0.0,3.972113706049252,https://data.lroc.im-ldi.com/lroc/view_lroc/LRO-L-LROC-3-CDR-V1.0/M1324631086LC
M1324631073RC,2019-10-02,0.9,117.53,1.16,116.38,east,0.0,0.0,0.0,4.854969164692428,https://data.lroc.im-ldi.com/lroc/view_lroc/LRO-L-LROC-3-CDR-V1.0/M1324631073RC
M1324631073LC,2019-10-02,0.9,117.41,1.72,119.13,east,0.0,0.0,0.0,4.85496664650837,https://data.lroc.im-ldi.com/lroc/view_lroc/LRO-L-LROC-3-CDR-V1.0/M1324631073LC
M1324631060RC,2019-10-02,0.9,117.55,1.16,116.4,east,0.0,0.0,0.0,4.854473467275788,https://data.lroc.im-ldi.com/lroc/view_lroc/LRO-L-LROC-3-CDR-V1.0/M1324631060RC
M1324631060LC,2019-10-02,0.9,117.43,1.72,119.15,east,0.0,0.0,0.0,4.854461040807459,https://data.lroc.im-ldi.com/lroc/view_lroc/LRO-L-LROC-3-CDR-V1.0/M1324631060LC
M1323452759RC,2019-09-18,1.77,75.77,1.16,74.61,west,0.0,0.0,0.0,407.13500296575035,https://data.lroc.im-ldi.com/lroc/view_lroc/LRO-L-LROC-3-CDR-V1.0/M1323452759RC
M1323452759LC,2019-09-18,1.78,75.64,1.73,77.36,west,0.0,0.0,0.0,421.74239728844395,https://data.lroc.im-ldi.com/lroc/view_lroc/LRO-L-LROC-3-CDR-V1.0/M1323452759LC
M1322281671RC,2019-09-05,1.59,89.26,1.16,88.11,east,0.0,0.0,0.0,60.41933837251168,https://data.lroc.im-ldi.com/lroc/view_lroc/LRO-L-LROC-3-CDR-V1.0/M1322281671RC
M1322281671LC,2019-09-05,1.59,89.14,1.71,90.85,east,0.0,0.0,0.0,60.4194428407522,https://data.lroc.im-ldi.com/lroc/view_lroc/LRO-L-LROC-3-CDR-V1.0/M1322281671LC
M1319933125RC,2019-08-08,0.78,61.53,1.16,60.38,east,0.0,0.0,0.0,156.20693263734927,https://data.lroc.im-ldi.com/lroc/view_lroc/LRO-L-LROC-3-CDR-V1.0/M1319933125RC
M1319933125LC,2019-08-08,0.79,61.41,1.71,63.12,east,0.0,0.0,0.0,156.19137276285105,https://data.lroc.im-ldi.com/lroc/view_lroc/LRO-L-LROC-3-CDR-V1.0/M1319933125LC
M1318755560RC,2019-07-26,0.96,131.49,1.16,130.33,west,0.0,0.0,0.0,4.73648729184573,https://data.lroc.im-ldi.com/lroc/view_lroc/LRO-L-LROC-3-CDR-V1.0/M1318755560RC
M1318755560LC,2019-07-26,0.97,131.35,1.73,133.08,west,0.0,0.0,0.0,5.3689848633063715,https://data.lroc.im-ldi.com/lroc/view_lroc/LRO-L-LROC-3-CDR-V1.0/M1318755560LC
M1318755547RC,2019-07-26,0.96,131.47,1.16,130.3,west,0.0,0.0,0.0,4.222271016955046,https://data.lroc.im-ldi.com/lroc/view_lroc/LRO-L-LROC-3-CDR-V1.0/M1318755547RC
M1318755547LC,2019-07-26,0.96,131.33,1.73,133.05,west,0.0,0.0,0.0,5.369784876651689,https://data.lroc.im-ldi.com/lroc/view_lroc/LRO-L-LROC-3-CDR-V1.0/M1318755547LC
M1318755534RC,2019-07-26,0.95,131.43,1.16,130.27,west,0.0,0.0,0.0,3.8103887724593495,https://data.lroc.im-ldi.com/lroc/view_lroc/LRO-L-LROC-3-CDR-V1.0/M1318755534RC
M1318755534LC,2019-07-26,0.95,131.29,1.73,133.02,west,0.0,0.0,0.0,5.149176150390598,https://data.lroc.im-ldi.com/lroc/view_lroc/LRO-L-LROC-3-CDR-V1.0/M1318755534LC
M1318755521RC,2019-07-26,0.94,131.39,1.16,130.23,west,0.0,0.0,0.0,5.457458915482026,https://data.lroc.im-ldi.com/lroc/view_lroc/LRO-L-LROC-3-CDR-V1.0/M1318755521RC
M1318755521LC,2019-07-26,0.94,131.25,1.73,132.98,west,0.0,0.0,0.0,4.030581519999783,https://data.lroc.im-ldi.com/lroc/view_lroc/LRO-L-LROC-3-CDR-V1.0/M1318755521LC
M1317571303RC,2019-07-12,0.76,34.07,8.95,25.17,east,0.2685593082068853,0.0,0.0,154.92388799263102,https://data.lroc.im-ldi.com/lroc/view_lroc/LRO-L-LROC-3-CDR-V1.0/M1317571303RC
M1317571303LC,2019-07-12,0.76,33.95,6.08,27.9,east,0.4778919889052048,18.404741341768244,3.383774558498237,161.1172849912249,https://data.lroc.im-ldi.com/lroc/view_lroc/LRO-L-LROC-3-CDR-V1.0/M1317571303LC
M1315225938RC,2019-06-15,0.7,6.23,1.16,5.07,east,0.0,0.0,0.0,128.11754056466646,https://data.lroc.im-ldi.com/lroc/view_lroc/LRO-L-LROC-3-CDR-V1.0/M1315225938RC
M1315225938LC,2019-06-15,0.7,6.13,1.7,7.82,east,0.0,0.0,0.0,128.52969812155192,https://data.lroc.im-ldi.com/lroc/view_lroc/LRO-L-LROC-3-CDR-V1.0/M1315225938LC
M131501287RC,2010-06-18,0.83,79.48,1.13,78.35,east,0.0,0.0,0.0,69.85835068055434,https://data.lroc.im-ldi.com/lroc/view_lroc/LRO-L-LROC-3-CDR-V1.0/M131501287RC
M131501287LC,2010-06-18,0.84,79.42,1.68,81.1,east,0.0,0.0,0.0,67.4755311713298,https://data.lroc.im-ldi.com/lroc/view_lroc/LRO-L-LROC-3-CDR-V1.0/M131501287LC
M131494509RC,2010-06-18,0.47,79.29,4.34,83.63,east,0.0,0.0,0.0,58.822267951848545,https://data.lroc.im-ldi.com/lroc/view_lroc/LRO-L-LROC-3-CDR-V1.0/M131494509RC
M131494509LC,2010-06-18,0.48,79.22,7.16,86.38,east,0.0,0.0,0.0,56.70370309265727,https://data.lroc.im-ldi.com/lroc/view_lroc/LRO-L-LROC-3-CDR-V1.0/M131494509LC
M1312875592RC,2019-05-19,0.7,21.49,1.16,20.35,west,0.0,0.0,0.0,107.91685332322578,https://data.lroc.im-ldi.com/lroc/view_lroc/LRO-L-LROC-3-CDR-V1.0/M1312875592RC
M1312875592LC,2019-05-19,0.7,21.39,1.7,23.09,west,0.0,0.0,0.0,107.91645283423715,https://data.lroc.im-ldi.com/lroc/view_lroc/LRO-L-LROC-3-CDR-V1.0/M1312875592LC
M1310530541RC,2019-04-22,0.71,49.29,1.15,48.14,west,0.0,0.0,0.0,130.18832060759473,https://data.lroc.im-ldi.com/lroc/view_lroc/LRO-L-LROC-3-CDR-V1.0/M1310530541RC
M1310530541LC,2019-04-22,0.71,49.18,1.71,50.88,west,0.0,0.0,0.0,130.29098773245,https://data.lroc.im-ldi.com/lroc/view_lroc/LRO-L-LROC-3-CDR-V1.0/M1310530541LC
M1308184575RC,2019-03-25,1.41,77.51,1.15,76.37,west,0.0,0.0,0.0,259.1501254564761,https://data.lroc.im-ldi.com/lroc/view_lroc/LRO-L-LROC-3-CDR-V1.0/M1308184575RC
M1308184575LC,2019-03-25,1.41,77.41,1.71,79.12,west,0.0,0.0,0.0,259.149069432956,https://data.lroc.im-ldi.com/lroc/view_lroc/LRO-L-LROC-3-CDR-V1.0/M1308184575LC
M1308170489RC,2019-03-25,0.73,77.6,1.15,76.45,west,0.0,140.4188704667543,140.4188704667543,140.4188704667543,https://data.lroc.im-ldi.com/lroc/view_lroc/LRO-L-LROC-3-CDR-V1.0/M1308170489RC
M1308170489LC,2019-03-25,0.73,77.49,1.71,79.19,west,0.0,120.06657242388438,91.91685523188461,140.41941019997103,https://data.lroc.im-ldi.com/lroc/view_lroc/LRO-L-LROC-3-CDR-V1.0/M1308170489LC
M1307000823RC,2019-03-12,1.89,88.75,1.17,87.58,east,0.0,0.0,0.0,460.7235057526361,https://data.lroc.im-ldi.com/lroc/view_lroc/LRO-L-LROC-3-CDR-V1.0/M1307000823RC
M1307000823LC,2019-03-12,1.89,88.6,1.73,90.33,east,0.0,0.0,0.0,462.091709720862,https://data.lroc.im-ldi.com/lroc/view_lroc/LRO-L-LROC-3-CDR-V1.0/M1307000823LC
M1302306019LC,2019-01-16,0.94,30.73,1.73,32.45,east,0.0,0.0,0.0,237.40726688446307,https://data.lroc.im-ldi.com/lroc/view_lroc/LRO-L-LROC-3-CDR-V1.0/M1302306019LC
M1302291967RC,2019-01-16,0.94,30.71,1.17,29.54,east,0.0,0.0,0.0,178.40957483395692,https://data.lroc.im-ldi.com/lroc/view_lroc/LRO-L-LROC-3-CDR-V1.0/M1302291967RC
M1302291967LC,2019-01-16,0.95,30.56,1.73,32.29,east,0.0,0.0,0.0,184.41118650337268,https://data.lroc.im-ldi.com/lroc/view_lroc/LRO-L-LROC-3-CDR-V1.0/M1302291967LC
M1301135544RC,2019-01-03,0.88,164.42,1.15,163.28,west,0.0,0.0,0.0,4.1192121712827054,https://data.lroc.im-ldi.com/lroc/view_lroc/LRO-L-LROC-3-CDR-V1.0/M1301135544RC
M1301135531RC,2019-01-03,0.87,164.37,1.15,163.24,west,0.0,0.0,0.0,3.6191612696193616,https://data.lroc.im-ldi.com/lroc/view_lroc/LRO-L-LROC-3-CDR-V1.0/M1301135531RC
M1301135518RC,2019-01-03,0.87,164.29,1.15,163.17,west,0.0,0.0,0.0,4.060114090817184,https://data.lroc.im-ldi.com/lroc/view_lroc/LRO-L-LROC-3-CDR-V1.0/M1301135518RC
M1299943690RC,2018-12-20,0.91,2.25,1.17,1.58,east,0.0,0.0,0.0,214.11172242151343,https://data.lroc.im-ldi.com/lroc/view_lroc/LRO-L-LROC-3-CDR-V1.0/M1299943690RC
M1299943690LC,2018-12-20,0.91,2.15,1.72,3.55,east,0.0,0.0,0.0,206.77031000848808,https://data.lroc.im-ldi.com/lroc/view_lroc/LRO-L-LROC-3-CDR-V1.0/M1299943690LC
M1297603094RC,2018-11-23,0.88,27.45,1.16,26.3,west,0.0,0.0,0.0,200.15280979451904,https://data.lroc.im-ldi.com/lroc/view_lroc/LRO-L-LROC-3-CDR-V1.0/M1297603094RC
M1297589074RC,2018-11-23,0.89,27.56,1.16,26.4,west,0.9879262522434329,1.9272413192208866,0.0,192.38410737030694,https://data.lroc.im-ldi.com/lroc/view_lroc/LRO-L-LROC-3-CDR-V1.0/M1297589074RC
M1297589074LC,2018-11-23,0.89,27.42,1.73,29.15,west,0.0,0.0,0.0,184.601853219131,https://data.lroc.im-ldi.com/lroc/view_lroc/LRO-L-LROC-3-CDR-V1.0/M1297589074LC
M1295235628LC,2018-10-26,0.85,56.13,1.72,57.86,west,0.0,188.7179371861713,179.9244871188554,188.7179371861713,https://data.lroc.im-ldi.com/lroc/view_lroc/LRO-L-LROC-3-CDR-V1.0/M1295235628LC
M1294080378RC,2018-10-13,11.83,108.76,1.16,107.6,east,0.0,0.0,0.0,83.07644690953293,https://data.lroc.im-ldi.com/lroc/view_lroc/LRO-L-LROC-3-CDR-V1.0/M1294080378RC
M1294080378LC,2018-10-13,11.83,108.64,1.71,110.35,east,0.0,0.0,0.0,83.0763418458539,https://data.lroc.im-ldi.com/lroc/view_lroc/LRO-L-LROC-3-CDR-V1.0/M1294080378LC
M1291727970RC,2018-09-16,1.58,80.49,1.16,79.33,east,0.0,0.0,0.0,316.8619385419654,https://data.lroc.im-ldi.com/lroc/view_lroc/LRO-L-LROC-3-CDR-V1.0/M1291727970RC
M1291727970LC,2018-09-16,1.58,80.37,1.71,82.08,east,0.0,0.0,0.0,329.94793128593693,https://data.lroc.im-ldi.com/lroc/view_lroc/LRO-L-LROC-3-CDR-V1.0/M1291727970LC
M129133239RC,2010-05-22,0.48,53.13,5.6,47.53,east,0.07488986784140969,0.0,0.0,56.710154083558066,https://data.lroc.im-ldi.com/lroc/view_lroc/LRO-L-LROC-3-CDR-V1.0/M129133239RC
M129133239LC,2010-05-22,0.48,53.06,2.78,50.28,east,0.10360580845162343,0.0,0.0,60.902888796945106,https://data.lroc.im-ldi.com/lroc/view_lroc/LRO-L-LROC-3-CDR-V1.0/M129133239LC
M1289376117RC,2018-08-20,0.82,52.8,1.16,51.65,east,0.0,0.0,0.0,176.45879066813046,https://data.lroc.im-ldi.com/lroc/view_lroc/LRO-L-LROC-3-CDR-V1.0/M1289376117RC
M1289376117LC,2018-08-20,0.82,52.68,1.71,54.39,east,0.0,0.0,0.0,176.45849723450678,https://data.lroc.im-ldi.com/lroc/view_lroc/LRO-L-LROC-3-CDR-V1.0/M1289376117LC
M1287024690RC,2018-07-23,0.82,25.29,1.17,24.13,east,0.0,0.0,0.0,176.41773589050462,https://data.lroc.im-ldi.com/lroc/view_lroc/LRO-L-LROC-3-CDR-V1.0/M1287024690RC
M1287024690LC,2018-07-23,0.82,25.17,1.71,26.88,east,0.0,0.0,0.0,177.65415554901523,https://data.lroc.im-ldi.com/lroc/view_lroc/LRO-L-LROC-3-CDR-V1.0/M1287024690LC
M1284665269RC,2018-06-26,0.87,3.07,1.16,2.32,west,0.0,0.0,0.0,135.6453550337883,https://data.lroc.im-ldi.com/lroc/view_lroc/LRO-L-LROC-3-CDR-V1.0/M1284665269RC
M1284665269LC,2018-06-26,0.87,2.98,1.72,4.36,west,0.0,0.0,0.0,135.61660987931606,https://data.lroc.im-ldi.com/lroc/view_lroc/LRO-L-LROC-3-CDR-V1.0/M1284665269LC
M1283494776RC,2018-06-13,10.12,165.19,1.17,164.02,east,0.0,0.0,0.0,75.63444157510429,https://data.lroc.im-ldi.com/lroc/view_lroc/LRO-L-LROC-3-CDR-V1.0/M1283494776RC
M1283494776LC,2018-06-13,10.12,165.06,1.71,166.77,east,0.0,0.0,0.0,76.20820577291562,https://data.lroc.im-ldi.com/lroc/view_lroc/LRO-L-LROC-3-CDR-V1.0/M1283494776LC
M1283480719RC,2018-06-12,10.08,165.05,1.16,163.89,east,0.6921194322075379,0.1618294564288753,0.0,72.64778790298239,https://data.lroc.im-ldi.com/lroc/view_lroc/LRO-L-LROC-3-CDR-V1.0/M1283480719RC
M1283480719LC,2018-06-12,10.09,164.93,1.71,166.64,east,0.023331701745798662,68.35188216849456,48.81436450478807,76.66417060704879,https://data.lroc.im-ldi.com/lroc/view_lroc/LRO-L-LROC-3-CDR-V1.0/M1283480719LC
M1282310415RC,2018-05-30,0.88,29.59,1.16,28.43,west,0.009626366454560288,132.2534412190401,86.41514841049357,200.80057364808377,https://data.lroc.im-ldi.com/lroc/view_lroc/LRO-L-LROC-3-CDR-V1.0/M1282310415RC
M1282310415LC,2018-05-30,0.88,29.45,1.73,31.18,west,0.612987436775983,1.6477524506868861,0.0,208.78863455350705,https://data.lroc.im-ldi.com/lroc/view_lroc/LRO-L-LROC-3-CDR-V1.0/M1282310415LC
M1281132869RC,2018-05-16,5.51,137.51,1.16,136.35,east,0.0,0.0,0.0,73.7660318109084,https://data.lroc.im-ldi.com/lroc/view_lroc/LRO-L-LROC-3-CDR-V1.0/M1281132869RC
M1281132869LC,2018-05-16,5.51,137.39,1.71,139.11,east,0.0,0.0,0.0,74.42806441748574,https://data.lroc.im-ldi.com/lroc/view_lroc/LRO-L-LROC-3-CDR-V1.0/M1281132869LC
M1279969629RC,2018-05-03,0.87,57.09,1.15,55.95,west,0.0,0.0,0.0,146.12145530042523,https://data.lroc.im-ldi.com/lroc/view_lroc/LRO-L-LROC-3-CDR-V1.0/M1279969629RC
M1279969629LC,2018-05-03,0.88,56.96,1.74,58.69,west,0.0,0.0,0.0,145.91479224454747,https://data.lroc.im-ldi.com/lroc/view_lroc/LRO-L-LROC-3-CDR-V1.0/M1279969629LC
M1277614735RC,2018-04-06,0.9,85.03,1.17,83.87,west,0.0,0.0,0.0,214.0974950158527,https://data.lroc.im-ldi.com/lroc/view_lroc/LRO-L-LROC-3-CDR-V1.0/M1277614735RC
M1277614735LC,2018-04-06,0.9,84.89,1.72,86.61,west,0.0,0.0,0.0,214.0975792973922,https://data.lroc.im-ldi.com/lroc/view_lroc/LRO-L-LROC-3-CDR-V1.0/M1277614735LC
M1277607697RC,2018-04-05,0.89,85.1,1.17,83.94,west,0.03132648066568772,136.65267798357635,88.8133801764001,211.46735825818388,https://data.lroc.im-ldi.com/lroc/view_lroc/LRO-L-LROC-3-CDR-V1.0/M1277607697RC
M1277607697LC,2018-04-05,0.89,84.96,1.72,86.68,west,0.6612824278022515,1.7213106091671717,0.0,210.7030729633987,https://data.lroc.im-ldi.com/lroc/view_lroc/LRO-L-LROC-3-CDR-V1.0/M1277607697LC
M1276430230RC,2018-03-23,0.78,81.35,1.16,80.18,east,0.0,0.0,0.0,153.5423327109168,https://data.lroc.im-ldi.com/lroc/view_lroc/LRO-L-LROC-3-CDR-V1.0/M1276430230RC
M1276430230LC,2018-03-23,0.78,81.23,1.71,82.93,east,0.0,0.0,0.0,160.3219772978145,https://data.lroc.im-ldi.com/lroc/view_lroc/LRO-L-LROC-3-CDR-V1.0/M1276430230LC
M1274103575RC,2018-02-24,1.81,49.17,58.94,108.08,east,0.0,0.0,0.0,797.4550325423663,https://data.lroc.im-ldi.com/lroc/view_lroc/LRO-L-LROC-3-CDR-V1.0/M1274103575RC
M1274103575LC,2018-02-24,1.93,48.7,62.16,110.84,east,0.7560776635666504,506.40855629990693,448.20000372557604,961.8015470411157,https://data.lroc.im-ldi.com/lroc/view_lroc/LRO-L-LROC-3-CDR-V1.0/M1274103575LC
M1274075475RC,2018-02-24,0.78,52.7,1.15,51.55,east,0.0,5.515619584276404,0.0,85.43080554318755,https://data.lroc.im-ldi.com/lroc/view_lroc/LRO-L-LROC-3-CDR-V1.0/M1274075475RC
M1274075475LC,2018-02-24,0.79,52.59,1.72,54.31,east,0.0,85.65154935852038,67.500104061567,85.87221040992918,https://data.lroc.im-ldi.com/lroc/view_lroc/LRO-L-LROC-3-CDR-V1.0/M1274075475LC
M1271734797RC,2018-01-27,0.78,23.93,1.15,22.78,east,0.0,0.0,0.0,159.45093741362336,https://data.lroc.im-ldi.com/lroc/view_lroc/LRO-L-LROC-3-CDR-V1.0/M1271734797RC
M1271734797LC,2018-01-27,0.78,23.81,1.72,25.54,east,0.0,0.0,0.0,166.04182963860535,https://data.lroc.im-ldi.com/lroc/view_lroc/LRO-L-LROC-3-CDR-V1.0/M1271734797LC
M1269386674RC,2017-12-31,0.79,5.58,1.16,4.57,west,0.0,0.0,0.0,162.60144461618205,https://data.lroc.im-ldi.com/lroc/view_lroc/LRO-L-LROC-3-CDR-V1.0/M1269386674RC
M1269386674LC,2017-12-31,0.79,5.47,1.72,7.09,west,0.0,0.0,0.0,168.98500255524385,https://data.lroc.im-ldi.com/lroc/view_lroc/LRO-L-LROC-3-CDR-V1.0/M1269386674LC
M1258806051RC,2017-08-31,0.84,45.31,4.07,49.38,east,0.0,0.0,0.0,186.173385690307,https://data.lroc.im-ldi.com/lroc/view_lroc/LRO-L-LROC-3-CDR-V1.0/M1258806051RC
M1258806051LC,2017-08-31,0.85,45.18,6.95,52.12,east,0.0,0.0,0.0,193.02833617112492,https://data.lroc.im-ldi.com/lroc/view_lroc/LRO-L-LROC-3-CDR-V1.0/M1258806051LC
M1258799019RC,2017-08-31,0.84,45.46,1.17,44.3,east,0.0,0.0,0.0,186.95482056619892,https://data.lroc.im-ldi.com/lroc/view_lroc/LRO-L-LROC-3-CDR-V1.0/M1258799019RC
M1258799019LC,2017-08-31,0.84,45.33,1.71,47.04,east,0.0,0.0,0.0,186.1746975703355,https://data.lroc.im-ldi.com/lroc/view_lroc/LRO-L-LROC-3-CDR-V1.0/M1258799019LC
M1256457043RC,2017-08-04,0.82,17.97,1.17,16.8,east,0.0,0.0,0.0,177.45548768808283,https://data.lroc.im-ldi.com/lroc/view_lroc/LRO-L-LROC-3-CDR-V1.0/M1256457043RC
M1256457043LC,2017-08-04,0.82,17.84,1.71,19.56,east,0.0,0.0,0.0,177.44154967767867,https://data.lroc.im-ldi.com/lroc/view_lroc/LRO-L-LROC-3-CDR-V1.0/M1256457043LC
M1256449996RC,2017-08-04,0.83,17.9,1.17,16.74,east,0.0,0.0,0.0,186.94211372235793,https://data.lroc.im-ldi.com/lroc/view_lroc/LRO-L-LROC-3-CDR-V1.0/M1256449996RC
M1256449996LC,2017-08-04,0.83,17.77,1.71,19.48,east,0.0,0.0,0.0,180.04287505066534,https://data.lroc.im-ldi.com/lroc/view_lroc/LRO-L-LROC-3-CDR-V1.0/M1256449996LC
M1254093845RC,2017-07-07,0.82,9.62,1.16,8.47,west,0.0513950073421439,98.32984884179557,54.97719691674329,181.20639913935506,https://data.lroc.im-ldi.com/lroc/view_lroc/LRO-L-LROC-3-CDR-V1.0/M1254093845RC
M1254093845LC,2017-07-07,0.82,9.5,1.72,11.21,west,0.5053026594876815,0.0,0.0,174.33716680468547,https://data.lroc.im-ldi.com/lroc/view_lroc/LRO-L-LROC-3-CDR-V1.0/M1254093845LC
M1252922752RC,2017-06-24,0.96,157.8,1.16,156.64,east,0.0,0.0,0.0,4.73642515600407,https://data.lroc.im-ldi.com/lroc/view_lroc/LRO-L-LROC-3-CDR-V1.0/M1252922752RC
M1252922752LC,2017-06-24,0.96,157.66,1.73,159.39,east,0.0,0.0,0.0,5.457187485753725,https://data.lroc.im-ldi.com/lroc/view_lroc/LRO-L-LROC-3-CDR-V1.0/M1252922752LC
M1252922739RC,2017-06-24,0.95,157.82,1.16,156.66,east,0.0,0.0,0.0,3.8103237723584162,https://data.lroc.im-ldi.com/lroc/view_lroc/LRO-L-LROC-3-CDR-V1.0/M1252922739RC
M1252922739LC,2017-06-24,0.95,157.68,1.73,159.41,east,0.0,0.0,0.0,4.737161408531564,https://data.lroc.im-ldi.com/lroc/view_lroc/LRO-L-LROC-3-CDR-V1.0/M1252922739LC
M1252922726RC,2017-06-24,0.94,157.82,1.16,156.66,east,0.0,0.0,0.0,5.369867304844487,https://data.lroc.im-ldi.com/lroc/view_lroc/LRO-L-LROC-3-CDR-V1.0/M1252922726RC
M1252922726LC,2017-06-24,0.94,157.68,1.73,159.41,east,0.0,0.0,0.0,4.119348813207658,https://data.lroc.im-ldi.com/lroc/view_lroc/LRO-L-LROC-3-CDR-V1.0/M1252922726LC
M1252922713RC,2017-06-24,0.94,157.8,1.16,156.65,east,0.0,0.0,0.0,4.11887675414491,https://data.lroc.im-ldi.com/lroc/view_lroc/LRO-L-LROC-3-CDR-V1.0/M1252922713RC
M1252922713LC,2017-06-24,0.94,157.66,1.73,159.39,east,0.0,0.0,0.0,4.9573579400285634,https://data.lroc.im-ldi.com/lroc/view_lroc/LRO-L-LROC-3-CDR-V1.0/M1252922713LC
M1251751792RC,2017-06-10,0.79,36.73,1.15,35.58,west,0.0,0.0,0.0,162.63926732352536,https://data.lroc.im-ldi.com/lroc/view_lroc/LRO-L-LROC-3-CDR-V1.0/M1251751792RC
M1251751792LC,2017-06-10,0.79,36.61,1.72,38.32,west,0.0,0.0,0.0,169.05068269515982,https://data.lroc.im-ldi.com/lroc/view_lroc/LRO-L-LROC-3-CDR-V1.0/M1251751792LC
M1249402613RC,2017-05-14,0.78,64.04,1.16,62.89,west,0.0,0.0,0.0,169.1174951124435,https://data.lroc.im-ldi.com/lroc/view_lroc/LRO-L-LROC-3-CDR-V1.0/M1249402613RC
M1249402613LC,2017-05-14,0.79,63.92,1.72,65.64,west,0.0,0.0,0.0,169.11778678381404,https://data.lroc.im-ldi.com/lroc/view_lroc/LRO-L-LROC-3-CDR-V1.0/M1249402613LC
M1247046519RC,2017-04-17,0.89,91.84,1.16,90.69,west,0.0,0.0,0.0,4.060392009997801,https://data.lroc.im-ldi.com/lroc/view_lroc/LRO-L-LROC-3-CDR-V1.0/M1247046519RC
M1247046519LC,2017-04-17,0.89,91.72,1.71,93.43,west,0.0,0.0,0.0,4.3251936299872025,https://data.lroc.im-ldi.com/lroc/view_lroc/LRO-L-LROC-3-CDR-V1.0/M1247046519LC
M1247046506RC,2017-04-17,0.89,91.82,1.16,90.67,west,0.0,0.0,0.0,3.6191537083451024,https://data.lroc.im-ldi.com/lroc/view_lroc/LRO-L-LROC-3-CDR-V1.0/M1247046506RC
M1247046506LC,2017-04-17,0.89,91.7,1.71,93.41,west,0.0,0.0,0.0,3.6191557640324086,https://data.lroc.im-ldi.com/lroc/view_lroc/LRO-L-LROC-3-CDR-V1.0/M1247046506LC
M1247046493RC,2017-04-17,0.88,91.8,1.16,90.65,west,0.0,0.0,0.0,4.677910515777206,https://data.lroc.im-ldi.com/lroc/view_lroc/LRO-L-LROC-3-CDR-V1.0/M1247046493RC
M1247046493LC,2017-04-17,0.88,91.68,1.71,93.39,west,0.0,0.0,0.0,4.060082865336193,https://data.lroc.im-ldi.com/lroc/view_lroc/LRO-L-LROC-3-CDR-V1.0/M1247046493LC
M1245868283RC,2017-04-03,1.81,74.88,1.16,73.72,east,0.0,0.0,0.0,440.8169813428657,https://data.lroc.im-ldi.com/lroc/view_lroc/LRO-L-LROC-3-CDR-V1.0/M1245868283RC
M1245868283LC,2017-04-03,1.81,74.74,1.73,76.47,east,0.0,0.0,0.0,439.68411210550687,https://data.lroc.im-ldi.com/lroc/view_lroc/LRO-L-LROC-3-CDR-V1.0/M1245868283LC
M1245861256RC,2017-04-03,1.81,74.8,1.16,73.64,east,0.0,0.0,0.0,436.74898417701564,https://data.lroc.im-ldi.com/lroc/view_lroc/LRO-L-LROC-3-CDR-V1.0/M1245861256RC
M1245861256LC,2017-04-03,1.81,74.66,1.73,76.39,east,0.0,0.0,0.0,436.7634142999022,https://data.lroc.im-ldi.com/lroc/view_lroc/LRO-L-LROC-3-CDR-V1.0/M1245861256LC
M124416372RC,2010-03-28,0.48,1.07,3.18,2.76,west,0.0,0.0,0.0,60.90374464829445,https://data.lroc.im-ldi.com/lroc/view_lroc/LRO-L-LROC-3-CDR-V1.0/M124416372RC
M124416372LC,2010-03-28,0.48,1.03,0.36,0.9,west,0.0,0.0,0.0,60.90374464829445,https://data.lroc.im-ldi.com/lroc/view_lroc/LRO-L-LROC-3-CDR-V1.0/M124416372LC
M1243512285RC,2017-03-07,0.94,46.44,1.16,45.28,east,0.0,0.0,0.0,231.0009670585651,https://data.lroc.im-ldi.com/lroc/view_lroc/LRO-L-LROC-3-CDR-V1.0/M1243512285RC
M1243512285LC,2017-03-07,0.94,46.3,1.74,48.04,east,0.0,0.0,0.0,229.72113538977513,https://data.lroc.im-ldi.com/lroc/view_lroc/LRO-L-LROC-3-CDR-V1.0/M1243512285LC
M1236458358RC,2016-12-15,0.96,40.06,1.17,38.89,west,0.0,0.0,0.0,251.4207092999372,https://data.lroc.im-ldi.com/lroc/view_lroc/LRO-L-LROC-3-CDR-V1.0/M1236458358RC
M1236458358LC,2016-12-15,0.96,39.91,1.73,41.64,west,0.0,0.0,0.0,251.12604291818514,https://data.lroc.im-ldi.com/lroc/view_lroc/LRO-L-LROC-3-CDR-V1.0/M1236458358LC
M1236451330RC,2016-12-15,0.95,40.15,1.17,38.98,west,0.0,0.0,0.0,229.63105970889234,https://data.lroc.im-ldi.com/lroc/view_lroc/LRO-L-LROC-3-CDR-V1.0/M1236451330RC
M1236451330LC,2016-12-15,0.95,40,1.73,41.73,west,0.0,0.0,0.0,229.63105970889234,https://data.lroc.im-ldi.com/lroc/view_lroc/LRO-L-LROC-3-CDR-V1.0/M1236451330LC
M1231753389RC,2016-10-22,8.7,97.22,1.17,96.06,west,0.0,0.0,0.0,73.2649398561667,https://data.lroc.im-ldi.com/lroc/view_lroc/LRO-L-LROC-3-CDR-V1.0/M1231753389RC
M1228233454RC,2016-09-11,0.76,39.92,1.16,38.77,east,0.0,0.0,0.0,151.65445573768247,https://data.lroc.im-ldi.com/lroc/view_lroc/LRO-L-LROC-3-CDR-V1.0/M1228233454RC
M1228233454LC,2016-09-11,0.76,39.81,1.71,41.51,east,0.0,0.0,0.0,152.0953848461383,https://data.lroc.im-ldi.com/lroc/view_lroc/LRO-L-LROC-3-CDR-V1.0/M1228233454LC
M1223514202RC,2016-07-18,0.78,15.07,1.15,13.92,west,0.0,0.0,0.0,167.16933128314662,https://data.lroc.im-ldi.com/lroc/view_lroc/LRO-L-LROC-3-CDR-V1.0/M1223514202RC
M1223514202LC,2016-07-18,0.78,14.95,1.72,16.67,west,0.0,0.0,0.0,167.16999922466573,https://data.lroc.im-ldi.com/lroc/view_lroc/LRO-L-LROC-3-CDR-V1.0/M1223514202LC
M1222336033RC,2016-07-05,0.96,152.51,1.16,151.35,east,0.0,0.0,0.0,4.95704904699196,https://data.lroc.im-ldi.com/lroc/view_lroc/LRO-L-LROC-3-CDR-V1.0/M1222336033RC
M1222336033LC,2016-07-05,0.96,152.37,1.73,154.1,east,0.0,0.0,0.0,5.589553650890644,https://data.lroc.im-ldi.com/lroc/view_lroc/LRO-L-LROC-3-CDR-V1.0/M1222336033LC
M1222336020RC,2016-07-05,0.95,152.53,1.16,151.37,east,0.0,0.0,0.0,4.575323874108793,https://data.lroc.im-ldi.com/lroc/view_lroc/LRO-L-LROC-3-CDR-V1.0/M1222336020RC
M1222336020LC,2016-07-05,0.95,152.39,1.73,154.12,east,0.0,0.0,0.0,4.119263484875527,https://data.lroc.im-ldi.com/lroc/view_lroc/LRO-L-LROC-3-CDR-V1.0/M1222336020LC
M1222336007RC,2016-07-05,0.94,152.53,1.16,151.37,east,0.0,0.0,0.0,5.134480006880572,https://data.lroc.im-ldi.com/lroc/view_lroc/LRO-L-LROC-3-CDR-V1.0/M1222336007RC
M1222336007LC,2016-07-05,0.95,152.39,1.73,154.12,east,0.0,0.0,0.0,5.458143082538227,https://data.lroc.im-ldi.com/lroc/view_lroc/LRO-L-LROC-3-CDR-V1.0/M1222336007LC
M1222335994RC,2016-07-05,0.93,152.51,1.16,151.36,east,0.0,0.0,0.0,4.574909566025596,https://data.lroc.im-ldi.com/lroc/view_lroc/LRO-L-LROC-3-CDR-V1.0/M1222335994RC
M1222335994LC,2016-07-05,0.93,152.38,1.73,154.1,east,0.0,0.0,0.0,4.0306262103741215,https://data.lroc.im-ldi.com/lroc/view_lroc/LRO-L-LROC-3-CDR-V1.0/M1222335994LC
M122068252RC,2010-03-01,0.48,27.79,1.13,26.67,west,0.0,0.0,0.0,27.276053691993006,https://data.lroc.im-ldi.com/lroc/view_lroc/LRO-L-LROC-3-CDR-V1.0/M122068252RC
M122068252LC,2010-03-01,0.48,27.73,1.69,29.41,west,0.0,0.0,0.0,26.349198115952337,https://data.lroc.im-ldi.com/lroc/view_lroc/LRO-L-LROC-3-CDR-V1.0/M122068252LC
M122054682RC,2010-03-01,0.49,27.69,8.96,36.64,west,0.26154348180779896,0.0,0.0,60.90632187413049,https://data.lroc.im-ldi.com/lroc/view_lroc/LRO-L-LROC-3-CDR-V1.0/M122054682RC
M122054682LC,2010-03-01,0.49,27.62,11.77,39.39,west,0.0,0.0,0.0,60.90638291461868,https://data.lroc.im-ldi.com/lroc/view_lroc/LRO-L-LROC-3-CDR-V1.0/M122054682LC
M1218808909RC,2016-05-25,0.79,69.07,1.16,67.92,west,0.0,0.0,0.0,169.12230950323647,https://data.lroc.im-ldi.com/lroc/view_lroc/LRO-L-LROC-3-CDR-V1.0/M1218808909RC
M1218808909LC,2016-05-25,0.8,68.95,1.72,70.67,west,0.0,0.0,0.0,168.63745042469733,https://data.lroc.im-ldi.com/lroc/view_lroc/LRO-L-LROC-3-CDR-V1.0/M1218808909LC
M1216459851RC,2016-04-28,0.91,96.42,1.16,95.27,west,0.0,0.0,0.0,3.795612890789285,https://data.lroc.im-ldi.com/lroc/view_lroc/LRO-L-LROC-3-CDR-V1.0/M1216459851RC
M1216459851LC,2016-04-28,0.91,96.3,1.72,98.02,west,0.0,0.0,0.0,3.972147719622991,https://data.lroc.im-ldi.com/lroc/view_lroc/LRO-L-LROC-3-CDR-V1.0/M1216459851LC
M1216459838RC,2016-04-28,0.9,96.4,1.16,95.25,west,0.0,0.0,0.0,4.325314198398537,https://data.lroc.im-ldi.com/lroc/view_lroc/LRO-L-LROC-3-CDR-V1.0/M1216459838RC
M1216459838LC,2016-04-28,0.9,96.28,1.72,98,west,0.0,0.0,0.0,4.457725006182127,https://data.lroc.im-ldi.com/lroc/view_lroc/LRO-L-LROC-3-CDR-V1.0/M1216459838LC
M1216459825RC,2016-04-28,0.9,96.39,1.16,95.24,west,0.0,0.0,0.0,4.457192700191196,https://data.lroc.im-ldi.com/lroc/view_lroc/LRO-L-LROC-3-CDR-V1.0/M1216459825RC
M1216459825LC,2016-04-28,0.9,96.26,1.72,97.98,west,0.0,0.0,0.0,4.457205076882478,https://data.lroc.im-ldi.com/lroc/view_lroc/LRO-L-LROC-3-CDR-V1.0/M1216459825LC
M1215274564RC,2016-04-14,1.71,70.48,1.16,69.32,east,0.0,0.0,0.0,245.22957434175785,https://data.lroc.im-ldi.com/lroc/view_lroc/LRO-L-LROC-3-CDR-V1.0/M1215274564RC
M1215274564LC,2016-04-14,1.71,70.35,1.72,72.07,east,0.0,0.0,0.0,236.19668555364527,https://data.lroc.im-ldi.com/lroc/view_lroc/LRO-L-LROC-3-CDR-V1.0/M1215274564LC
M1214089667RC,2016-03-31,1.46,122.87,29.43,152.26,west,0.22385380975689345,114.86822305371656,74.30900781575369,208.56300989041063,https://data.lroc.im-ldi.com/lroc/view_lroc/LRO-L-LROC-3-CDR-V1.0/M1214089667RC
M1214089667LC,2016-03-31,1.47,122.7,32.35,155,west,0.5947136563876652,0.0,0.0,221.67114220284475,https://data.lroc.im-ldi.com/lroc/view_lroc/LRO-L-LROC-3-CDR-V1.0/M1214089667LC
M1212918491RC,2016-03-18,0.83,42.57,1.16,41.42,east,0.0,0.0,0.0,159.19549521755246,https://data.lroc.im-ldi.com/lroc/view_lroc/LRO-L-LROC-3-CDR-V1.0/M1212918491RC
M1212918491LC,2016-03-18,0.83,42.45,1.72,44.17,east,0.0,0.0,0.0,159.4158570385354,https://data.lroc.im-ldi.com/lroc/view_lroc/LRO-L-LROC-3-CDR-V1.0/M1212918491LC
M1211726595RC,2016-03-04,2.64,149.78,47.92,162.13,west,0.022026431718061675,192.84902731810726,165.7217037712486,238.51140665257572,https://data.lroc.im-ldi.com/lroc/view_lroc/LRO-L-LROC-3-CDR-V1.0/M1211726595RC
M1211726595LC,2016-03-04,2.74,149.48,50.96,159.38,west,0.2701908957415565,0.0,0.0,267.257798309206,https://data.lroc.im-ldi.com/lroc/view_lroc/LRO-L-LROC-3-CDR-V1.0/M1211726595LC
M1210569513RC,2016-02-20,0.83,14.28,1.16,13.12,east,0.0,0.0,0.0,176.24582898099948,https://data.lroc.im-ldi.com/lroc/view_lroc/LRO-L-LROC-3-CDR-V1.0/M1210569513RC
M1210569513LC,2016-02-20,0.83,14.15,1.72,15.87,east,0.0,0.0,0.0,183.55742140251505,https://data.lroc.im-ldi.com/lroc/view_lroc/LRO-L-LROC-3-CDR-V1.0/M1210569513LC
M1210562501RC,2016-02-19,0.85,14.15,1.16,12.99,east,0.13493228911731114,9.694490150096255,0.0,92.95924393759832,https://data.lroc.im-ldi.com/lroc/view_lroc/LRO-L-LROC-3-CDR-V1.0/M1210562501RC
M1210562501LC,2016-02-19,0.85,14.02,1.72,15.74,east,0.0,97.13729115565002,79.55738132299695,97.18142671778145,https://data.lroc.im-ldi.com/lroc/view_lroc/LRO-L-LROC-3-CDR-V1.0/M1210562501LC
M1203501610RC,2015-11-30,1.59,71.89,1.16,70.73,west,0.0,36.34598787667281,3.574696333942711,145.52575535760474,https://data.lroc.im-ldi.com/lroc/view_lroc/LRO-L-LROC-3-CDR-V1.0/M1203501610RC
M1203501610LC,2015-11-30,1.59,71.76,1.72,73.48,west,0.0,0.0,0.0,152.08541120945526,https://data.lroc.im-ldi.com/lroc/view_lroc/LRO-L-LROC-3-CDR-V1.0/M1203501610LC
M1202330877RC,2015-11-16,1.35,92.73,1.17,91.57,east,0.023821178006200032,1.4711826909618066,0.2942365381923614,4.4576828612533195,https://data.lroc.im-ldi.com/lroc/view_lroc/LRO-L-LROC-3-CDR-V1.0/M1202330877RC
M1202330877LC,2015-11-16,1.36,92.6,1.71,94.32,east,0.0,4.457687457916414,4.457687457916414,4.457687457916414,https://data.lroc.im-ldi.com/lroc/view_lroc/LRO-L-LROC-3-CDR-V1.0/M1202330877LC
M1199988892RC,2015-10-20,0.87,64.63,1.15,63.49,east,0.0,0.0,0.0,198.6962453171529,https://data.lroc.im-ldi.com/lroc/view_lroc/LRO-L-LROC-3-CDR-V1.0/M1199988892RC
M1199988892LC,2015-10-20,0.87,64.49,1.74,66.23,east,0.0,0.0,0.0,198.709747573398,https://data.lroc.im-ldi.com/lroc/view_lroc/LRO-L-LROC-3-CDR-V1.0/M1199988892LC
M1197661005RC,2015-09-23,2.19,32.02,64.15,96.12,east,0.0,0.0,0.0,921.0286319519353,https://data.lroc.im-ldi.com/lroc/view_lroc/LRO-L-LROC-3-CDR-V1.0/M1197661005RC
M1197661005LC,2015-09-23,2.39,31.31,67.61,98.86,east,0.39843367596671564,438.24361281154853,392.45075087810784,1181.6120673118794,https://data.lroc.im-ldi.com/lroc/view_lroc/LRO-L-LROC-3-CDR-V1.0/M1197661005LC
M1197625833RC,2015-09-23,0.87,36.67,1.17,35.51,east,0.0,0.0,0.0,98.56735506839094,https://data.lroc.im-ldi.com/lroc/view_lroc/LRO-L-LROC-3-CDR-V1.0/M1197625833RC
M1197625833LC,2015-09-23,0.87,36.53,1.72,38.25,east,0.0,0.0,0.0,98.56691287789853,https://data.lroc.im-ldi.com/lroc/view_lroc/LRO-L-LROC-3-CDR-V1.0/M1197625833LC
M119699983RC,2010-02-01,0.91,55.99,20.05,35.95,west,0.22466960352422907,0.0,0.0,114.30941917568879,https://data.lroc.im-ldi.com/lroc/view_lroc/LRO-L-LROC-3-CDR-V1.0/M119699983RC
M119699983LC,2010-02-01,0.9,55.92,17.23,38.7,west,0.0,0.0,0.0,107.32137123295472,https://data.lroc.im-ldi.com/lroc/view_lroc/LRO-L-LROC-3-CDR-V1.0/M119699983LC
M119693197RC,2010-02-01,0.89,55.16,18.22,73.37,west,0.4441181269375102,20.272646152731067,0.5001773287690867,112.69122711320165,https://data.lroc.im-ldi.com/lroc/view_lroc/LRO-L-LROC-3-CDR-V1.0/M119693197RC
M119693197LC,2010-02-01,0.9,55.08,21.04,76.12,west,0.5730135421765378,0.0,0.0,105.10004109094936,https://data.lroc.im-ldi.com/lroc/view_lroc/LRO-L-LROC-3-CDR-V1.0/M119693197LC
M1195284431RC,2015-08-27,0.83,9.23,1.17,8.06,east,0.0,0.0,0.0,23.82892113886004,https://data.lroc.im-ldi.com/lroc/view_lroc/LRO-L-LROC-3-CDR-V1.0/M1195284431RC
M1195284431LC,2015-08-27,0.83,9.11,1.71,10.82,east,0.0,0.0,0.0,24.41738341684536,https://data.lroc.im-ldi.com/lroc/view_lroc/LRO-L-LROC-3-CDR-V1.0/M1195284431LC
M1195277399RC,2015-08-27,0.83,9.16,1.18,7.98,east,0.0,0.0,0.0,155.24898631081123,https://data.lroc.im-ldi.com/lroc/view_lroc/LRO-L-LROC-3-CDR-V1.0/M1195277399RC
M1195277399LC,2015-08-27,0.83,9.03,1.7,10.73,east,0.0,0.0,0.0,156.04377977236854,https://data.lroc.im-ldi.com/lroc/view_lroc/LRO-L-LROC-3-CDR-V1.0/M1195277399LC
M1192930076RC,2015-07-30,0.82,17.99,1.16,16.84,west,0.0,0.0,0.0,95.69206677469853,https://data.lroc.im-ldi.com/lroc/view_lroc/LRO-L-LROC-3-CDR-V1.0/M1192930076RC
M1192930076LC,2015-07-30,0.82,17.87,1.71,19.58,west,0.0,0.0,0.0,92.16153203632014,https://data.lroc.im-ldi.com/lroc/view_lroc/LRO-L-LROC-3-CDR-V1.0/M1192930076LC
M1192915976RC,2015-07-30,0.84,18.19,1.16,17.03,west,0.41948115516397455,14.638401120887092,1.015133891932843,186.00137591053286,https://data.lroc.im-ldi.com/lroc/view_lroc/LRO-L-LROC-3-CDR-V1.0/M1192915976RC
M1192915976LC,2015-07-30,0.84,18.06,1.72,19.78,west,0.14896394191548376,0.0,0.0,193.0771387993564,https://data.lroc.im-ldi.com/lroc/view_lroc/LRO-L-LROC-3-CDR-V1.0/M1192915976LC
M1190561570RC,2015-07-03,0.84,45.07,1.16,43.91,west,0.24620655898188937,60.74368409618124,23.17124986228272,186.0326894832529,https://data.lroc.im-ldi.com/lroc/view_lroc/LRO-L-LROC-3-CDR-V1.0/M1190561570RC
M1190561570LC,2015-07-03,0.84,44.94,1.72,46.67,west,0.42829172785119923,0.0,0.0,192.87389881442317,https://data.lroc.im-ldi.com/lroc/view_lroc/LRO-L-LROC-3-CDR-V1.0/M1190561570LC
M1188214183RC,2015-06-06,0.84,71.93,1.16,70.77,west,0.0,0.0,0.0,118.92235012961835,https://data.lroc.im-ldi.com/lroc/view_lroc/LRO-L-LROC-3-CDR-V1.0/M1188214183RC
M1188214183LC,2015-06-06,0.85,71.8,1.72,73.52,west,0.0,0.0,0.0,118.92287458605165,https://data.lroc.im-ldi.com/lroc/view_lroc/LRO-L-LROC-3-CDR-V1.0/M1188214183LC
M1184682110RC,2015-04-26,0.97,68.05,1.17,66.89,east,0.0,0.0,0.0,62.261134203558676,https://data.lroc.im-ldi.com/lroc/view_lroc/LRO-L-LROC-3-CDR-V1.0/M1184682110RC
M1184682110LC,2015-04-26,0.97,67.9,1.74,69.64,east,0.0,0.0,0.0,62.40823752689961,https://data.lroc.im-ldi.com/lroc/view_lroc/LRO-L-LROC-3-CDR-V1.0/M1184682110LC
M1184667909RC,2015-04-26,0.96,67.89,1.17,66.72,east,0.0,241.3172912371528,241.3172912371528,241.3172912371528,https://data.lroc.im-ldi.com/lroc/view_lroc/LRO-L-LROC-3-CDR-V1.0/M1184667909RC
M1179973147RC,2015-03-02,0.98,12.4,1.17,11.23,east,0.0,0.0,0.0,174.75555677256844,https://data.lroc.im-ldi.com/lroc/view_lroc/LRO-L-LROC-3-CDR-V1.0/M1179973147RC
M1179973147LC,2015-03-02,0.98,12.25,1.74,13.97,east,0.0,0.0,0.0,174.75555677256844,https://data.lroc.im-ldi.com/lroc/view_lroc/LRO-L-LROC-3-CDR-V1.0/M1179973147LC
M1179958952RC,2015-03-02,0.98,12.41,6.44,5.98,east,0.6415402186327297,58.57607179927277,8.060513750267715,258.7711918634528,https://data.lroc.im-ldi.com/lroc/view_lroc/LRO-L-LROC-3-CDR-V1.0/M1179958952RC
M1179958952LC,2015-03-02,0.98,12.26,3.54,8.73,east,0.0,251.84312343859244,241.9568669537519,251.84312343859244,https://data.lroc.im-ldi.com/lroc/view_lroc/LRO-L-LROC-3-CDR-V1.0/M1179958952LC
M1178790070RC,2015-02-17,1,177.19,1.18,176.01,east,0.0,2.618382574813631,1.471001533231089,5.413283308546667,https://data.lroc.im-ldi.com/lroc/view_lroc/LRO-L-LROC-3-CDR-V1.0/M1178790070RC
M1178790070LC,2015-02-17,1,177.04,1.73,178.76,east,0.0,5.192648728232616,5.192648728232616,5.192648728232616,https://data.lroc.im-ldi.com/lroc/view_lroc/LRO-L-LROC-3-CDR-V1.0/M1178790070LC
M1178790057RC,2015-02-17,0.99,177.12,1.18,175.95,east,0.043073910915320604,0.9709848669792582,0.10298324976826789,4.825499716793626,https://data.lroc.im-ldi.com/lroc/view_lroc/LRO-L-LROC-3-CDR-V1.0/M1178790057RC
M1178790057LC,2015-02-17,0.99,176.97,1.73,178.61,east,0.0,4.825504031619383,4.693096926156576,4.825504031619383,https://data.lroc.im-ldi.com/lroc/view_lroc/LRO-L-LROC-3-CDR-V1.0/M1178790057LC
M1178790044RC,2015-02-17,0.99,176.9,1.18,175.78,east,0.0298580518844836,0.0,0.0,4.825469192171868,https://data.lroc.im-ldi.com/lroc/view_lroc/LRO-L-LROC-3-CDR-V1.0/M1178790044RC
M1178790044LC,2015-02-17,0.99,176.76,1.73,178.21,east,0.0,4.560651724074232,3.5014033988705817,4.825463805375144,https://data.lroc.im-ldi.com/lroc/view_lroc/LRO-L-LROC-3-CDR-V1.0/M1178790044LC
M1178790031RC,2015-02-17,0.98,176.57,1.18,175.52,east,0.0,0.0,0.0,4.354088329423414,https://data.lroc.im-ldi.com/lroc/view_lroc/LRO-L-LROC-3-CDR-V1.0/M1178790031RC
M1178790031LC,2015-02-17,0.99,176.44,1.73,177.69,east,0.0,3.324392807415675,2.3241326938245095,5.045429097068244,https://data.lroc.im-ldi.com/lroc/view_lroc/LRO-L-LROC-3-CDR-V1.0/M1178790031LC
M1177620823RC,2015-02-03,0.97,16.32,1.17,15.18,west,0.0,0.0,0.0,138.2590732812173,https://data.lroc.im-ldi.com/lroc/view_lroc/LRO-L-LROC-3-CDR-V1.0/M1177620823RC
M1177620823LC,2015-02-03,0.97,16.17,1.73,17.9,west,0.0,0.0,0.0,134.0227969340959,https://data.lroc.im-ldi.com/lroc/view_lroc/LRO-L-LROC-3-CDR-V1.0/M1177620823LC
M1177606647RC,2015-02-03,0.99,16.36,1.17,15.2,west,0.04078968836678088,122.17395976495757,90.63374796656707,147.8740256030008,https://data.lroc.im-ldi.com/lroc/view_lroc/LRO-L-LROC-3-CDR-V1.0/M1177606647RC
M1177606647LC,2015-02-03,0.99,16.21,1.74,17.95,west,0.24065916136400717,0.0,0.0,151.83136003199417,https://data.lroc.im-ldi.com/lroc/view_lroc/LRO-L-LROC-3-CDR-V1.0/M1177606647LC
M1175261473RC,2015-01-07,0.98,44.85,1.17,43.69,west,0.0,0.0,0.0,155.0558961856442,https://data.lroc.im-ldi.com/lroc/view_lroc/LRO-L-LROC-3-CDR-V1.0/M1175261473RC
M1175261473LC,2015-01-07,0.98,44.7,1.73,46.44,west,0.0,0.0,0.0,160.0575331657844,https://data.lroc.im-ldi.com/lroc/view_lroc/LRO-L-LROC-3-CDR-V1.0/M1175261473LC
M117345188RC,2010-01-05,0.86,83.38,1.13,82.25,west,0.0,0.0,0.0,92.44542479475898,https://data.lroc.im-ldi.com/lroc/view_lroc/LRO-L-LROC-3-CDR-V1.0/M117345188RC
M117345188LC,2010-01-05,0.86,83.32,1.68,85,west,0.0,0.0,0.0,99.88737603676725,https://data.lroc.im-ldi.com/lroc/view_lroc/LRO-L-LROC-3-CDR-V1.0/M117345188LC
M117338434RC,2010-01-05,0.48,83.63,8.67,74.96,west,0.3630282264643498,0.0,0.0,60.90675824913257,https://data.lroc.im-ldi.com/lroc/view_lroc/LRO-L-LROC-3-CDR-V1.0/M117338434RC
M117338434LC,2010-01-05,0.48,83.56,5.85,77.71,west,0.0,0.0,0.0,56.713891752326276,https://data.lroc.im-ldi.com/lroc/view_lroc/LRO-L-LROC-3-CDR-V1.0/M117338434LC
M1172902144RC,2014-12-11,1,73.55,1.17,72.38,west,0.0,0.0,0.0,66.31203050796304,https://data.lroc.im-ldi.com/lroc/view_lroc/LRO-L-LROC-3-CDR-V1.0/M1172902144RC
M1172902144LC,2014-12-11,1,73.4,1.74,75.13,west,0.0,0.0,0.0,68.25368566034375,https://data.lroc.im-ldi.com/lroc/view_lroc/LRO-L-LROC-3-CDR-V1.0/M1172902144LC
M1171733209RC,2014-11-27,1.02,90.39,13.68,104.07,east,0.09610050579213575,0.0,0.0,274.6774707899693,https://data.lroc.im-ldi.com/lroc/view_lroc/LRO-L-LROC-3-CDR-V1.0/M1171733209RC
M1171733209LC,2014-11-27,1.03,90.22,16.59,106.82,east,0.719856420296949,34.96997656428725,6.767538825919719,282.73790481125815,https://data.lroc.im-ldi.com/lroc/view_lroc/LRO-L-LROC-3-CDR-V1.0/M1171733209LC
M1169345323RC,2014-10-30,1.98,66.55,55.11,11.57,east,1.0,451.5708283164707,375.781096419227,1079.4298392240214,https://data.lroc.im-ldi.com/lroc/view_lroc/LRO-L-LROC-3-CDR-V1.0/M1169345323RC
M1169345323LC,2014-10-30,1.91,66.13,51.94,14.28,east,0.0,942.9260274617266,942.9260274617266,942.9260274617266,https://data.lroc.im-ldi.com/lroc/view_lroc/LRO-L-LROC-3-CDR-V1.0/M1169345323LC
M1167028432RC,2014-10-04,1,35.02,1.17,33.86,east,0.0,0.0,0.0,189.12715572017086,https://data.lroc.im-ldi.com/lroc/view_lroc/LRO-L-LROC-3-CDR-V1.0/M1167028432RC
M1167028432LC,2014-10-04,1,34.87,1.73,36.6,east,0.0,0.0,0.0,195.02304380639805,https://data.lroc.im-ldi.com/lroc/view_lroc/LRO-L-LROC-3-CDR-V1.0/M1167028432LC
M1167021332RC,2014-10-04,1,34.93,1.17,33.76,east,0.0,0.0,0.0,148.84549728864,https://data.lroc.im-ldi.com/lroc/view_lroc/LRO-L-LROC-3-CDR-V1.0/M1167021332RC
M1167021332LC,2014-10-04,1,34.77,1.73,36.5,east,0.0,0.0,0.0,148.77136462785478,https://data.lroc.im-ldi.com/lroc/view_lroc/LRO-L-LROC-3-CDR-V1.0/M1167021332LC
M1162312727RC,2014-08-10,0.99,19.91,1.17,18.74,west,0.0,0.0,0.0,156.77421950182736,https://data.lroc.im-ldi.com/lroc/view_lroc/LRO-L-LROC-3-CDR-V1.0/M1162312727RC
M1162312727LC,2014-08-10,0.99,19.76,1.73,21.49,west,0.0,0.0,0.0,156.7737306479823,https://data.lroc.im-ldi.com/lroc/view_lroc/LRO-L-LROC-3-CDR-V1.0/M1162312727LC
M116161085RC,2009-12-22,0.51,81.78,6.34,75.43,east,0.21961168216674826,0.0,0.0,69.14402381848855,https://data.lroc.im-ldi.com/lroc/view_lroc/LRO-L-LROC-3-CDR-V1.0/M116161085RC
M116161085LC,2009-12-22,0.51,81.7,3.52,78.18,east,0.2732909120574319,0.6326192781425977,0.0,69.14402381848855,https://data.lroc.im-ldi.com/lroc/view_lroc/LRO-L-LROC-3-CDR-V1.0/M116161085LC
M1161127261RC,2014-07-27,9.63,147.59,1.17,146.43,east,0.0,0.0,0.0,97.09827249311303,https://data.lroc.im-ldi.com/lroc/view_lroc/LRO-L-LROC-3-CDR-V1.0/M1161127261RC
M1161127261LC,2014-07-27,9.63,147.44,1.74,149.18,east,0.0,0.0,0.0,94.33242010055947,https://data.lroc.im-ldi.com/lroc/view_lroc/LRO-L-LROC-3-CDR-V1.0/M1161127261LC
M1159956344RC,2014-07-14,1.01,46.99,4.34,42.65,west,0.3253385544134443,0.0,0.0,235.37904443787403,https://data.lroc.im-ldi.com/lroc/view_lroc/LRO-L-LROC-3-CDR-V1.0/M1159956344RC
M1159956344LC,2014-07-14,1.01,46.83,1.43,45.4,west,0.0,0.0,0.0,235.52756019255298,https://data.lroc.im-ldi.com/lroc/view_lroc/LRO-L-LROC-3-CDR-V1.0/M1159956344LC
M1158770926RC,2014-06-30,5.15,120.64,1.17,119.47,east,0.12171643008647413,0.0,0.0,46.0633538729835,https://data.lroc.im-ldi.com/lroc/view_lroc/LRO-L-LROC-3-CDR-V1.0/M1158770926RC
M1158770926LC,2014-06-30,5.15,120.48,1.74,122.22,east,0.26839614945341816,18.949089176434903,9.415696165265775,46.0633538729835,https://data.lroc.im-ldi.com/lroc/view_lroc/LRO-L-LROC-3-CDR-V1.0/M1158770926LC
M1157600009RC,2014-06-16,1,73.64,1.17,72.48,west,0.6240822320117474,6.208485491987855,0.0,261.0184560956931,https://data.lroc.im-ldi.com/lroc/view_lroc/LRO-L-LROC-3-CDR-V1.0/M1157600009RC
M1157600009LC,2014-06-16,1,73.49,1.74,75.23,west,0.006363191385217817,0.0,0.0,261.01904951897166,https://data.lroc.im-ldi.com/lroc/view_lroc/LRO-L-LROC-3-CDR-V1.0/M1157600009LC
M1151716309RC,2014-04-09,1.02,39.36,1.17,38.18,east,0.0,0.0,0.0,133.75491339011182,https://data.lroc.im-ldi.com/lroc/view_lroc/LRO-L-LROC-3-CDR-V1.0/M1151716309RC
M1151716309LC,2014-04-09,1.02,39.2,1.74,40.93,east,0.0,0.0,0.0,133.75491339011182,https://data.lroc.im-ldi.com/lroc/view_lroc/LRO-L-LROC-3-CDR-V1.0/M1151716309LC
M1150545419RC,2014-03-27,5.13,155.39,1.17,154.24,west,0.0,0.0,0.0,46.651778612331626,https://data.lroc.im-ldi.com/lroc/view_lroc/LRO-L-LROC-3-CDR-V1.0/M1150545419RC
M1150545419LC,2014-03-27,5.13,155.24,1.74,156.98,west,0.0,0.0,0.0,46.65180156641213,https://data.lroc.im-ldi.com/lroc/view_lroc/LRO-L-LROC-3-CDR-V1.0/M1150545419LC
M1149360102RC,2014-03-13,1.09,10.15,23.13,33.27,east,0.0,0.0,0.0,322.46642433319107,https://data.lroc.im-ldi.com/lroc/view_lroc/LRO-L-LROC-3-CDR-V1.0/M1149360102RC
M1149360102LC,2014-03-13,1.1,9.96,26.07,36.02,east,0.6586718877467777,99.95463114230505,46.8206721367536,330.58604044597104,https://data.lroc.im-ldi.com/lroc/view_lroc/LRO-L-LROC-3-CDR-V1.0/M1149360102LC
M1149352984RC,2014-03-13,1,11.45,1.17,10.29,east,0.0,0.0,0.0,252.17001999288658,https://data.lroc.im-ldi.com/lroc/view_lroc/LRO-L-LROC-3-CDR-V1.0/M1149352984RC
M1149352984LC,2014-03-13,1,11.3,1.75,13.04,east,0.0,0.0,0.0,244.62316555991066,https://data.lroc.im-ldi.com/lroc/view_lroc/LRO-L-LROC-3-CDR-V1.0/M1149352984LC
M1149338748RC,2014-03-13,1.16,13.1,31.62,18.55,east,0.38260727688040463,0.0,0.0,365.9331152761738,https://data.lroc.im-ldi.com/lroc/view_lroc/LRO-L-LROC-3-CDR-V1.0/M1149338748RC
M1149338748LC,2014-03-13,1.14,12.89,28.66,15.8,east,0.2936857562408223,211.7125164825283,158.57886273078606,337.8077538302013,https://data.lroc.im-ldi.com/lroc/view_lroc/LRO-L-LROC-3-CDR-V1.0/M1149338748LC
M1146997536RC,2014-02-14,0.74,16.82,1.62,15.64,west,0.0,0.0,0.0,133.24521714451208,https://data.lroc.im-ldi.com/lroc/view_lroc/LRO-L-LROC-3-CDR-V1.0/M1146997536RC
M1146997536LC,2014-02-14,0.74,16.67,2.12,18.39,west,0.0,0.0,0.0,133.201081135445,https://data.lroc.im-ldi.com/lroc/view_lroc/LRO-L-LROC-3-CDR-V1.0/M1146997536LC
M1144643927RC,2014-01-18,1.01,45.98,16.15,29.83,west,0.0,274.99342393669787,274.99342393669787,274.99342393669787,https://data.lroc.im-ldi.com/lroc/view_lroc/LRO-L-LROC-3-CDR-V1.0/M1144643927RC
M1144643927LC,2014-01-18,1,45.81,13.23,32.58,west,0.3765704030021211,142.68818094486443,90.84915823602608,267.0504000350784,https://data.lroc.im-ldi.com/lroc/view_lroc/LRO-L-LROC-3-CDR-V1.0/M1144643927LC
M1144636817RC,2014-01-17,0.98,45,3.52,48.52,west,0.0,251.83979074849714,251.83979074849714,251.83979074849714,https://data.lroc.im-ldi.com/lroc/view_lroc/LRO-L-LROC-3-CDR-V1.0/M1144636817RC
M1144636817LC,2014-01-17,0.98,44.85,6.43,51.27,west,0.15712187958883994,182.4514282232935,130.5388992350844,251.83979074849714,https://data.lroc.im-ldi.com/lroc/view_lroc/LRO-L-LROC-3-CDR-V1.0/M1144636817LC
M1143467323RC,2014-01-04,11.34,119.48,1.17,118.31,east,0.0,107.8951186569601,107.8951186569601,107.8951186569601,https://data.lroc.im-ldi.com/lroc/view_lroc/LRO-L-LROC-3-CDR-V1.0/M1143467323RC
M1141113806RC,2013-12-08,1.97,90.89,1.17,89.72,east,0.0,267.9878943095382,181.00645323062548,501.63368662034355,https://data.lroc.im-ldi.com/lroc/view_lroc/LRO-L-LROC-3-CDR-V1.0/M1141113806RC
M1141113806LC,2013-12-08,1.97,90.74,1.73,92.47,east,0.0,501.4905249892389,488.63504162589356,501.667044651634,https://data.lroc.im-ldi.com/lroc/view_lroc/LRO-L-LROC-3-CDR-V1.0/M1141113806LC
M1138760178RC,2013-11-10,1.02,62.63,1.18,61.46,east,0.0,0.0,0.0,284.8134255081279,https://data.lroc.im-ldi.com/lroc/view_lroc/LRO-L-LROC-3-CDR-V1.0/M1138760178RC
M1138760178LC,2013-11-10,1.02,62.48,1.73,64.21,east,0.0,0.0,0.0,284.812904722853,https://data.lroc.im-ldi.com/lroc/view_lroc/LRO-L-LROC-3-CDR-V1.0/M1138760178LC
M113799518RC,2009-11-25,0.53,54.21,17.3,36.93,east,0.0,0.0,0.0,78.44489497346174,https://data.lroc.im-ldi.com/lroc/view_lroc/LRO-L-LROC-3-CDR-V1.0/M113799518RC
M113799518LC,2009-11-25,0.53,54.13,14.47,39.67,east,0.0,0.0,0.0,73.72333827885076,https://data.lroc.im-ldi.com/lroc/view_lroc/LRO-L-LROC-3-CDR-V1.0/M113799518LC
M1135230052RC,2013-10-01,0.99,157.97,1.17,156.8,west,0.0,0.0,0.0,5.412808310594565,https://data.lroc.im-ldi.com/lroc/view_lroc/LRO-L-LROC-3-CDR-V1.0/M1135230052RC
M1135230052LC,2013-10-01,0.99,157.82,1.74,159.55,west,0.0,0.0,0.0,5.412808310594565,https://data.lroc.im-ldi.com/lroc/view_lroc/LRO-L-LROC-3-CDR-V1.0/M1135230052LC
M1135230038RC,2013-10-01,0.98,157.95,1.17,156.78,west,0.0,0.0,0.0,5.413853578976848,https://data.lroc.im-ldi.com/lroc/view_lroc/LRO-L-LROC-3-CDR-V1.0/M1135230038RC
M1135230038LC,2013-10-01,0.98,157.8,1.74,159.53,west,0.0,0.0,0.0,5.3108725125975695,https://data.lroc.im-ldi.com/lroc/view_lroc/LRO-L-LROC-3-CDR-V1.0/M1135230038LC
M1135230023RC,2013-10-01,0.97,157.9,1.17,156.73,west,0.0,0.0,0.0,4.825519820988577,https://data.lroc.im-ldi.com/lroc/view_lroc/LRO-L-LROC-3-CDR-V1.0/M1135230023RC
M1135230023LC,2013-10-01,0.97,157.75,1.74,159.48,west,0.0,0.0,0.0,4.825519820988577,https://data.lroc.im-ldi.com/lroc/view_lroc/LRO-L-LROC-3-CDR-V1.0/M1135230023LC
M1135230009RC,2013-10-01,0.93,157.83,1.17,156.67,west,0.0,0.0,0.0,4.35414138838259,https://data.lroc.im-ldi.com/lroc/view_lroc/LRO-L-LROC-3-CDR-V1.0/M1135230009RC
M1135230009LC,2013-10-01,0.93,157.69,1.73,159.41,west,0.0,0.0,0.0,4.35414138838259,https://data.lroc.im-ldi.com/lroc/view_lroc/LRO-L-LROC-3-CDR-V1.0/M1135230009LC
M1134046721RC,2013-09-17,1.02,7.26,1.18,6.12,east,0.8870941426007505,1.9712368867625212,0.0,272.7362281902566,https://data.lroc.im-ldi.com/lroc/view_lroc/LRO-L-LROC-3-CDR-V1.0/M1134046721RC
M1134046721LC,2013-09-17,1.02,7.1,1.73,8.81,east,0.14814814814814814,217.7449194447201,164.96002066430714,272.7362028956816,https://data.lroc.im-ldi.com/lroc/view_lroc/LRO-L-LROC-3-CDR-V1.0/M1134046721LC
M1131694125RC,2013-08-21,0.88,20.03,1.17,18.86,west,0.0,0.0,0.0,200.89508403076755,https://data.lroc.im-ldi.com/lroc/view_lroc/LRO-L-LROC-3-CDR-V1.0/M1131694125RC
M1131694125LC,2013-08-21,0.88,19.88,1.74,21.61,west,0.0,0.0,0.0,207.10109136107062,https://data.lroc.im-ldi.com/lroc/view_lroc/LRO-L-LROC-3-CDR-V1.0/M1131694125LC
M1129347305RC,2013-07-24,1.17,48.51,31.06,17.46,west,0.7192037852830805,5.178634329231153,0.0,362.62725758598583,https://data.lroc.im-ldi.com/lroc/view_lroc/LRO-L-LROC-3-CDR-V1.0/M1129347305RC
M1129347305LC,2013-07-24,1.15,48.31,28.1,20.21,west,0.0,0.0,0.0,345.5491942041312,https://data.lroc.im-ldi.com/lroc/view_lroc/LRO-L-LROC-3-CDR-V1.0/M1129347305LC
M1129340193RC,2013-07-24,1.05,47.53,14.26,33.27,west,0.746288138358623,10.81332013961271,0.0,292.9727572025108,https://data.lroc.im-ldi.com/lroc/view_lroc/LRO-L-LROC-3-CDR-V1.0/M1129340193RC
M1129340193LC,2013-07-24,1.04,47.37,11.35,36.02,west,0.0,0.0,0.0,292.5908817916938,https://data.lroc.im-ldi.com/lroc/view_lroc/LRO-L-LROC-3-CDR-V1.0/M1129340193LC
M1129333081LC,2013-07-24,0.89,46.74,1.74,48.48,west,0.0,207.89577642132446,184.87650732250168,212.5580288381936,https://data.lroc.im-ldi.com/lroc/view_lroc/LRO-L-LROC-3-CDR-V1.0/M1129333081LC
M1129325970RC,2013-07-24,1.11,45.56,23.39,68.95,west,0.6802088432044379,72.99882414674194,32.351505317989016,333.78114785139405,https://data.lroc.im-ldi.com/lroc/view_lroc/LRO-L-LROC-3-CDR-V1.0/M1129325970RC
M1129325970LC,2013-07-24,1.13,45.37,26.34,71.7,west,0.13901125795398922,0.0,0.0,341.9897984582745,https://data.lroc.im-ldi.com/lroc/view_lroc/LRO-L-LROC-3-CDR-V1.0/M1129325970LC
M1126986303RC,2013-06-27,1.08,74.5,20.2,54.3,west,0.591776798825257,28.466960531737076,2.236235475491465,317.4724044848989,https://data.lroc.im-ldi.com/lroc/view_lroc/LRO-L-LROC-3-CDR-V1.0/M1126986303RC
M1126986303LC,2013-06-27,1.07,74.32,17.28,57.05,west,0.0,0.0,0.0,301.18887690400874,https://data.lroc.im-ldi.com/lroc/view_lroc/LRO-L-LROC-3-CDR-V1.0/M1126986303LC
M1126979192RC,2013-06-27,1.02,73.51,1.17,72.34,west,0.5222711698482624,31.850827042350566,5.325762450847158,275.1513197261356,https://data.lroc.im-ldi.com/lroc/view_lroc/LRO-L-LROC-3-CDR-V1.0/M1126979192RC
M1126979192LC,2013-06-27,1.02,73.35,1.74,75.09,west,0.08647413933757546,0.0,0.0,275.1519863242949,https://data.lroc.im-ldi.com/lroc/view_lroc/LRO-L-LROC-3-CDR-V1.0/M1126979192LC
M1126972080RC,2013-06-27,1.07,72.54,17.58,90.12,west,0.38848099200522107,92.1501569401886,43.767186666298414,300.2627184622703,https://data.lroc.im-ldi.com/lroc/view_lroc/LRO-L-LROC-3-CDR-V1.0/M1126972080RC
M1126972080LC,2013-06-27,1.08,72.36,20.51,92.87,west,0.27867515092184697,0.0,0.0,316.9447535588748,https://data.lroc.im-ldi.com/lroc/view_lroc/LRO-L-LROC-3-CDR-V1.0/M1126972080LC
M1123448288RC,2013-05-17,1.1,65.82,24.12,89.94,east,0.0,0.0,0.0,309.6834867183702,https://data.lroc.im-ldi.com/lroc/view_lroc/LRO-L-LROC-3-CDR-V1.0/M1123448288RC
M1123448288LC,2013-05-17,1.12,65.62,27.06,92.69,east,0.6860825583292544,28.242019981359082,0.3235528690573642,342.3699952647437,https://data.lroc.im-ldi.com/lroc/view_lroc/LRO-L-LROC-3-CDR-V1.0/M1123448288LC
M1123441176RC,2013-05-17,1.02,66.76,6.69,73.45,east,0.0,0.0,0.0,276.84959895973583,https://data.lroc.im-ldi.com/lroc/view_lroc/LRO-L-LROC-3-CDR-V1.0/M1123441176RC
M1123441176LC,2013-05-17,1.02,66.6,9.6,76.2,east,0.6831457007668461,36.08415397333739,0.0,277.17337035612434,https://data.lroc.im-ldi.com/lroc/view_lroc/LRO-L-LROC-3-CDR-V1.0/M1123441176LC
M1123434065RC,2013-05-17,1.03,67.75,12.77,54.98,east,0.09104258443465492,0.0,0.0,277.8202068399201,https://data.lroc.im-ldi.com/lroc/view_lroc/LRO-L-LROC-3-CDR-V1.0/M1123434065RC
M1123434065LC,2013-05-17,1.02,67.59,9.86,57.73,east,0.6260401370533529,68.28618410153062,14.622671424838233,276.64332971552926,https://data.lroc.im-ldi.com/lroc/view_lroc/LRO-L-LROC-3-CDR-V1.0/M1123434065LC
M1123426954RC,2013-05-17,1.14,68.73,29.9,38.84,east,0.3568281938325991,0.0,0.0,352.7535453416336,https://data.lroc.im-ldi.com/lroc/view_lroc/LRO-L-LROC-3-CDR-V1.0/M1123426954RC
M1123426954LC,2013-05-17,1.13,68.53,26.94,41.59,east,0.3613966389296786,197.69404812387,144.1189796226449,341.10348242281503,https://data.lroc.im-ldi.com/lroc/view_lroc/LRO-L-LROC-3-CDR-V1.0/M1123426954LC
M1122271572RC,2013-05-04,0.99,127.14,1.17,125.97,west,0.0,0.0,0.0,5.678796792913017,https://data.lroc.im-ldi.com/lroc/view_lroc/LRO-L-LROC-3-CDR-V1.0/M1122271572RC
M1122271572LC,2013-05-04,0.99,126.98,1.74,128.72,west,0.0,0.0,0.0,5.4139777422293065,https://data.lroc.im-ldi.com/lroc/view_lroc/LRO-L-LROC-3-CDR-V1.0/M1122271572LC
M1122271558RC,2013-05-04,0.99,127.12,1.17,125.95,west,0.0,0.0,0.0,4.825415419302892,https://data.lroc.im-ldi.com/lroc/view_lroc/LRO-L-LROC-3-CDR-V1.0/M1122271558RC
M1122271558LC,2013-05-04,0.99,126.96,1.74,128.7,west,0.0,0.0,0.0,4.82542198203091,https://data.lroc.im-ldi.com/lroc/view_lroc/LRO-L-LROC-3-CDR-V1.0/M1122271558LC
M1122271543RC,2013-05-04,0.95,127.09,1.17,125.93,west,0.0,0.0,0.0,4.574489557955609,https://data.lroc.im-ldi.com/lroc/view_lroc/LRO-L-LROC-3-CDR-V1.0/M1122271543RC
M1122271543LC,2013-05-04,0.96,126.93,1.74,128.67,west,0.0,0.0,0.0,4.662759916795317,https://data.lroc.im-ldi.com/lroc/view_lroc/LRO-L-LROC-3-CDR-V1.0/M1122271543LC
M1121088726RC,2013-04-20,0.9,39.15,17.92,57.06,east,0.0,0.0,0.0,208.1866502499316,https://data.lroc.im-ldi.com/lroc/view_lroc/LRO-L-LROC-3-CDR-V1.0/M1121088726RC
M1121088726LC,2013-04-20,0.91,38.98,20.84,59.81,east,0.49290259422418015,16.59323725710803,0.0,214.36548424593298,https://data.lroc.im-ldi.com/lroc/view_lroc/LRO-L-LROC-3-CDR-V1.0/M1121088726LC
M1121081627RC,2013-04-20,0.85,40.06,1.17,38.89,east,0.22646434981236743,0.0,0.0,195.44672612253663,https://data.lroc.im-ldi.com/lroc/view_lroc/LRO-L-LROC-3-CDR-V1.0/M1121081627RC
M1121081627LC,2013-04-20,0.86,39.91,1.73,41.65,east,0.25713819546418665,91.986361503242,50.399082037745465,189.0772772103833,https://data.lroc.im-ldi.com/lroc/view_lroc/LRO-L-LROC-3-CDR-V1.0/M1121081627LC
M1121074527RC,2013-04-20,0.92,41.09,22.22,18.88,east,0.2026431718061674,0.0,0.0,227.05996171551857,https://data.lroc.im-ldi.com/lroc/view_lroc/LRO-L-LROC-3-CDR-V1.0/M1121074527RC
M1121074527LC,2013-04-20,0.91,40.92,19.3,21.63,east,0.3010279001468429,91.53076581651852,49.899422485973574,213.9674448620421,https://data.lroc.im-ldi.com/lroc/view_lroc/LRO-L-LROC-3-CDR-V1.0/M1121074527LC
M1118738086RC,2013-03-24,1.02,10.98,30.63,41.58,east,0.0,0.0,0.0,269.9734190773938,https://data.lroc.im-ldi.com/lroc/view_lroc/LRO-L-LROC-3-CDR-V1.0/M1118738086RC
M1118738086LC,2013-03-24,1.04,10.77,33.59,44.34,east,0.5247185511502692,36.39390550667173,2.2357892300193902,276.34349796396805,https://data.lroc.im-ldi.com/lroc/view_lroc/LRO-L-LROC-3-CDR-V1.0/M1118738086LC
M1118730984RC,2013-03-24,0.89,11.91,13.71,25.61,east,0.0,0.0,0.0,207.6576038154667,https://data.lroc.im-ldi.com/lroc/view_lroc/LRO-L-LROC-3-CDR-V1.0/M1118730984RC
M1118730984LC,2013-03-24,0.9,11.75,16.62,28.36,east,0.5026921194322075,23.15458531284252,0.0,213.8364236879217,https://data.lroc.im-ldi.com/lroc/view_lroc/LRO-L-LROC-3-CDR-V1.0/M1118730984LC
M1118723881RC,2013-03-24,0.87,12.89,6.43,6.47,east,0.06102137379670419,0.0,0.0,201.83229262229895,https://data.lroc.im-ldi.com/lroc/view_lroc/LRO-L-LROC-3-CDR-V1.0/M1118723881RC
M1118723881LC,2013-03-24,0.87,12.73,3.53,9.22,east,0.48278675150921846,35.88001798725537,0.17654506114437124,201.83229262229895,https://data.lroc.im-ldi.com/lroc/view_lroc/LRO-L-LROC-3-CDR-V1.0/M1118723881LC
M1118716779RC,2013-03-23,0.96,13.86,25.47,11.66,east,0.2199379996736825,0.0,0.0,248.2446329375545,https://data.lroc.im-ldi.com/lroc/view_lroc/LRO-L-LROC-3-CDR-V1.0/M1118716779RC
M1118716779LC,2013-03-23,0.95,13.69,22.54,8.92,east,0.32158590308370044,105.52124592982167,63.87494395718568,227.0613292000863,https://data.lroc.im-ldi.com/lroc/view_lroc/LRO-L-LROC-3-CDR-V1.0/M1118716779LC
M1116379787RC,2013-02-24,1,16.83,29.39,12.58,west,0.478218306412139,60.26917059993859,18.946635671149654,264.23463738164355,https://data.lroc.im-ldi.com/lroc/view_lroc/LRO-L-LROC-3-CDR-V1.0/M1116379787RC
M1116379787LC,2013-02-24,0.99,16.64,26.45,9.83,west,0.0,0.0,0.0,245.41986999604666,https://data.lroc.im-ldi.com/lroc/view_lroc/LRO-L-LROC-3-CDR-V1.0/M1116379787LC
M1116372683RC,2013-02-24,0.89,15.84,11.35,4.52,west,0.478218306412139,35.17319393247074,0.0,213.8355740200396,https://data.lroc.im-ldi.com/lroc/view_lroc/LRO-L-LROC-3-CDR-V1.0/M1116372683RC
M1116372683LC,2013-02-24,0.88,15.68,8.44,7.25,west,0.0,0.0,0.0,207.40671551274244,https://data.lroc.im-ldi.com/lroc/view_lroc/LRO-L-LROC-3-CDR-V1.0/M1116372683LC
M1116365580RC,2013-02-24,0.88,14.85,8.98,23.83,west,0.45602871594061023,41.5579103820656,0.2501041968926098,207.2446378371445,https://data.lroc.im-ldi.com/lroc/view_lroc/LRO-L-LROC-3-CDR-V1.0/M1116365580RC
M1116365580LC,2013-02-24,0.89,14.7,11.89,26.58,west,0.0569424049600261,0.0,0.0,206.86220291688682,https://data.lroc.im-ldi.com/lroc/view_lroc/LRO-L-LROC-3-CDR-V1.0/M1116365580LC
M1116358477RC,2013-02-24,0.98,13.91,26.83,40.73,west,0.27149616576929353,133.72162751581192,92.1343480503154,252.28936051152056,https://data.lroc.im-ldi.com/lroc/view_lroc/LRO-L-LROC-3-CDR-V1.0/M1116358477RC
M1116358477LC,2013-02-24,1,13.72,29.77,43.48,west,0.23837493881546745,0.0,0.0,266.01436163928946,https://data.lroc.im-ldi.com/lroc/view_lroc/LRO-L-LROC-3-CDR-V1.0/M1116358477LC
M111443315RC,2009-10-29,0.52,26.24,0.93,27.17,east,0.020721161690324685,0.0,0.0,69.14175746450472,https://data.lroc.im-ldi.com/lroc/view_lroc/LRO-L-LROC-3-CDR-V1.0/M111443315RC
M111443315LC,2009-10-29,0.52,26.16,3.75,29.91,east,0.18126937510197422,0.0,0.0,73.92290460952378,https://data.lroc.im-ldi.com/lroc/view_lroc/LRO-L-LROC-3-CDR-V1.0/M111443315LC
M1114035714RC,2013-01-28,1.37,46.45,48.12,1.67,west,0.0,0.0,0.0,431.48379363651134,https://data.lroc.im-ldi.com/lroc/view_lroc/LRO-L-LROC-3-CDR-V1.0/M1114035714RC
M1114035714LC,2013-01-28,1.33,46.13,45.05,1.08,west,0.0,0.0,0.0,400.10807362450555,https://data.lroc.im-ldi.com/lroc/view_lroc/LRO-L-LROC-3-CDR-V1.0/M1114035714LC
M1114021499RC,2013-01-28,1.05,44.56,22.43,22.13,west,0.11502692119432208,0.0,0.0,286.6407455179982,https://data.lroc.im-ldi.com/lroc/view_lroc/LRO-L-LROC-3-CDR-V1.0/M1114021499RC
M1114021499LC,2013-01-28,1.05,44.38,19.51,24.88,west,0.0,0.0,0.0,286.6407455179982,https://data.lroc.im-ldi.com/lroc/view_lroc/LRO-L-LROC-3-CDR-V1.0/M1114021499LC
M1114014396RC,2013-01-28,0.98,43.6,3.83,39.77,west,0.2954805025289607,0.0,0.0,254.7917737937762,https://data.lroc.im-ldi.com/lroc/view_lroc/LRO-L-LROC-3-CDR-V1.0/M1114014396RC
M1114014396LC,2013-01-28,0.98,43.44,0.92,42.52,west,0.0,0.0,0.0,262.6322828656191,https://data.lroc.im-ldi.com/lroc/view_lroc/LRO-L-LROC-3-CDR-V1.0/M1114014396LC
M1114007294RC,2013-01-28,1.02,42.61,16.12,58.73,west,0.4669603524229075,0.0,0.0,278.37237574492826,https://data.lroc.im-ldi.com/lroc/view_lroc/LRO-L-LROC-3-CDR-V1.0/M1114007294RC
M1114007294LC,2013-01-28,1.03,42.44,19.04,61.48,west,0.0,0.0,0.0,278.37237574492826,https://data.lroc.im-ldi.com/lroc/view_lroc/LRO-L-LROC-3-CDR-V1.0/M1114007294LC
M1111670621RC,2013-01-01,1,71.64,1.17,70.47,west,0.0,0.0,0.0,177.1472166525243,https://data.lroc.im-ldi.com/lroc/view_lroc/LRO-L-LROC-3-CDR-V1.0/M1111670621RC
M1111663519RC,2013-01-01,1,71.72,1.17,70.55,west,0.0,0.0,0.0,141.22696787251056,https://data.lroc.im-ldi.com/lroc/view_lroc/LRO-L-LROC-3-CDR-V1.0/M1111663519RC
M1111663519LC,2013-01-01,1,71.57,1.74,73.3,west,0.0,0.0,0.0,145.5667132257918,https://data.lroc.im-ldi.com/lroc/view_lroc/LRO-L-LROC-3-CDR-V1.0/M1111663519LC
M1111656414RC,2013-01-01,1,71.8,1.17,70.64,west,0.5173764072442486,23.021183781651445,0.0,265.6619381616039,https://data.lroc.im-ldi.com/lroc/view_lroc/LRO-L-LROC-3-CDR-V1.0/M1111656414RC
M1111656414LC,2013-01-01,1,71.65,1.74,73.39,west,0.0,0.0,0.0,265.6619381616039,https://data.lroc.im-ldi.com/lroc/view_lroc/LRO-L-LROC-3-CDR-V1.0/M1111656414LC
M1109307936RC,2012-12-05,1.04,100.03,1.18,98.85,west,0.0,0.0,0.0,6.089498884340507,https://data.lroc.im-ldi.com/lroc/view_lroc/LRO-L-LROC-3-CDR-V1.0/M1109307936RC
M1109307936LC,2012-12-05,1.05,99.86,1.74,101.6,west,0.0,0.0,0.0,6.089498884340507,https://data.lroc.im-ldi.com/lroc/view_lroc/LRO-L-LROC-3-CDR-V1.0/M1109307936LC
M1109307922RC,2012-12-05,1.03,100.02,1.18,98.85,west,0.0,0.0,0.0,6.0906115214040435,https://data.lroc.im-ldi.com/lroc/view_lroc/LRO-L-LROC-3-CDR-V1.0/M1109307922RC
M1109307922LC,2012-12-05,1.03,99.85,1.74,101.6,west,0.0,0.0,0.0,5.296185809587705,https://data.lroc.im-ldi.com/lroc/view_lroc/LRO-L-LROC-3-CDR-V1.0/M1109307922LC
M1109307908RC,2012-12-05,1.02,100.01,1.18,98.84,west,0.0,0.0,0.0,5.811208959451693,https://data.lroc.im-ldi.com/lroc/view_lroc/LRO-L-LROC-3-CDR-V1.0/M1109307908RC
M1109307908LC,2012-12-05,1.02,99.84,1.74,101.59,west,0.0,0.0,0.0,5.0608999342894165,https://data.lroc.im-ldi.com/lroc/view_lroc/LRO-L-LROC-3-CDR-V1.0/M1109307908LC
M1105781421RC,2012-10-25,0.92,36.92,1.18,35.76,east,0.0,0.0,0.0,217.36202991971282,https://data.lroc.im-ldi.com/lroc/view_lroc/LRO-L-LROC-3-CDR-V1.0/M1105781421RC
M1105781421LC,2012-10-25,0.92,36.75,1.74,38.49,east,0.0,0.0,0.0,217.36101273691986,https://data.lroc.im-ldi.com/lroc/view_lroc/LRO-L-LROC-3-CDR-V1.0/M1105781421LC
M1105774283RC,2012-10-25,0.92,36.82,1.17,35.66,east,0.0,0.0,0.0,217.38477703249936,https://data.lroc.im-ldi.com/lroc/view_lroc/LRO-L-LROC-3-CDR-V1.0/M1105774283RC
M1105774283LC,2012-10-25,0.92,36.65,1.75,38.4,east,0.0,0.0,0.0,217.38392125835242,https://data.lroc.im-ldi.com/lroc/view_lroc/LRO-L-LROC-3-CDR-V1.0/M1105774283LC
M1103417010RC,2012-09-27,0.92,9.42,1.18,8.29,east,0.0,0.0,0.0,218.36001611738664,https://data.lroc.im-ldi.com/lroc/view_lroc/LRO-L-LROC-3-CDR-V1.0/M1103417010RC
M1103417010LC,2012-09-27,0.92,9.25,1.75,10.97,east,0.0,0.0,0.0,212.15137191505366,https://data.lroc.im-ldi.com/lroc/view_lroc/LRO-L-LROC-3-CDR-V1.0/M1103417010LC
M1098701979RC,2012-08-04,1.08,44.73,1.18,43.56,west,0.0,0.0,0.0,310.7017377203509,https://data.lroc.im-ldi.com/lroc/view_lroc/LRO-L-LROC-3-CDR-V1.0/M1098701979RC
M1098701979LC,2012-08-04,1.08,44.56,1.75,46.31,west,0.0,0.0,0.0,310.7172299265882,https://data.lroc.im-ldi.com/lroc/view_lroc/LRO-L-LROC-3-CDR-V1.0/M1098701979LC
M1096351242RC,2012-07-08,2.13,71.16,1.17,69.99,west,0.0,0.0,0.0,143.350042730935,https://data.lroc.im-ldi.com/lroc/view_lroc/LRO-L-LROC-3-CDR-V1.0/M1096351242RC
M1096351242LC,2012-07-08,2.14,71,1.74,72.74,west,0.0,0.0,0.0,139.42253442012026,https://data.lroc.im-ldi.com/lroc/view_lroc/LRO-L-LROC-3-CDR-V1.0/M1096351242LC
M109087086RC,2009-10-02,0.52,3.07,1.14,3.63,west,0.0,0.0,0.0,69.12456957635086,https://data.lroc.im-ldi.com/lroc/view_lroc/LRO-L-LROC-3-CDR-V1.0/M109087086RC
M109087086LC,2009-10-02,0.52,3.09,1.7,3.02,west,0.0,0.0,0.0,69.52137508997617,https://data.lroc.im-ldi.com/lroc/view_lroc/LRO-L-LROC-3-CDR-V1.0/M109087086LC
M109080308RC,2009-10-01,0.54,2.19,15.54,16.24,west,0.1130690161527166,0.0,0.0,77.45378309131475,https://data.lroc.im-ldi.com/lroc/view_lroc/LRO-L-LROC-3-CDR-V1.0/M109080308RC
M109080308LC,2009-10-01,0.54,2.21,12.7,13.51,west,0.17735356501876326,0.0,0.0,73.33480318671283,https://data.lroc.im-ldi.com/lroc/view_lroc/LRO-L-LROC-3-CDR-V1.0/M109080308LC
M106726943RC,2009-09-04,1.24,28.13,1.19,26.94,west,0.0,0.0,0.0,410.9635940911301,https://data.lroc.im-ldi.com/lroc/view_lroc/LRO-L-LROC-3-CDR-V1.0/M106726943RC
M106726943LC,2009-09-04,1.24,27.94,1.76,29.69,west,0.0,0.0,0.0,401.09554880648716,https://data.lroc.im-ldi.com/lroc/view_lroc/LRO-L-LROC-3-CDR-V1.0/M106726943LC
M106719774RC,2009-09-04,1.26,27.43,10.55,37.95,west,0.3442649698156306,222.92036489422665,156.78806483588852,424.79807917544383,https://data.lroc.im-ldi.com/lroc/view_lroc/LRO-L-LROC-3-CDR-V1.0/M106719774RC
M106719774LC,2009-09-04,1.27,27.23,13.5,40.7,west,0.27736988089410997,0.0,0.0,420.12305672524155,https://data.lroc.im-ldi.com/lroc/view_lroc/LRO-L-LROC-3-CDR-V1.0/M106719774LC
M104362199RC,2009-08-08,1.18,53.97,6.27,60.23,west,0.6958720835372818,26.803394211995474,0.0,360.02063808009495,https://data.lroc.im-ldi.com/lroc/view_lroc/LRO-L-LROC-3-CDR-V1.0/M104362199RC
M104362199LC,2009-08-08,1.18,53.78,9.2,62.98,west,0.0,0.0,0.0,368.93466444105513,https://data.lroc.im-ldi.com/lroc/view_lroc/LRO-L-LROC-3-CDR-V1.0/M104362199LC
M102014464RC,2009-07-12,1.23,81.76,22.55,59.21,west,0.8275411975852505,0.0,0.0,409.105479295422,https://data.lroc.im-ldi.com/lroc/view_lroc/LRO-L-LROC-3-CDR-V1.0/M102014464RC
M102014464LC,2009-07-12,1.22,81.56,19.6,61.96,west,0.0,0.0,0.0,390.05549691889564,https://data.lroc.im-ldi.com/lroc/view_lroc/LRO-L-LROC-3-CDR-V1.0/M102014464LC
M102007306RC,2009-07-12,1.16,80.47,1.18,79.29,west,0.0,0.0,0.0,357.0866186920178,https://data.lroc.im-ldi.com/lroc/view_lroc/LRO-L-LROC-3-CDR-V1.0/M102007306RC
M102007306LC,2009-07-12,1.16,80.29,1.75,82.04,west,0.0,0.0,0.0,357.4693888062094,https://data.lroc.im-ldi.com/lroc/view_lroc/LRO-L-LROC-3-CDR-V1.0/M102007306LC
M102000149RC,2009-07-12,1.18,79.75,11.76,91.51,west,0.9198890520476424,0.0,0.0,365.34226119643154,https://data.lroc.im-ldi.com/lroc/view_lroc/LRO-L-LROC-3-CDR-V1.0/M102000149RC
M102000149LC,2009-07-12,1.19,79.56,14.7,94.26,west,0.0,0.0,0.0,389.99775545105683,https://data.lroc.im-ldi.com/lroc/view_lroc/LRO-L-LROC-3-CDR-V1.0/M102000149LC
